image_file,verbatimDate,verbatimDate_confidence,verbatimLocality,verbatimLocality_confidence
1709398.jpeg,27.IV.2022,0.542331009,"DENMARK: NEZ: Helsingør, Grønne Vestkile, 56.0375N, 12.5598E",0.607684147
1705937.jpeg,18.7 1965,0.298742043,V.Sjælland Røsnæs Kongstrup Kl,0.138626857
1705822.jpeg,MISSING,0.930885117,Øbjerggaard,0.597881176
1742998.jpeg,21-5-1956,0.416971810,JægersprisNord skov,0.206059412
1728459.jpeg,MISSING,0.460936647,Kb,0.953164595
1707402.jpeg,4/5 70,0.027823583,Bekkeskov,0.022179448
1707293.jpeg,19.5.1931,0.767502273,Sondrup,0.594316460
1744483.jpeg,MISSING,0.342706881,Øbjerggaard,0.407168839
1708366.jpeg,9-5-1914,0.120506214,Vamdrup,0.799881782
1705671.jpeg,MISSING,0.953758715,Veilø Bugt,0.345974538
1706305.jpeg,10-6.1957,0.099414974,Ratholme Jyll.,0.124070931
1705435.jpeg,27.5.22,0.986732343,Søllerød,0.827805396
1744708.jpeg,16.6.1984,0.320130343,Svinø strand,0.566689906
1707266.jpeg,23.7.1998,0.772255229,Dyrehaven,0.653134283
1707732.jpeg,MISSING,0.706605032,MISSING,0.495692634
1706407.jpeg,MISSING,0.849787814,Dronninglund,0.222991816
1707492.jpeg,21-6-1908,0.122882692,Tidsvilde,0.745816914
1706769.jpeg,15/8 1945,0.835528948,Gurre,0.281215520
1706988.jpeg,MISSING,0.805822977,Lolland,0.866126099
1707847.jpeg,6/6 92,0.080106093,Jægerspris,0.611842983
1706811.jpeg,15/8 1968,0.830181873,Jylland Ringkøbing: Vedersø Klit,0.204277054
1705914.jpeg,30-6-1912,0.919893907,Sandbjerg,0.768987572
1708046.jpeg,22/5 1928,0.062579570,Jægersborg Hegn,0.102682631
1706310.jpeg,1883,0.135359200,Nykøbing,0.105950288
1709011.jpeg,MISSING,0.588375265,Lolland,0.853352531
1709933.jpeg,9.4.1884,0.049508942,N. f. Sæby,0.244380115
1743557.jpeg,MISSING,0.396474689,Falster,0.804337678
1743005.jpeg,14.6.1990,0.415189451,Hammershus,0.359936344
1705495.jpeg,MISSING,0.979899970,MISSING,0.167441649
1708876.jpeg,26-10.1972,0.244380115,Marselisborg Dyreh,0.228933010
1706389.jpeg,1.7.2000,0.852758412,Lodskovvad,0.584810549
1706354.jpeg,MISSING,0.856917248,Ti,0.986732343
1708730.jpeg,24.9.1884,0.248241891,Randers,0.690563807
1728563.jpeg,MISSING,0.076541376,60f.,0.010594119
1705652.jpeg,7/1883,0.028120643,Vojens,0.914843892
1707536.jpeg,MISSING,0.734528645,MISSING,0.501633828
1707973.jpeg,Juni 1820,0.673037284,Sielland,0.814437708
1708746.jpeg,MISSING,0.628775386,Veile | Ve,0.367065778
1707717.jpeg,25-5-1914,0.708387390,Vamdrup,0.610060624
1742786.jpeg,MISSING,0.425883601,MISSING,0.437468930
1707615.jpeg,20.7.1929,0.190612307,Gml. Skagen,0.210515308
1706774.jpeg,18-6-1908,0.834637769,Tidsvilde,0.795128827
1708478.jpeg,MISSING,0.642737193,MISSING,0.483216126
1707621.jpeg,19.5.29,0.722349197,Faarhus,0.075056078
1708973.jpeg,7/9.1870,0.241706578,Hammeren Bornholm | Bo,0.296365565
1743757.jpeg,7/7 1930,0.053370718,Langø,0.063470749
1706130.jpeg,MISSING,0.887514398,Ti,0.988217642
1709922.jpeg,MISSING,0.484998484,Boserup,0.886920279
1709338.jpeg,19-9-1953,0.060797211,Dyrehaven,0.784137617
1707433.jpeg,29/5-19,0.745519855,Str. n. f. Røn.,0.242300697
1744572.jpeg,MISSING,0.124070931,Kb,0.943064565
1743797.jpeg,3/5-1942,0.376868748,Tisvilde Hegn ved Asserbo,0.187344650
1709425.jpeg,27.IV.2022,0.535201576,"DENMARK: NEZ: Helsingør, Grønne Vestkile, 56.0375N, 12.5598E",0.621348894
1705902.jpeg,2/6 1929. | 2/6 29,0.111000303,Kirkeby Svendborg Amt,0.086641406
1744537.jpeg,MISSING,0.124665050,SS,0.948411640
1709220.jpeg,28.9.1913,0.566095787,Dyrehaven,0.550945741
1708731.jpeg,24. 9. 1884,0.630854804,Randers,0.855729009
1743586.jpeg,MISSING,0.126150349,MISSING,0.331121552
1707808.jpeg,MISSING,0.132388603,Tl,0.026338284
1708004.jpeg,MISSING,0.131497423,Lolland,0.856620188
1707490.jpeg,30-6-1912 | 1829,0.026338284,Sandbjerg,0.746113974
1743925.jpeg,19.4.1973,0.356965747,Østjylland Klattrup syd f. Vejle,0.184968172
1707457.jpeg,10-5-50.,0.740469839,Dyrehaven,0.748193392
1705691.jpeg,MISSING,0.137735677,Bo,0.977523492
1709406.jpeg,27.IV.2022,0.539954532,"DENMARK: NEZ: Helsingør, Grønne Vestkile, 56.0375N, 12.5598E",0.624022431
1708473.jpeg,MISSING,0.131200364,MISSING,0.334686269
1707979.jpeg,MISSING,0.131794483,Kb,0.968017581
1707115.jpeg,27.7.1918,0.790672931,Dyrehaven,0.552133980
1706764.jpeg,18/8 1930.,0.836123068,"Jyll., Fellsted",0.054261898
1707247.jpeg,MISSING,0.135062140,MISSING,0.337062746
1744538.jpeg,MISSING,0.124367990,SS,0.916329191
1743973.jpeg,MISSING,0.125259169,MISSING,0.330230373
1708429.jpeg,21.X. 1976,0.650757805,"Sjælland Røsnæs, Kongstrup",0.192988784
1707676.jpeg,MISSING,0.132982722,MISSING,0.335874507
1706789.jpeg,26.6.1943,0.831964232,Vaserne Furesøen,0.294286147
1708764.jpeg,MISSING,0.625507730,MISSING,0.477869051
1706420.jpeg,17/6.1871,0.848302516,Dronninglund.,0.098226735
1743870.jpeg,29-7-49.,0.364095180,Asserbo,0.839390724
1710350.jpeg,26-8-1956,0.472819036,Nekselø S.,0.669175508
1706089.jpeg,MISSING,0.895535011,Veilø Bugt,0.358153986
1709876.jpeg,12/7.1870,0.145756290,Ørholm,0.899990906
1705615.jpeg,23-6-1961,0.963264626,"MidtJylland Galgehøj, Hjarbæk",0.198335859
1707975.jpeg,MISSING,0.672443165,MISSING,0.489454380
1710338.jpeg,23-6-1961,0.475789633,"MidtJylland Galgehøj, Hjarbæk",0.189127008
1708424.jpeg,10.9.1970,0.651946044,Læsø,0.893752652
1709166.jpeg,MISSING,0.572631100,MISSING,0.458560170
1728573.jpeg,MISSING,0.445192483,MISSING,0.438954229
1728514.jpeg,28/5 1916,0.452024856,Dragør,0.899396787
1707465.jpeg,18.5.34.,0.153182783,Herlev,0.913061534
1707636.jpeg,6/1871,0.263986056,Vendsyssel,0.121694453
1743864.jpeg,12-5-1907,0.365580479,Donse,0.923755684
1743768.jpeg,10/8 1930.,0.209030009,"Jyll., Holmsld",0.282403759
1708445.jpeg,23.10.1971,0.647787208,"N-JYLLAND SKAGEN, STRANDKANT",0.043864808
1706086.jpeg,3/6.1870,0.896129130,Rørvig,0.018317672
1706783.jpeg,26.6.1943,0.833152470,Vaserne Furesøen,0.299633222
1743763.jpeg,9/8 1930.,0.209327069,"Jyll., Sdr. Bork.",0.200118218
1706254.jpeg,23.6.1973,0.870284935,FEDDET PRÆSTØ | DANMARK,0.345083359
1705871.jpeg,27/6 1938,0.054856017,Skallingen,0.683731434
1707451.jpeg,21-5-49.,0.742252198,Eremitagen,0.678087299
1705454.jpeg,MISSING,0.984652925,Veilø Bugt,0.414595332
1707537.jpeg,MISSING,0.734231585,MISSING,0.501336769
1705563.jpeg,30-6 1912 | 1802,0.026041225,Sandbjerg,0.415189451
1706049.jpeg,2.8.1925,0.901179145,Borum Bæk,0.365580479
1709823.jpeg,25.6.32,0.226259473,Kandestederne,0.045944226
1708734.jpeg,24.9.1884,0.141894513,Randers,0.855134889
1708003.jpeg,MISSING,0.666799030,Lolland,0.856917248
1728528.jpeg,7/6-1941,0.451430737,Saltholm,0.810278872
1744687.jpeg,10-5-1956,0.323100940,Kongelunden,0.618675356
1744704.jpeg,19-6-1954,0.321318581,Dragsholm Str.,0.227447711
1706523.jpeg,MISSING,0.837311306,MISSING,0.516189754
1709066.jpeg,11/9 1935 | 11/9 35,0.179026978,Thurø Svendborg Amt | Tø,0.316268566
1706771.jpeg,19-7-1908,0.835231888,Rungsted,0.700960897
1744574.jpeg,MISSING,0.333795089,Kb,0.942470446
1709380.jpeg,23-10-1955,0.545895726,Dyrehaven,0.721458018
1744640.jpeg,7.5.33,0.200415277,Frederiksdal p. Harpelunde,0.087532586
1706255.jpeg,24.6.1975,0.869987875,GRØNNINGEN FANØ | DANMARK,0.326962716
1718184.jpeg,MISSING,0.462719006,Dyrehaven,0.778196423
1708907.jpeg,22.8.1915,0.602040012,Horsens,0.643925432
1707053.jpeg,21-5-49,0.797208245,Eremitagen,0.679572598
1705779.jpeg,22.5.1984,0.936529251,Bøtø plt.,0.296662625
1708927.jpeg,22.8.25,0.042379509,Thorsager,0.547678084
1706870.jpeg,22.6.72,0.153776902,Liseleje vest,0.033467717
1709118.jpeg,11.10.31,0.577978175,Eremitagen,0.558669294
1709091.jpeg,11-9-1910,0.579760533,Dyrehaven,0.734528645
1708777.jpeg,MISSING,0.623131252,MISSING,0.475195514
1709146.jpeg,26.8.87,0.575601697,Harboør,0.647490149
1708026.jpeg,12/10.1908,0.664125493,Kjeldskov,0.685810852
1709441.jpeg,24.9. 1922,0.532230979,Holte,0.921676266
1705800.jpeg,4.6.19,0.934746893,Thorsager,0.798099424
1706034.jpeg,20.VII.2021,0.903258563,"DENMARK: NWJ, Hjelm Hede (west), 56.48N, 8.89E, 16 m",0.629666566
1706235.jpeg,30.5 1964,0.191800546,V.Sjælland Røsnæs Kongstrup Kl,0.204574113
1742741.jpeg,MISSING,0.434795393,Dyrehaven,0.317159745
1708745.jpeg,10/1872,0.120209154,Veile,0.597584116
1728531.jpeg,24-9-60.,0.450539557,Eremitagen,0.667096090
1709116.jpeg,14-9-58.,0.578275235,Dyrehaven,0.733934526
1709109.jpeg,6-9-49.,0.238438921,Sønderskov. Høvelte,0.226259473
1706458.jpeg,14/6.1871.,0.284483177,Jydske As,0.089612004
1705766.jpeg,23-5-1915,0.171897545,Skagen,0.909199758
1743555.jpeg,MISSING,0.397068809,MISSING,0.432121855
1709580.jpeg,MISSING,0.510545620,MISSING,0.449648378
1706114.jpeg,MISSING,0.890484995,MISSING,0.166550470
1707924.jpeg,5.7.1905,0.055450136,Øreborg,0.044458927
1709072.jpeg,8/9.1895 | 20/8,0.022773568,Dyrehaven,0.735122764
1707486.jpeg,25-5-1914 | 1829,0.025150045,Vamdrup,0.860481964
1707889.jpeg,30.3.1975.,0.685513792,Harrild hede,0.573522279
1709874.jpeg,12/7.1870,0.493613216,Ørholm,0.900287966
1707582.jpeg,16-VII-1978,0.064361928,GL.-Rye JØ,0.368551076
1707714.jpeg,MISSING,0.708684450,MISSING,0.496583813
1709926.jpeg,MISSING,0.070303122,Røgbølle,0.035844195
1707439.jpeg,9/5-20.,0.744034556,Børstinge Mose,0.372709912
1709114.jpeg,27-9-58.,0.578572295,Eremitagen,0.671849045
1707238.jpeg,MISSING,0.779087602,MISSING,0.508169142
1706792.jpeg,27-8-1911 | 1855-,0.025744165,Asminderød,0.613328281
1743943.jpeg,d. 12 VIII 1972,0.176056381,Jæ.Dyrehave Sj.,0.104464989
1707707.jpeg,21/6 83,0.158826917,Esbjerg,0.147835708
1705522.jpeg,30.5.96,0.310327372,Tandskov,0.173085784
1707526.jpeg,1/6 86.,0.037032434,Harboør,0.276165505
1705413.jpeg,14.6.1898,0.990000000,Tisvilde,0.822755380
1706208.jpeg,17-6-1924,0.051885420,Dyrehaven,0.654619582
1705701.jpeg,MISSING,0.949302819,SS,0.989108821
1707036.jpeg,1/6 1930,0.048617763,Dyrehaven,0.758887542
1707563.jpeg,21-6-1956,0.729181570,V.F. Høvblege Møn,0.143379812
1743881.jpeg,Aug 1934,0.204871173,Tange v. Ribe,0.061391331
1744529.jpeg,MISSING,0.341815702,Falster,0.838796605
1705885.jpeg,24/8-1941,0.923458624,Hampen,0.645707790
1706145.jpeg,3/6.1870.,0.883949682,Rønne | Bo,0.648084268
1706116.jpeg,MISSING,0.890187936,MISSING,0.166253410
1705503.jpeg,MISSING,0.978117611,MISSING,0.538469233
1743977.jpeg,19.9.75.,0.352509851,MISSING,0.425586541
1708836.jpeg,MISSING,0.613922401,MISSING,0.468363140
1705606.jpeg,MISSING,0.964452865,MISSING,0.534310397
1709278.jpeg,MISSING,0.561936951,Kb,0.963561685
1708753.jpeg,MISSING,0.627290088,Veile Bøije. | Ve,0.027823583
1728594.jpeg,9.V.1992,0.440736587,Høstemark NEJ,0.273789027
1707390.jpeg,MISSING,0.749381631,Boserup,0.267847833
1708681.jpeg,1.11.33.,0.639172477,Ingemannsvej Frederiksberg,0.127635647
1742745.jpeg,MISSING,0.433904213,Dyrehaven,0.776711125
1707538.jpeg,MISSING,0.733934526,MISSING,0.501039709
1709045.jpeg,MISSING,0.584810549,MISSING,0.463313125
1705870.jpeg,27/6 1984,0.059014853,Skallingen,0.684028493
1707310.jpeg,4. 5. 1938,0.765422855,Vesterris,0.547975144
1728490.jpeg,1. 6. 14,0.147241588,Silkeby,0.064064868
1709456.jpeg,15. 10. 1928.,0.531636860,Estrup Skov,0.312109730
1706854.jpeg,27/6 71,0.029605941,MISSING,0.515892695
1742818.jpeg,29/5. 1917,0.164768112,Vester Ulslev - Kjeldskov,0.136844498
1706272.jpeg,6/7 15,0.034655956,MISSING,0.522130949
1709245.jpeg,16/4.1870,0.234874204,Dyrehaven,0.785028797
1706077.jpeg,4. 5. 1938.,0.896723249,Vesterris,0.384295241
1707999.jpeg,MISSING,0.667690209,Danmark,0.857808427
1744646.jpeg,12.5-1957,0.326368597,Saltholm,0.805525917
1708955.jpeg,9/9.1872,0.157935738,Dyrehaven,0.787108215
1709778.jpeg,28.IX.1988,0.503713246,NEZ UB58 HARESKOV,0.100009094
1743753.jpeg,26/5 27,0.085156108,Gandløse Ore,0.121397393
1705644.jpeg,8.8.1936,0.958808730,Arnager,0.037626554
1709004.jpeg,16/4.1870,0.188829948,Dyrehaven,0.651351925
1708747.jpeg,MISSING,0.628478327,Ve,0.965938163
1705744.jpeg,28-6-53,0.941876326,Vestr. Sømark,0.259233101
1709463.jpeg,26. 9. 1931,0.530745681,Virklund,0.603228251
1705812.jpeg,MISSING,0.932964535,Dyrehaven,0.370927554
1744706.jpeg,27. 3. 1978.,0.320724462,Myrthue,0.542331009
1708425.jpeg,8-9-1970 | 8-9-1970 | 8-9-1970,0.028714762,Løsø | Løsø | Løsø,0.026041225
1705790.jpeg,25.6.1913,0.935638072,Ermelunden,0.386077599
1707569.jpeg,21-6-1956,0.727696272,V.f. Høvblege Møn,0.234874204
1709804.jpeg,1.5.1949,0.227150652,Jonstrup Sjæll.,0.122288572
1705545.jpeg,13/6 1929 | 13/6 29,0.109217945,"Engene, Svb. Svendborg Amt | E",0.096444377
1707993.jpeg,8/5.1870,0.668878448,Dyrehaven,0.319536223
1744705.jpeg,7.5.1977,0.321021522,Svinø strand,0.407465899
1705746.jpeg,8-7-60,0.941579266,Vstr. Sømark,0.546192786
1708819.jpeg,MISSING,0.618378296,MISSING,0.472521976
1708470.jpeg,MISSING,0.644222492,MISSING,0.484701425
1710374.jpeg,23.7-44,0.221209457,DANMARK | Stasevang,0.705416793
1707913.jpeg,13.6.1913,0.680463777,Ermelunden,0.399445286
1708697.jpeg,MISSING,0.636795999,MISSING,0.481136708
1743820.jpeg,16.6.1929,0.207247651,Lellinge skov,0.427665959
1744652.jpeg,11.5-1913,0.088720824,Avedøre,0.591345862
1710395.jpeg,7-5.1911,0.219724159,Dyreh.,0.299039103
1705861.jpeg,8.1900,0.087235526,Gelsskov,0.279730221
1705592.jpeg,2/6-19.,0.966235223,Hammeren,0.822161261
1705450.jpeg,29/5.1870,0.193879964,Dyrehaven,0.772552289
1709908.jpeg,MISSING,0.487672022,MISSING,0.446083662
1743035.jpeg,27.IV.2022,0.410436496,"DENMARK: NEZ: Helsingør, Grønne Vestkile, 56.0375N, 12.5598E",0.619566535
1705919.jpeg,24-7-61.,0.919299788,Jydelejet. Møn.,0.243488936
1708774.jpeg,94.9.,0.012376478,MISSING,0.476086693
1709899.jpeg,MISSING,0.489454380,Kb,0.980494089
1707475.jpeg,8-6-1914,0.738390421,Vamdrup,0.861076084
1709749.jpeg,MISSING,0.508763262,MISSING,0.449351319
1705672.jpeg,MISSING,0.953461655,Veilø Bugt,0.114565020
1707935.jpeg,15.10.21,0.676899060,Dyrehaven,0.741658078
1706778.jpeg,19-7-1908 | 1835,0.024852986,Rungsted,0.700663838
1709037.jpeg,9/9 72,0.240518339,Dyrh,0.829290694
1744586.jpeg,MISSING,0.331715671,MISSING,0.423804183
1709203.jpeg,22.9.1996,0.567581085,Dyrehaven,0.729478630
1706222.jpeg,12-6-43,0.875334950,Sandbjerg,0.763046378
1743595.jpeg,19.4.89,0.092879661,Odense,0.896723249
1705481.jpeg,7/1865.,0.981088209,Dyrehaven | Kb,0.596989997
1706148.jpeg,MISSING,0.883058503,Kb,0.987029403
1705656.jpeg,15.7.37.,0.956729312,Sose,0.833152470
1706464.jpeg,5/1871.,0.037626554,Jydske Aas Vendsyssel,0.119912095
1709188.jpeg,29-8-1952,0.570254623,Dyrehaven,0.732152167
1709562.jpeg,V. 00.,0.094959079,Saaby.,0.015644135
1707248.jpeg,MISSING,0.776711125,Dyrehaven,0.792455289
1709940.jpeg,9/9. 1901,0.222694756,Kjeldskov Vester Ulslev,0.086047287
1744692.jpeg,lo-5-1956,0.034061837,Kongelunden,0.341518642
1707943.jpeg,6/1870,0.152588663,Dyrehaven,0.741063959
1709892.jpeg,MISSING,0.490939679,Kb,0.981088209
1743578.jpeg,MISSING,0.392315853,Sielland,0.824537739
1705996.jpeg,23.7.44,0.909496817,Stasevang | DANMARK,0.706010912
1705424.jpeg,29.7.1928.,0.988514701,rg. Østenfjeld,0.120209154
1707805.jpeg,6/1862.,0.132685662,Ti | Kulhuset Jægerspris,0.609466505
1705436.jpeg,27.5.22,0.155262201,Søllerød,0.565501667
1728475.jpeg,MISSING,0.457074871,MISSING,0.442221885
1707282.jpeg,17.6.1924,0.768987572,Slotved Skov,0.588672325
1707953.jpeg,6/1870,0.102979691,Dyrehaven,0.790078812
1708824.jpeg,MISSING,0.616892998,MISSING,0.471036678
1742785.jpeg,MISSING,0.426180661,MISSING,0.437765990
1705942.jpeg,23-6-1961,0.915438012,Hjarbæk,0.606495908
1705860.jpeg,MISSING,0.925240982,MISSING,0.528369203
1742994.jpeg,13-7-1951,0.417565929,Dragstrup,0.712546226
1706220.jpeg,17-6-1922,0.875632010,Dyrehaven,0.763640497
1743995.jpeg,26-7-1951,0.348945135,Nivå,0.928508639
1708704.jpeg,MISSING,0.635607760,MISSING,0.479651410
1706889.jpeg,20.VII.2021,0.817705365,"DENMARK: NWJ, Hjelm Hede (west), 56.48N, 8.89E, 16 m",0.628478327
1706876.jpeg,26-7-1951,0.819784783,Nivå,0.935043953
1709100.jpeg,Sptbr 1936,0.095850258,Saltholm,0.825131858
1707998.jpeg,MISSING,0.667987269,MISSING,0.162094574
1705428.jpeg,8.9.1883,0.987623522,Husum,0.773443468
1709206.jpeg,10-9-1972,0.566689906,VESTER MØLLE,0.301415580
1728534.jpeg,12-9-61.,0.449648378,Eremitagen,0.666204911
1709216.jpeg,28.9.1913,0.187938769,Dyrehaven,0.551242801
1708873.jpeg,26-10-1972,0.607981206,Marselisborg Dyreh,0.199821158
1706503.jpeg,MISSING,0.839390724,Tiis-Sø,0.397365868
1743737.jpeg,31-7-94,0.209624129,Fugelmosen,0.021288269
1743851.jpeg,10-5-63,0.367659897,Faxe,0.932073356
1744531.jpeg,3/6.1870.,0.341221582,Bo | Stranden ved Byå Rønne,0.111594423
1708379.jpeg,5-4-50.,0.657293119,Sønderskov. Høvelte,0.226853592
1744587.jpeg,Juni 1830.,0.331418612,Sielland,0.824240679
1709154.jpeg,17/9 75,0.036735374,MISSING,0.461233707
1709516.jpeg,MISSING,0.520645650,Kb,0.958511670
1709282.jpeg,MISSING,0.561342831,Kb,0.963264626
1706193.jpeg,7/6 1937 | 7/6 37,0.116941497,Ærø Svendborg Amt,0.077432555
1706063.jpeg,5.6.22,0.898505608,Dyrehaven,0.234280085
1708456.jpeg,14.9.09,0.250024250,Skagen,0.696207942
1709743.jpeg,12/7 86 | 11/4 91,0.064064868,MISSING,0.012970597
1706015.jpeg,13.6.1950,0.171006366,Langå Jyll.,0.046538345
1709762.jpeg,12-4-1952,0.506089724,Haveskov,0.075947257
1705936.jpeg,11.5.49.,0.299039103,Herlev,0.907120339
1709875.jpeg,12/7.1870,0.223882995,Ørholm,0.378354047
1708785.jpeg,MISSING,0.621943013,MISSING,0.474304335
1708985.jpeg,MISSING,0.593722340,MISSING,0.160609276
1708922.jpeg,10.10.1884,0.599663534,Erlev,0.737202182
1705492.jpeg,29/5. 1870,0.310921491,Dyrehaven,0.772255229
1742771.jpeg,MISSING,0.428557139,Kb,0.950491058
1742738.jpeg,MISSING,0.435686572,Dyrehaven,0.713734465
1743872.jpeg,16-4-49,0.363798121,Lillerød,0.388157017
1706173.jpeg,20/6 75,0.294286147,Jydske Ås,0.078620794
1708832.jpeg,MISSING,0.615110640,MISSING,0.469551379
1709088.jpeg,12-9-1914,0.580057593,Vamdrup,0.799584723
1710390.jpeg,7-5-1911,0.220318278,Dyreh,0.061094271
1709962.jpeg,12/7 1939. | 12/7 39,0.091691422,Ærø Svendborg Amt,0.079214914
1708860.jpeg,26.10.72,0.245271294,Marselisb. Sk.,0.297553804
1707002.jpeg,MISSING,0.802258260,MISSING,0.512625038
1709981.jpeg,26-7-1968,0.221803577,kragnos F 18,0.089017884
1742789.jpeg,MISSING,0.425586541,Lolland,0.845331919
1705956.jpeg,16.6.1929,0.913952713,Wellinge skov,0.285968475
1708722.jpeg,20.10.1946,0.632637163,Salten,0.385186420
1706473.jpeg,MISSING,0.844737799,Al,0.837014247
1706887.jpeg,20.VII.2021,0.818299485,"DENMARK: NWJ, Hjelm Hede (east), 56.48N, 8.91E, 20 m",0.315971507
1707564.jpeg,21-6-1956,0.728884510,V.F. Høvblege Møn,0.143082752
1744549.jpeg,MISSING,0.338845105,Kb,0.946926341
1707442.jpeg,3/7 1898,0.743737496,Kulhuse,0.587187026
1744475.jpeg,MISSING,0.344786299,Øbjerggård,0.636498939
1708841.jpeg,19.1.1990,0.612734162,Høgdal v. Them,0.237250682
1707828.jpeg,MISSING,0.695019703,SS | Øbjerggård Næstved,0.347756896
1707826.jpeg,MISSING,0.695316763,SS | Øbjerggård Næstved,0.335577448
1743019.jpeg,27.IV.2022,0.412218854,"DENMARK: NEZ: Helsingør, Grønne Vestkile, 56.0375N, 12.5598E",0.619863595
1728448.jpeg,3/6.1870,0.052182480,Bo | ved Byen Rønne,0.069411943
1706111.jpeg,7/6.1870,0.170412246,Rø Bornholm,0.590157624
1709904.jpeg,MISSING,0.488860261,MISSING,0.157935738
1707832.jpeg,6/62,0.103573810,Kulhuset Jægerspris,0.122585632
1707944.jpeg,6/1870,0.258638982,Dyrehaven,0.740766899
1743917.jpeg,13-7-1963,0.357856926,Nødebohuse Halsnæs,0.237844801
1709806.jpeg,26.9. 1948,0.499554410,Dyrehaven Själl.,0.209327069
1707645.jpeg,MISSING,0.718487420,Møen,0.410436496
1728582.jpeg,10.6.1979,0.442816005,Østrig,0.898505608
1705681.jpeg,3/6.1870,0.161797514,Rønne,0.927617460
1705622.jpeg,14-5-1954,0.962076387,Kulhuse,0.801070021
1706823.jpeg,24.3.1970,0.828993634,Østjylland Klattrup syd f. Vejle,0.203979994
1728460.jpeg,MISSING,0.460639588,Kb,0.952867536
1743573.jpeg,MISSING,0.393207032,SS,0.979305850
1706141.jpeg,MISSING,0.885137921,Bo,0.919596848
1707287.jpeg,22.5.1915,0.768096393,Tg. Ry Nørreskov,0.048914823
1706863.jpeg,19-8-1962,0.822161261,"NØ, KONGELUNDEN 46",0.058717793
1708911.jpeg,5.9.1918,0.601148833,Tg. Bøller,0.024555926
1709416.jpeg,27.IV.2022,0.536983935,"DENMARK: NEZ: Helsingør, Grønne Vestkile, 56.0375N, 12.5598E",0.454104274
1708674.jpeg,13/10-18,0.640063656,Rude Hegn,0.661154895
1744622.jpeg,23/7.1906,0.015347075,Handermølle Strand,0.098523795
1709041.jpeg,9/9.72,0.239924219,Dyrh,0.804931798
1709770.jpeg,20-5-1956,0.228635950,JægersprisNord skov,0.075353137
1708996.jpeg,MISSING,0.591048803,MISSING,0.465986663
1707930.jpeg,13.5.1938,0.677493180,Aasø,0.830181873
1743952.jpeg,8-9-1970,0.353995150,Læsø,0.053370718
1707893.jpeg,24-III-1975,0.684325553,Tykskov krat,0.573225220
1706331.jpeg,MISSING,0.860481964,MISSING,0.520645650
1709411.jpeg,27.IV.2022,0.538469233,"DENMARK: NEZ: Helsingør, Grønne Vestkile, 56.0375N, 12.5598E",0.623131252
1707242.jpeg,MISSING,0.778196423,MISSING,0.507277963
1743792.jpeg,11/9 1935 | 11/9 35,0.072085480,Thurø Svendborg Amt | Tø,0.278541982
1743848.jpeg,16/9.1940,0.368551076,St. Annae Plads,0.066738406
1707502.jpeg,23-6-1961,0.737202182,Hjarbæk,0.419051228
1706041.jpeg,20.5.34,0.296365565,Reersø,0.914249773
1705510.jpeg,MISSING,0.976632313,Lolland,0.879196726
1709084.jpeg,11-9-1910,0.083670809,Dyrehaven,0.734825705
1743018.jpeg,19.V.2022,0.412515914,"Denmark: Samsø: EJ: Følsdal Bakke, 55.9922N, 10.5515E, h30m",0.561045771
1709820.jpeg,18.7.1926,0.226853592,Thorsager,0.685513792
1708449.jpeg,22/6 87 | 6/5 88,0.065253107,Harb | Harb,0.119317975
1743727.jpeg,5-6-18,0.209921188,Lasaa. Bornh.,0.094959079
1709046.jpeg,MISSING,0.584513489,MISSING,0.463016065
1710333.jpeg,23-6-1961,0.477274932,"MidtJylland Galgehøj, Hjarbæk",0.190612307
1708677.jpeg,1/5.1942,0.249430130,Ø.Assels Mors,0.091988481
1705584.jpeg,13. vi. 1978,0.967423462,"NWZ, PG 27 Røsnæs, Kongstrup",0.110109124
1709400.jpeg,27.IV.2022,0.541736890,"DENMARK: NEZ: Helsingør, Grønne Vestkile, 56.0375N, 12.5598E",0.625210670
1706280.jpeg,26-8-1956,0.867017278,Nekselø V.,0.682543195
1705663.jpeg,MISSING,0.954946954,Veilø Bugt,0.095553198
1743715.jpeg,27/5.1901,0.210515308,Vester Ulslev Haven,0.179026978
1707044.jpeg,5-6-1921,0.048320703,Dyrehaven,0.653728403
1705842.jpeg,MISSING,0.928211579,Lolland,0.873849651
1709854.jpeg,12.8.22,0.044458927,Thorsager,0.778790543
1742781.jpeg,MISSING,0.427071840,MISSING,0.155262201
1744635.jpeg,27/7-1933 | 27.7.33,0.026932404,Skallingen,0.692049106
1707574.jpeg,12.6.1999,0.726805092,Tolne Bakker,0.411030615
1706124.jpeg,MISSING,0.888702637,MISSING,0.524507426
1709149.jpeg,19/9 75,0.073867839,MISSING,0.462124886
1707997.jpeg,MISSING,0.668284329,MISSING,0.162391634
1706883.jpeg,7-19/7 1997,0.818596544,"B, Almindingen, Svinemose",0.133279782
1708945.jpeg,17/9.1870,0.059906032,Bornholm,0.578869354
1709240.jpeg,16/4.1870,0.075947257,Dyrehaven,0.391721734
1743990.jpeg,26-7-1961,0.059311913,Nivå,0.929696878
1708349.jpeg,6/6-1942,0.660263716,Bornholm,0.370036375
1728533.jpeg,28-5-61.,0.449945438,Eremitagen,0.666501970
1709137.jpeg,23.9.1978,0.056044256,DANMARK | RISØ ROSKILDE,0.323695059
1706838.jpeg,19-9-1953,0.280027281,Dyrehaven,0.643034253
1709234.jpeg,8.10.21,0.564313428,Dyrehaven,0.785622916
1709547.jpeg,MISSING,0.514407396,MISSING,0.452618975
1705906.jpeg,17/6 1923,0.921082146,Ravneholm Ggr.,0.385780540
1708395.jpeg,19.10.28.,0.654916641,Grib Skov.,0.610951804
1728576.jpeg,MISSING,0.444598363,MISSING,0.438360109
1706136.jpeg,29/5.1870,0.295177326,Dyrehaven | Kb,0.701257957
1709939.jpeg,15/7.1900,0.165065171,Vester Ulslev Haven,0.236062443
1708009.jpeg,4/5 1888.,0.181403456,København,0.789781752
1707221.jpeg,28-8-1976,0.782355259,Krenkerup,0.686404971
1742739.jpeg,MISSING,0.435389512,Dyrehaven,0.240221279
1705523.jpeg,6/92,0.310030312,Rold,0.034953016
1706888.jpeg,20.VII.2021,0.818002425,"DENMARK: NWJ, Hjelm Hede (west), 56.48N, 8.89E, 16 m",0.628775386
1707704.jpeg,MISSING,0.709278569,MISSING,0.496880873
1706302.jpeg,18.6.1950,0.099712034,Langå Jyll.,0.350133374
1708382.jpeg,17-9-49.,0.656401940,Grib Skov.,0.673037284
1707246.jpeg,MISSING,0.777008184,MISSING,0.506089724
1705893.jpeg,Aug 1934,0.299633222,Tange v. Ribe.,0.364986360
1705637.jpeg,24-7-1972,0.959996969,EJSTRUPHOLM,0.630854804
1744445.jpeg,14.5.1947,0.201603516,Juelsminde,0.047726584
1707083.jpeg,29-5-1951,0.792752349,Dyrehaven,0.755916945
1709122.jpeg,19-9-1953,0.577086996,Dyrehaven,0.733043346
1707952.jpeg,6/1870,0.257747802,Dyrehaven,0.790375871
1705512.jpeg,MISSING,0.976038193,Lolland,0.878602607
1709477.jpeg,MISSING,0.528666263,Dyrehaven,0.782949379
1707236.jpeg,MISSING,0.779681722,MISSING,0.508763262
1706891.jpeg,20.VII.2021,0.817408306,"DENMARK: NWJ, Hjelm Hede (west), 56.48N, 8.89E, 16 m",0.603822370
1707995.jpeg,MISSING,0.668581388,MISSING,0.489157320
1709455.jpeg,4. 11. 1936,0.531933919,Starsbøl,0.068817824
1706181.jpeg,6. 73,0.029903001,Odense,0.905635041
1744627.jpeg,23/1 1936. | 23/1 36,0.091097302,Rudkøbing Svendborg Amt | Ru,0.580057593
1705534.jpeg,21/7.1920,0.309733253,Hammer Bakker Vendsyssel,0.117535617
1706052.jpeg,14.5.1938.,0.900585026,Orø,0.225962413
1743731.jpeg,MISSING,0.384295241,MISSING,0.428854198
1705595.jpeg,27/8 87 | 5/81.,0.063767808,Bornh. | K.,0.018020612
1709882.jpeg,MISSING,0.492424977,Falster,0.849787814
1708442.jpeg,13-4-1963,0.648381328,Nødebohuse Halsnæs,0.255965444
1706993.jpeg,MISSING,0.804634738,Lolland,0.864937860
1707525.jpeg,13/6 1954.,0.265174295,"Ørgaard Nors, Thy",0.272006669
1708969.jpeg,MISSING,0.595801758,Kb,0.964452865
1708717.jpeg,24-III-1975,0.632934222,Tykskov krat,0.572334041
1706318.jpeg,6/1869,0.290424371,Rørvig,0.394692331
1707700.jpeg,MISSING,0.710169748,MISSING,0.497772052
1706230.jpeg,1-6-50,0.873849651,Hestehaven. Hillerød,0.219724159
1709777.jpeg,23-9-1956,0.504010306,Boserup,0.850976053
1709242.jpeg,16/4.1870,0.563422249,Dyrehaven,0.323100940
1705560.jpeg,17-6-1922,0.970691119,Dyrehaven,0.771661109
1706128.jpeg,MISSING,0.888108518,Ti,0.837608366
1743540.jpeg,MISSING,0.399742346,Øbjerggård,0.637390118
1743944.jpeg,d. 12 VIII 1972.,0.175759321,Jæ. Dyrehave Sj.,0.217347681
1706488.jpeg,MISSING,0.841767202,Al,0.411327675
1705773.jpeg,3/6 70,0.084561988,MISSING,0.338845105
1707921.jpeg,13.5.1938,0.678681419,Tranekjær,0.551539861
1708675.jpeg,15/10 1893,0.639766596,Geels Skov,0.362312822
1706167.jpeg,1/8 -1901,0.878899667,Sandager Lolland,0.313595029
1743020.jpeg,18.5. 1947,0.184968172,Saltholm,0.808793574
1728562.jpeg,MISSING,0.447568960,MISSING,0.441330706
1705588.jpeg,25-7-97.,0.307059715,Rude Hegn,0.297256744
1707495.jpeg,5.6.72,0.039705972,Dyrehaven,0.392315853
1709237.jpeg,8.10.21,0.564016369,Dyrehaven,0.555104577
1709967.jpeg,17.9.1918,0.059608972,Ringkjøbing Fjord.,0.152885723
1708916.jpeg,10. 10. 1884,0.243488936,Erlev,0.880979085
1706187.jpeg,2/6 1895,0.023070627,Tiis Sø,0.596098818
1706864.jpeg,19-8-1962,0.821864201,"NØ,KONGELUNDEN",0.100603213
1705837.jpeg,MISSING,0.929399818,Boserup,0.874740831
1743532.jpeg,8.7.1883,0.156747499,Husum,0.116644438
1742825.jpeg,13/5 1892,0.421130646,Horsens,0.843549560
1709280.jpeg,MISSING,0.561639891,Kb,0.981385268
1709834.jpeg,28.7.1923,0.495989694,Thorsager,0.717299182
1728513.jpeg,1/6 1920,0.452321916,Gudhjem,0.845628978
1705543.jpeg,22/6 1939. | 22/6 39,0.309436193,Vornæs? Svendborg Amt | Vø,0.094067899
1710387.jpeg,5.VI.2011,0.465986663,Emborg EJ,0.389939376
1705678.jpeg,3/6.1870,0.143676872,Rønne,0.245271294
1708825.jpeg,MISSING,0.616595938,MISSING,0.470739618
1709047.jpeg,MISSING,0.584216429,MISSING,0.462719006
1707527.jpeg,19.5.86. | 29.5.88 | 4.6.95,0.173679903,K. | Harb. | Vindrup,0.073273719
1706425.jpeg,17/6.1871,0.847708396,Dronninglund,0.122882692
1743045.jpeg,19.9.1897,0.408654138,Dyrehaven,0.711060928
1709564.jpeg,22/4 1900,0.081888451,Geel skov,0.079511973
1708703.jpeg,MISSING,0.635904820,MISSING,0.479948469
1707640.jpeg,MISSING,0.719081540,Møen,0.939499848
1728487.jpeg,Juni. 14,0.157341619,Silkebg,0.312703850
1743850.jpeg,10-5-63,0.367956957,Faxe,0.932370415
1728578.jpeg,14-5-1954,0.444004244,Jægerspris Nordskov,0.149915126
1705580.jpeg,28-5-1965,0.968314641,V.Sjælland Røsnæs Kongstrup Kl,0.138329797
1707933.jpeg,15.10.21,0.677196120,Dyrehaven,0.539657472
1707556.jpeg,26-6-1955,0.730963928,Lindholm,0.817408306
1709377.jpeg,12-10-1952,0.546786905,Dyrehaven,0.722052137
1708906.jpeg,22.8.1915,0.167144589,Horsens,0.685216732
1710348.jpeg,19-7-1959,0.473413156,S.Sjælland Mogenstrup,0.212297666
1744638.jpeg,5-5-55.,0.326962716,Boserup Strand,0.256856623
1706991.jpeg,MISSING,0.805228857,Lolland,0.865531979
1707169.jpeg,MISSING,0.788890573,MS,0.836123068
1707164.jpeg,MISSING,0.789484692,MS,0.984949985
1709329.jpeg,23-10-57.,0.551539861,Eremitagen,0.670660806
1728567.jpeg,MISSING,0.446974841,MISSING,0.440736587
1706027.jpeg,19.V.2022,0.905040921,"Denmark: Samsø: EJ: Følsdal Bakke, 55.9922N, 10.5515E, h30m",0.563719309
1743705.jpeg,22/4 1900,0.387859958,Geelskov,0.388454077
1707398.jpeg,14.V.89.,0.748490452,Sondbg,0.041488330
1744472.jpeg,MISSING,0.345380418,Øbjerggaard,0.328745074
1708918.jpeg,25. 9. 1939,0.062282510,Tisvilde,0.648381328
1709326.jpeg,13-4-49,0.552431040,Dyrehaven,0.726210973
1706754.jpeg,29/8 1927.,0.837014247,Hareskov By.,0.309139133
1707848.jpeg,MISSING,0.132091543,MISSING,0.335280388
1708337.jpeg,4/4 1928,0.662046075,"Langeld., Rudkb.",0.139220976
1709977.jpeg,17-7-51.,0.479948469,Stubbergaard. Sevel.,0.137141558
1708733.jpeg,24. 9. 1884,0.630557745,Randers,0.855431949
1706971.jpeg,MISSING,0.809090634,Kb,0.973958775
1742980.jpeg,MISSING,0.419942407,MISSING,0.435092452
1744653.jpeg,10-6-1911,0.141003334,Sørup Hegn,0.298444983
1709938.jpeg,26/8.1896,0.222991816,Ålbæk,0.880384965
1706447.jpeg,14/6.1871,0.169521067,Dronninglund Sønderskov,0.021882389
1708882.jpeg,26-10-1972,0.145162170,Marselisborg Dyrh.,0.109217945
1744479.jpeg,MISSING,0.343895120,Øbjerggaard,0.597287057
1706161.jpeg,MISSING,0.879790846,Lolland,0.869096696
1707724.jpeg,24-5-1974,0.707793271,Skallingen,0.676007881
1708028.jpeg,22/5.1906,0.256856623,Kjeldskov,0.789484692
1705581.jpeg,10.6 1965,0.307356775,V.Sjælland Røsnæs Kongstrup Kl,0.204871173
1743535.jpeg,20. 7. 1910,0.400039406,Povlsens Have,0.174868142
1708808.jpeg,28/9 84.,0.103870870,Tebbestrup Bk.,0.263986056
1728470.jpeg,5/1870,0.457966050,Kjøbenhavns Omegn.,0.261906638
1706158.jpeg,MISSING,0.880682025,Lolland,0.869987875
1708842.jpeg,9. 4. 1977.,0.612437102,Harrild hede,0.571739921
1706024.jpeg,19.V.2022,0.905635041,"Denmark: Samsø: EJ: Følsdal Bakke, 55.9922N, 10.5515E, h30m",0.580948772
1707358.jpeg,MISSING,0.755916945,Kb,0.972176417
1709851.jpeg,18.6.21,0.224774174,Høbjerg,0.314783268
1708893.jpeg,9-10-1972,0.603822370,MARSELISBORG,0.568472264
1708736.jpeg,24.10.34,0.629963625,Tisvilde,0.812952410
1707781.jpeg,6/1862,0.121991513,Jægerspris,0.030497120
1742753.jpeg,MISSING,0.432121855,Øbjerggård,0.282106699
1707835.jpeg,MISSING,0.694128524,MISSING,0.494801455
1728520.jpeg,3/5-1934. | 3/5 34,0.116050318,Rudkøbing Svendborg Amt | Ru,0.557183995
1709403.jpeg,27.IV.2022,0.540845711,"DENMARK: NEZ: Helsingør, Grønne Vestkile, 56.0375N, 12.5598E",0.624616550
1742997.jpeg,18-6-1956,0.417268869,Redsle Fl.,0.692643225
1743038.jpeg,24.5.05,0.085453168,Odense,0.912764474
1708404.jpeg,28.5.18,0.654322522,Thorsager,0.739281600
1710361.jpeg,26-8-1956,0.470442558,Nekselø S.,0.667393149
1706424.jpeg,17/6.1871,0.287453774,Dronninglund,0.589860564
1707508.jpeg,4-8-1973,0.050697181,Høvblege,0.282700818
1707089.jpeg,6. 5. 1975.,0.791861170,Dyrehaven,0.755025765
1708406.jpeg,28.5.18,0.654025462,Thorsager,0.738984541
1705850.jpeg,31/5.1896,0.301118521,Ålbæk,0.927023340
1743517.jpeg,15/5 75,0.212000606,Skarrild Sø,0.032576538
1708364.jpeg,25-5-1914,0.253588966,Vamdrup,0.887811458
1705818.jpeg,MISSING,0.931479236,Dyrehaven,0.384592301
1706264.jpeg,MISSING,0.868799636,MISSING,0.523022128
1708847.jpeg,18-IV-1975,0.611248863,Tykskov krat,0.571145802
1709544.jpeg,MISSING,0.515001516,Lolland,0.851570173
1709523.jpeg,MISSING,0.519457411,Kb,0.957323431
1742803.jpeg,MISSING,0.422913004,MISSING,0.436577751
1706904.jpeg,19.5.1915,0.816220067,Jy. Boller,0.034061837
1709886.jpeg,MISSING,0.491830858,Falster,0.849490755
1708943.jpeg,17/9.1870,0.242300697,Bornholm,0.703931494
1708837.jpeg,12.4.1982.,0.613625341,Ugelbølle,0.365283419
1705973.jpeg,MISSING,0.912764474,MISSING,0.526586844
1708457.jpeg,20.6.08,0.647193089,Tidsv.,0.108623825
1707017.jpeg,29/5 70,0.274977266,Dyreh.,0.060797211
1707487.jpeg,14-5-1914,0.123179751,Vamdrup,0.800772962
1709133.jpeg,8-9-1970,0.576492877,Locø,0.023367687
1709543.jpeg,MISSING,0.515298575,Lolland,0.851867232
1707370.jpeg,5/1870,0.134765080,Dyrehaven,0.539954532
1743876.jpeg,6-9.49.,0.362609882,Sønderskov. Høvelte,0.211109427
1743915.jpeg,12/6 1955,0.204277054,Bommerlund Plantage DK Ap 36,0.136547439
1709774.jpeg,20-5-1956,0.504307366,JægersprisNord skov,0.072382540
1705921.jpeg,25.5.1947,0.918705668,Veddinge bakker,0.348945135
1708904.jpeg,1.9.1914,0.244083055,Horsens,0.854837830
1707081.jpeg,29-5-1951,0.793049409,Dyrehaven,0.756214004
1708869.jpeg,26.10.72.,0.158232798,Marselisb: Sk.,0.097929676
1708372.jpeg,26.-3.-45.,0.252994847,Rungsted Bolbrov,0.048617763
1708856.jpeg,III-1959,0.021585329,Silkeborg,0.788890573
1709071.jpeg,23/8.1943.,0.581839952,Hadsund,0.592534101
1705596.jpeg,MISSING,0.965641103,MISSING,0.535498636
1707054.jpeg,17-9-49,0.796911185,Grib Skov.,0.679275538
1706520.jpeg,MISSING,0.837608366,MISSING,0.516486814
1709147.jpeg,26.8.87,0.575304638,Harboøre,0.059311913
1706381.jpeg,2/6 69,0.071194301,MISSING,0.135953319
1706013.jpeg,11.v.1998,0.907417399,Skovsgaard | DK.F.PF17,0.138923916
1705838.jpeg,MISSING,0.929102758,Boserup,0.874443771
1706319.jpeg,6/1869,0.290127311,Rørvig,0.260124280
1707038.jpeg,13/6 1940,0.800178842,Dyrehaven,0.758590482
1709022.jpeg,MISSING,0.586889967,MISSING,0.464204304
1708029.jpeg,3/6 1902,0.256559564,Kjeldskov,0.383998181
1743017.jpeg,19.V.2022,0.412812974,"Denmark: Samsø: EJ: Følsdal Bakke, 55.9922N, 10.5515E, h30m",0.580354653
1706068.jpeg,17.6-22,0.296068506,Dyrehaven,0.357559867
1707432.jpeg,17/6 1923,0.745816914,Ravneholm Ggr.,0.206950591
1706369.jpeg,MISSING,0.854540770,MISSING,0.519160352
1743976.jpeg,MISSING,0.352806911,MISSING,0.425883601
1710380.jpeg,29. august 1993,0.467174901,"DK, NWZ, PG 27 Kongstrup, Røsnæs",0.180809336
1708716.jpeg,19.IX.1992,0.633231282,Høstemark Skov NEJ,0.248241891
1708340.jpeg,4/5 1927,0.049806002,"Sjæll., Gurre.",0.153776902
1707019.jpeg,MISSING,0.014158836,MISSING,0.014455896
1706017.jpeg,Juni 1947,0.196553501,Bornholm,0.821567142
1743012.jpeg,19.V.2022,0.414298272,"Denmark: Samsø: EJ: Følsdal Bakke, 55.9922N, 10.5515E, h30m",0.416971810
1706341.jpeg,6/7. 1870.,0.289533192,Ti | Nykjøbing,0.273194908
1742983.jpeg,10-6-1964,0.419051228,FREDERIKSDAL 45a,0.172491664
1706860.jpeg,MISSING,0.822755380,MISSING,0.515001516
1708971.jpeg,MISSING,0.595504698,Kb,0.964155805
1709839.jpeg,3. 6. 1899,0.225665353,Fredsted,0.279433162
1706072.jpeg,30.5.1903,0.897317369,Hasl,0.023664747
1707976.jpeg,15/5. 1870.,0.672146105,Dyrehaven | Kb,0.823052440
1709405.jpeg,27.IV.2022,0.540251591,"DENMARK: NEZ: Helsingør, Grønne Vestkile, 56.0375N, 12.5598E",0.640657775
1742809.jpeg,MISSING,0.127338587,MISSING,0.332309791
1707880.jpeg,23/10.1870,0.686999091,Dyrehaven,0.652243104
1728496.jpeg,17-5-91,0.453807214,Hanelø Damning,0.044161867
1706129.jpeg,MISSING,0.887811458,Ti,0.837311306
1707872.jpeg,4.1.60.,0.174571082,Silkeborg,0.744331616
1705717.jpeg,MISSING,0.945441043,MISSING,0.531933919
1743054.jpeg,15.10.21,0.407762958,Dyrehaven,0.710466808
1743846.jpeg,15/6 47,0.206059412,Lejre,0.920190967
1705632.jpeg,21.7.1974.,0.960591088,Rø,0.834043650
1742797.jpeg,2. VI. 79.,0.043270688,Augsbg,0.298742043
1743857.jpeg,10-5-63,0.366471658,Faxe,0.930588057
1705661.jpeg,15.7.37,0.955541073,Sose,0.583919370
1706392.jpeg,1. 7. 2000,0.852164292,Lodskovvad,0.560154592
1707383.jpeg,MISSING,0.750569870,MISSING,0.504010306
1744465.jpeg,13.6.26,0.041488330,Esbjerg,0.415486511
1707385.jpeg,MISSING,0.750272810,MISSING,0.503713246
1706909.jpeg,5. 5. 1916,0.815923007,Jy. Hansted Skov.,0.043567748
1708468.jpeg,MISSING,0.077729615,MISSING,0.484998484
1709878.jpeg,12/7.1870,0.493019097,Ørholm,0.706902092
1707736.jpeg,MISSING,0.706010912,MISSING,0.495098515
1707632.jpeg,MISSING,0.720269779,Bornholm,0.250618369
1707685.jpeg,MISSING,0.713140346,MISSING,0.498663231
1744552.jpeg,MISSING,0.338250985,Kb,0.946332222
1744613.jpeg,1.6.1888,0.156450440,Harboøre,0.289533192
1743728.jpeg,26 - 7 - 1969,0.385186420,Læsø. Klitplantagen,0.154073962
1707377.jpeg,MISSING,0.751461049,MISSING,0.504901485
1705553.jpeg,10.7-37,0.308545014,Rands,0.705119733
1708839.jpeg,30.3.1975.,0.613031222,Harrild hede,0.572036981
1709872.jpeg,12/7.1870,0.224180055,Ørholm,0.900585026
1706138.jpeg,MISSING,0.886029100,Bo,0.919002728
1728464.jpeg,MISSING,0.459748409,MISSING,0.443707184
1706121.jpeg,26/7.1870,0.192394665,Dyrehaven,0.766611094
1706007.jpeg,14-07-14,0.171303425,Raageleje,0.795722946
1706799.jpeg,24/9 1922,0.831073052,Dyrehaven,0.761561079
1708850.jpeg,27-IV-1976,0.610357684,Ejstrupholm,0.626695968
1743791.jpeg,18/4 1927. | 18/4 27,0.208138830,Høje Bøge Svendborg Amt | HB,0.322506820
1707078.jpeg,29-5-1951,0.793940588,Dyrehaven,0.757105183
1708770.jpeg,MISSING,0.624022431,MISSING,0.476383753
1705564.jpeg,7/7 1932,0.307950894,Sandvig Br.,0.213188845
1705991.jpeg,28.7.1972,0.910982116,Svinø Strand,0.412218854
1707239.jpeg,MISSING,0.778790543,MISSING,0.507872082
1705655.jpeg,15.7.37,0.957026372,Sose,0.941579266
1707669.jpeg,MISSING,0.715516823,SS,0.918111549
1709969.jpeg,25/6-9/7 1943,0.480839648,Æbelø,0.921082146
1709995.jpeg,7/81. | 24/6-87,0.068223704,Bognæs | Ferring,0.113079721
1707356.jpeg,15/5.1870,0.756511064,Kb | Dyrehaven,0.862561382
1708954.jpeg,9/9.1872,0.597287057,Dyrehaven,0.651648985
1744633.jpeg,9/1 1936.,0.179324038,Rudkøbing Svendborg Amt,0.184374053
1743526.jpeg,MISSING,0.400930585,MISSING,0.432715975
1707427.jpeg,MISSING,0.746113974,Svejbæk,0.889593816
1709586.jpeg,MISSING,0.128823886,MISSING,0.332903910
1705984.jpeg,8-7-1951,0.911576235,Nivå,0.936826311
1709554.jpeg,MISSING,0.512327978,MISSING,0.450539557
1706781.jpeg,18-6-49.,0.833746590,Hestehaven. Hillerød,0.218535920
1706226.jpeg,1-6-50.,0.874740831,Hestehaven. Hillerød,0.230715368
1743965.jpeg,26.8.87,0.202197636,Harboør,0.067926644
1706852.jpeg,1.8.84.,0.119912095,Hesteh,0.270521370
1708914.jpeg,10.10.1884,0.600851773,Erlev,0.925538042
1708413.jpeg,7-9-1958,0.653134283,Nekselø,0.592831161
1705714.jpeg,MISSING,0.946332222,MISSING,0.532825099
1707990.jpeg,MISSING,0.669769627,Kb,0.966829342
1709417.jpeg,27.IV.2022,0.536686875,"DENMARK: NEZ: Helsingør, Grønne Vestkile, 56.0375N, 12.5598E",0.634716581
1707357.jpeg,MISSING,0.756214004,Kb,0.972473477
1706143.jpeg,MISSING,0.884543801,Bo,0.987326463
1707679.jpeg,6/1870,0.174868142,Bornholm,0.815031828
1709438.jpeg,11-10.1914,0.231606547,Rude Hegn,0.614813580
1708779.jpeg,MISSING,0.622834192,MISSING,0.474898454
1709758.jpeg,MISSING,0.506683844,MISSING,0.446974841
1709792.jpeg,26.3.1978.,0.501039709,Øse,0.835528948
1707335.jpeg,MISSING,0.760075781,Bornholm,0.579166414
1708353.jpeg,20/4 1949.,0.659669597,Tinglev,0.593425280
1706223.jpeg,4-8-43.,0.875037890,Veddinge,0.545004547
1744464.jpeg,17.7.24,0.069709003,Esbjerg,0.839093665
1705577.jpeg,1-6-50.,0.968611701,Hestehaven. Hillerød,0.220615338
1743740.jpeg,1.8.1895,0.179918157,Aastrup,0.591939982
1706048.jpeg,20.5.34 | 7-8.1898,0.020397090,Reersø | Bognæs,0.021585329
1705931.jpeg,11.5.49.,0.916329191,Herlev,0.908011519
1744453.jpeg,27.6.1903,0.201306457,Esbjerg,0.171600485
1706290.jpeg,1.IX.2001,0.864937860,Æbelø F,0.419348287
1705480.jpeg,MISSING,0.981385268,Kb,0.978414671
1709450.jpeg,8.9.1917,0.053667778,Hansted,0.632043043
1706463.jpeg,14/6.1871,0.121397393,Jydske As,0.318050925
1706894.jpeg,3. VIII. 1991,0.816814186,NEJ:Høstemark Skov,0.177244620
1706413.jpeg,8.7.1883,0.182591694,Husum,0.606198848
1708724.jpeg,20.10.1946,0.632043043,Salten,0.662640194
1742817.jpeg,28/5.1902,0.214971203,Vester Ulslev Vestermosen,0.135062140
1705662.jpeg,15.7.37,0.955244013,Sose,0.940985147
1705659.jpeg,15.7.37,0.955838133,Sose,0.941282207
1707891.jpeg,13. xi. 2011,0.684919673,DANMARK. NEZ: UC 11 Melby Overdrev,0.132685662
1743980.jpeg,19-5-1964,0.352212792,RYGET 45a,0.170709306
1709809.jpeg,15-10-1974,0.498960291,Østbirk,0.592237042
1707970.jpeg,MISSING,0.673334344,Falster,0.415783571
1709003.jpeg,MISSING,0.589860564,MISSING,0.159123977
1709902.jpeg,MISSING,0.489157320,Kb,0.954649894
1706160.jpeg,MISSING,0.880087905,Lolland,0.869393756
1707626.jpeg,MISSING,0.318347984,Tisvilde,0.698881479
1706968.jpeg,MISSING,0.318645044,Kb,0.974552895
1709056.jpeg,23.8.03,0.316565626,Mølbæk,0.393504092
1709008.jpeg,MISSING,0.316862686,Lolland,0.835231888
1706430.jpeg,17/6.1871,0.105059109,Dronningelund,0.085750227
1708378.jpeg,5-4-50.,0.317753865,Sønderskov. Høvelte,0.205168233
1709945.jpeg,19/6-17.,0.183185814,Esbjerg,0.834934829
1707309.jpeg,4. 5. 1938,0.183779933,Vesterris,0.418160048
1705913.jpeg,30-5-1909,0.319536223,Dyrehaven,0.701555017
1706890.jpeg,20.VII.2021,0.318942104,"DENMARK: NWJ, Hjelm Hede (west), 56.48N, 8.89E, 16 m",0.601445893
1705948.jpeg,14-7-1973.,0.319239163,St.Klintesk.LFM.,0.072976660
1708778.jpeg,MISSING,0.317456805,MISSING,0.405089421
1708817.jpeg,MISSING,0.317159745,MISSING,0.404792361
1707899.jpeg,12.IV.2011,0.318050925,Sukkertoppen EJ,0.285671416
1709785.jpeg,14.IV.1995,0.315971507,LFM PF67 MALTRUP,0.313297969
1707481.jpeg,18-6-1910,0.149321006,Dyrehaven,0.699475599
1709801.jpeg,apr. 1948,0.183482874,Tystofte Sjælland,0.142785693
1705761.jpeg,1-7-1915,0.184374053,Skagen,0.892267354
1743029.jpeg,24.4.1999,0.315080327,Hornbæk - DK,0.300821461
1706952.jpeg,26/5.1870,0.072679600,Dyrehaven,0.379542286
1705748.jpeg,8-7-60,0.319833283,Vstr. Sømark,0.412812974
1728554.jpeg,3.7.1977,0.315674447,KLOBEN ENDELAVE | DANMARK,0.322803880
1728564.jpeg,MISSING,0.315377387,MISSING,0.404495302
1706326.jpeg,7/1862,0.184076993,Rørvig,0.632637163
1709424.jpeg,27.IV.2022,0.316268566,"DENMARK: NEZ: Helsingør, Grønne Vestkile, 56.0375N, 12.5598E",0.601148833
1743931.jpeg,26.8.28,0.356668687,Tisvilde Hegn,0.359639285
1706058.jpeg,19.6.1942,0.899099727,Femmøller,0.767799333
1705854.jpeg,14/7.1902,0.926726281,Ved Silkeborg,0.275868445
1706499.jpeg,MISSING,0.840281904,MISSING,0.517080934
1709290.jpeg,MISSING,0.559560473,Kb,0.961482267
1709942.jpeg,21/8.1901,0.483810246,Tebbestrup,0.361421643
1707598.jpeg,21.6.32,0.723537436,Skagen,0.903258563
1706385.jpeg,MISSING,0.853352531,MISSING,0.517972113
1709510.jpeg,MISSING,0.521833889,Kb,0.959402849
1706245.jpeg,9-6-1971,0.871176114,Læsø,0.883949682
1706869.jpeg,27-6-72,0.821270082,Ermelunden,0.022773568
1707295.jpeg,14.6.1942,0.766908154,Halk,0.934449833
1709756.jpeg,MISSING,0.507277963,MISSING,0.447568960
1706165.jpeg,1/8.1908,0.048914823,Sandager Lolland,0.321021522
1705920.jpeg,25.5.1947,0.919002728,Veddinge bakker,0.349242195
1709515.jpeg,MISSING,0.520942710,Kb,0.958808730
1710401.jpeg,22.5.1915,0.464798424,Ry Nørreskov,0.356371628
1709968.jpeg,25/6-9/7 1943,0.481136708,Æbelø,0.921379206
1708805.jpeg,13-10-46.,0.245865414,s.f. Rørbæk Sø.,0.101197333
1709773.jpeg,20-5-1956,0.228338891,JægersprisNord skov,0.072679600
1709499.jpeg,MISSING,0.523022128,Dyrehaven,0.779978781
1709993.jpeg,10/7-1948,0.477869051,"Fæstning, Rødovre",0.145459230
1707199.jpeg,MISSING,0.785325856,MISSING,0.509951500
1707215.jpeg,30-8-62,0.783543498,Dyrehaven,0.752649288
1707661.jpeg,MISSING,0.717002122,Al,0.022476508
1706243.jpeg,9-6-1971,0.871473174,Løsø,0.053667778
1744576.jpeg,MISSING,0.333498030,Kb,0.942173386
1744442.jpeg,6.6.37,0.346865717,Vedd. Bk.,0.084264929
1707887.jpeg,30. 3. 1975.,0.685810852,Harrild hede,0.573819339
1705517.jpeg,21/5-93,0.974552895,Hasede,0.317753865
1708692.jpeg,21.X. 1976,0.637984238,"Sjælland Røsnæs, Kongstrup",0.192097605
1705770.jpeg,31.7.1927,0.937717490,Rødovre,0.596692937
1705443.jpeg,15/5 1870,0.172491664,Dyrehaven,0.773146408
1709407.jpeg,27.IV.2022,0.539657472,"DENMARK: NEZ: Helsingør, Grønne Vestkile, 56.0375N, 12.5598E",0.607387087
1706298.jpeg,19.V.2022,0.862858442,"Denmark: Samsø: EJ: Følsdal Bakke, 55.9922N, 10.5515E, h30m",0.562828130
1728465.jpeg,5/1870,0.459451349,Kjøbenhavns Omegn,0.269927251
1706314.jpeg,6/1869,0.290721431,Rørvig,0.913655653
1709306.jpeg,MISSING,0.556589876,MISSING,0.455886632
1709221.jpeg,28.9.1913,0.565798727,Dyrehaven,0.550648681
1728483.jpeg,MISSING,0.455589573,Lolland,0.847114277
1707292.jpeg,19.5.1931,0.767799333,Sondrup,0.594613519
1705747.jpeg,8-7-60.,0.941282207,Vstr. Sømark,0.413110033
1706231.jpeg,1-6-50.,0.873552592,Hestehaven. Hillerød,0.219427099
1707343.jpeg,MISSING,0.758293422,Bo,0.972770537
1709150.jpeg,19/9 75,0.073570779,MISSING,0.461827827
1709893.jpeg,MISSING,0.490642619,Kb,0.955541073
1708859.jpeg,30.9.32,0.609466505,Marselisborg,0.277353744
1706315.jpeg,6/1869,0.861967263,Rørvig,0.544707487
1705971.jpeg,86.,0.013267657,MISSING,0.527180964
1707028.jpeg,16/9 1934,0.801070021,Hvidkilde Svendborg Amt,0.193879964
1709483.jpeg,MISSING,0.527180964,Dyrehaven,0.690266747
1709246.jpeg,16/4. 1870.,0.563125189,Dyrehaven,0.539360412
1743551.jpeg,3/7. 1872.,0.397365868,Næstved,0.355777508
1707895.jpeg,18-IV-1975,0.683731434,Tykskov krat,0.572928160
1709888.jpeg,12/7. 1870,0.491533798,NS | Ørholmsfælled,0.107138527
1706759.jpeg,23/8 1934.,0.836717187,Ebeltoft,0.544113368
1708983.jpeg,MISSING,0.594019400,MISSING,0.467471961
1707336.jpeg,MISSING,0.759778721,Bornholm,0.748490452
1709410.jpeg,27.IV.2022,0.538766293,"DENMARK: NEZ: Helsingør, Grønne Vestkile, 56.0375N, 12.5598E",0.605010609
1708427.jpeg,14-5-1965,0.651351925,V.Sjælland Røsnæs Kongstrup.Kl,0.174274022
1708767.jpeg,MISSING,0.624616550,MISSING,0.476977872
1743817.jpeg,16.6.1929,0.372412852,Lellinge skov,0.403604122
1708921.jpeg,10. 10. 1884,0.243191876,Erlev,0.803446499
1707040.jpeg,18-5-1910,0.799881782,Dyrehaven,0.654025462
1743761.jpeg,6/7. 1930.,0.380433465,Aabenraa,0.807902395
1705445.jpeg,15/5. 1870,0.311812671,Dyrehaven,0.556886935
1708833.jpeg,MISSING,0.614813580,MISSING,0.469254319
1743971.jpeg,4/4,0.010891179,MISSING,0.426774780
1707079.jpeg,29-5-1951,0.793643528,Dyrehaven,0.756808124
1705687.jpeg,MISSING,0.952273416,Øbjerggård. Næstved,0.116941497
1708479.jpeg,MISSING,0.642440133,MISSING,0.482919066
1744567.jpeg,MISSING,0.334983328,Kb,0.943955744
1706782.jpeg,31-8-49.,0.833449530,Folehave,0.543519248
1743960.jpeg,3.5.1974,0.202791755,KNUDSH.ODDE SJÆLLAND | DANMARK,0.244677175
1709552.jpeg,MISSING,0.512922098,MISSING,0.451133677
1708766.jpeg,MISSING,0.624913610,MISSING,0.477274932
1709238.jpeg,16/4.1870,0.563719309,Dyrehaven,0.343003941
1710354.jpeg,26-8-1956,0.471630797,Nekselø S.,0.668284329
1743880.jpeg,"Juli, Aug. 1933",0.023961807,Strandby v. Fr'havn,0.123476811
1707919.jpeg,13.5.1938,0.678978478,Tranekjær,0.551836920
1707240.jpeg,MISSING,0.778493483,MISSING,0.507575023
1743563.jpeg,MISSING,0.395583510,Ryt,0.039705972
1706935.jpeg,19/5.1870,0.813546529,Dyrehaven,0.760372840
1743877.jpeg,25.5.1947,0.362312822,Voddinge bakker,0.099414974
1709830.jpeg,28.7.1923,0.497177933,Thorsager,0.549757502
1709917.jpeg,MISSING,0.485889664,Boserup,0.848896635
1728555.jpeg,31.v. - 2.vi.1983,0.448460139,F: PF 07 Ristinge Klint,0.129418005
1705499.jpeg,13/5.1870,0.979008791,Aldershvile,0.541439830
1743935.jpeg,6-6-27,0.355777508,Liseleje,0.542628069
1708014.jpeg,4-96,0.257153683,Fr. Bøge,0.389345256
1744449.jpeg,2.4.1919,0.124962110,Esbjerg,0.038814792
1742764.jpeg,MISSING,0.430339497,Kb,0.951976356
1708988.jpeg,MISSING,0.592831161,MISSING,0.467174901
1709393.jpeg,27.IV.2022,0.543519248,"DENMARK: NEZ: Helsingør, Grønne Vestkile, 56.0375N, 12.5598E",0.608575326
1705679.jpeg,3/6.1870,0.144568051,Rønne,0.882761443
1705430.jpeg,22.5.1902,0.987326463,Halk,0.941876326
1709317.jpeg,30.5-1909,0.187344650,Dyrehaven,0.727696272
1706917.jpeg,10.8.1948,0.814734768,Ørshavn,0.024258866
1709910.jpeg,MISSING,0.487077902,MISSING,0.445489542
1705452.jpeg,29/5.1870,0.985247045,Dyrehaven,0.655213701
1706170.jpeg,1/8-1901,0.294583207,Sandager Lolland,0.320427402
1706106.jpeg,7/6.1870.,0.891673234,Rø. Bornholm,0.258044862
1709493.jpeg,MISSING,0.524804486,Dyrehaven,0.581245832
1707810.jpeg,MISSING,0.697990300,Ti,0.969205820
1706241.jpeg,5-6.1965,0.871770233,Knudshoved,0.639172477
1728580.jpeg,28.VI.1987,0.443410124,EJ: Strandkær,0.265174295
1706470.jpeg,MISSING,0.845331919,Al,0.974849955
1705951.jpeg,28.4.1973,0.914249773,LEJRE SJELLAND | DANMARK,0.111000303
1708786.jpeg,MISSING,0.621645953,MISSING,0.474007275
1707773.jpeg,MISSING,0.700069718,Øbjerggård Bugt,0.062876629
1707751.jpeg,8.VI.2003,0.195959382,Tofte Skov NEJ,0.371521673
1708018.jpeg,1888,0.665610791,Gaabense,0.814140649
1706456.jpeg,17/6.1871.,0.846223098,Jydske As,0.247647772
1709113.jpeg,27-9-58.,0.578869354,Eremitagen,0.672146105
1706179.jpeg,6.73,0.293989088,Tommerup,0.599069415
1708887.jpeg,13.10.1991,0.605604729,Marselisborg,0.570254623
1709439.jpeg,26.9.1907,0.051588360,Aagesholm,0.783543498
1706506.jpeg,17/6 71,0.154073962,Dronninglund bakker,0.169224007
1707455.jpeg,12-6-50.,0.741063959,Jægerspris,0.677196120
1743790.jpeg,24/5-1929 | 24/5-29,0.208435890,Ærø Svendborg Amt | Ærø,0.087829645
1706383.jpeg,MISSING,0.853649591,MISSING,0.518269172
1707415.jpeg,12.7.96. | 12.7.,0.075353137,Ry. | Ry.,0.064658988
1743002.jpeg,7.6.1990,0.415783571,Sose,0.938311610
1707894.jpeg,24-III-1975,0.684028493,Tykskov krat,0.588078206
1708822.jpeg,MISSING,0.617487117,MISSING,0.471630797
1709115.jpeg,14-9-58.,0.238141861,Dyrehaven,0.734231585
1744530.jpeg,3/6. 1870.,0.341518642,Bo | på Stranden ved Byå ved Rønne,0.140112155
1709571.jpeg,MISSING,0.511436799,Danmark,0.851273113
1707391.jpeg,MISSING,0.749084571,Boserup,0.861967263
1708428.jpeg,23-5-1965,0.651054865,V.Sjælland Røsnæs Kongstrup.Kl,0.179918157
1707401.jpeg,3/6 70,0.268144892,Rønne,0.881573204
1744658.jpeg,24-4-1915,0.324883298,Skagen,0.894940891
1707581.jpeg,31.V.1986,0.725319794,Høstemark sk. NEJ,0.205465293
1705686.jpeg,3/6.1870,0.952570476,Rønne,0.701852076
1744435.jpeg,6.6.1924,0.348351015,Skagen,0.895237951
1707374.jpeg,MISSING,0.752352228,MISSING,0.505792664
1706477.jpeg,MISSING,0.843846620,Al,0.985841164
1707659.jpeg,MISSING,0.717596241,Al,0.027526523
1709472.jpeg,MISSING,0.529854501,Dyrehaven,0.231903607
1705813.jpeg,MISSING,0.932667475,Dyrehaven,0.769878751
1705911.jpeg,30-5-1909,0.920190967,Dyrehaven,0.769284632
1705794.jpeg,1883,0.081591391,Ejsbøl,0.133576841
1708027.jpeg,4/7.1907,0.663828433,Sørup,0.704822674
1743906.jpeg,25/7 1948,0.358451046,Spandet Egekrat Sønderjylland,0.130903304
1706144.jpeg,MISSING,0.884246741,MISSING,0.524210367
1742737.jpeg,MISSING,0.435983631,Dyrehaven,0.777602304
1728500.jpeg,28/4 70,0.073273719,Ørholm,0.408357078
1742829.jpeg,MISSING,0.079809033,MISSING,0.154371022
1708928.jpeg,22.8.12,0.599069415,Thorsager,0.787702334
1728532.jpeg,28-5-61.,0.450242498,Eremitagen,0.666799030
1743741.jpeg,1/10 1893,0.383998181,Dyrehaven,0.709575629
1706073.jpeg,19. 7. 1928,0.192988784,Dronninglund,0.340033343
1709401.jpeg,27.IV.2022,0.541439830,"DENMARK: NEZ: Helsingør, Grønne Vestkile, 56.0375N, 12.5598E",0.624913610
1707042.jpeg,8-6-1919,0.799287663,Dyrehaven,0.757996363
1710405.jpeg,6.6.1927,0.463610185,Høbjerg,0.604416490
1706828.jpeg,12/6 1962,0.828102455,Tisvilde Hegn Nordsjælland,0.194771143
1709490.jpeg,MISSING,0.525695665,Dyrehaven,0.781167020
1707362.jpeg,MISSING,0.755025765,Kb,0.971582298
1744443.jpeg,11.8.1922,0.346568657,Sønderborg,0.045053046
1744595.jpeg,MISSING,0.330230373,MISSING,0.422615944
1706976.jpeg,6/1869.,0.808199454,Nykjøbing paa Lolland | Ti,0.050103062
1709337.jpeg,19-9-1953,0.550351622,Dyrehaven,0.725022734
1709578.jpeg,16 4 70,0.040597151,Dyrehaven,0.316565626
1705690.jpeg,MISSING,0.951679297,Bo,0.989702940
1709496.jpeg,MISSING,0.523913307,Dyrehaven,0.780275841
1744604.jpeg,MISSING,0.328745074,MISSING,0.421130646
1743953.jpeg,6-4-1970,0.052776599,Løsø,0.892564413
1707397.jpeg,14.V.89.,0.748787511,Sondbg,0.043270688
1708924.jpeg,22.8.22,0.599366475,Thorsager,0.788296453
1708019.jpeg,MISSING,0.665313731,MISSING,0.488563201
1707227.jpeg,17-7-1977,0.781167020,Jægerspr. N.Sk.,0.359342225
1742760.jpeg,MISSING,0.430933616,Møen,0.360233404
1709802.jpeg,14.9.1948,0.500148530,Rye Skov v. Borup Sjæll.,0.124367990
1708959.jpeg,7/9.1870,0.596989997,Bornholm,0.774631707
1708760.jpeg,10/1873,0.626398909,Rask Horsens | Ho,0.552728099
1706196.jpeg,27/6 1934,0.877117308,Skallingen,0.683137314
1705531.jpeg,MISSING,0.972473477,Danmark,0.877711428
1708031.jpeg,31/5.88.,0.663531373,Gaabense,0.813843589
1743937.jpeg,30.10 1964,0.203979994,V.Sjælland Røsnæs Kongstrup Kl,0.181700515
1706415.jpeg,16.5.1896,0.288344953,Friis's Mark,0.230121249
1705680.jpeg,3/6 1870.,0.117832677,Rønne,0.063173689
1707269.jpeg,17-VIII-1976,0.771364050,Krenkerup,0.749678691
1709870.jpeg,12/7.1870,0.146053349,Ørholm,0.900882085
1708809.jpeg,MISSING,0.077135496,Horsens Bøje Tebbstr,0.036438315
1709776.jpeg,20-5-1956,0.185265232,JægersprisNord skov,0.078917854
1709832.jpeg,28.7.1923,0.496583813,Thorsager,0.717893301
1743996.jpeg,23-9-1956,0.348648075,Boserup,0.547381025
1744647.jpeg,10-5-1956,0.326071537,Kongelunden,0.577681115
1743777.jpeg,19-9-36,0.014752955,Klosterh,0.202494695
1706163.jpeg,1/8.1901,0.160906335,Sandager Lolland,0.321318581
1744554.jpeg,MISSING,0.337656866,Kb,0.979008791
1709884.jpeg,MISSING,0.492127918,Falster,0.601742952
1707218.jpeg,30-8-62.,0.782949379,Dyrehaven,0.752055168
1706438.jpeg,14/6.1871,0.170115186,Dronninglund,0.146647469
1708755.jpeg,MISSING,0.626695968,Veile | Ve,0.262203698
1728462.jpeg,MISSING,0.460045468,Kb,0.952273416
1728571.jpeg,MISSING,0.445786602,MISSING,0.439548348
1708024.jpeg,10 Okt. 1884,0.664422552,Tebbestrup,0.311515611
1708034.jpeg,7/7 1907,0.662937254,Frederiksværk,0.261015459
1706487.jpeg,15/6 1871.,0.842064262,Nord for Storskoven Vendsyssel | Al,0.311218551
1710347.jpeg,26-8-1956,0.473710215,Nekselø S.,0.669472567
1743783.jpeg,13-8-36.,0.378056987,Hindsholm,0.604119430
1705912.jpeg,4-5-1914,0.299336162,Vamdrup,0.872364353
1742792.jpeg,MISSING,0.425289482,Lolland,0.845034859
1709204.jpeg,18.10.1997,0.567284025,Holmegårds Mose,0.247053653
1707695.jpeg,MISSING,0.710763868,Boserup,0.888702637
1707516.jpeg,19-6-1954,0.265768415,"Ørgaard Nors, Thy",0.293692028
1707252.jpeg,MISSING,0.775522886,Dyrehaven,0.067332525
1709786.jpeg,14. IV. 1995,0.501930888,LFM PF67 MALTRUP,0.313000909
1744545.jpeg,MISSING,0.339142164,Kb,0.947223401
1706123.jpeg,6/1870,0.149023947,Bornholm,0.820973022
1706969.jpeg,29/5 1870,0.168629888,Dyrehaven | Kb,0.866423159
1708930.jpeg,22.8.22,0.242894817,Thorsager,0.787405274
1705628.jpeg,30-V 1997,0.139518036,"DRAVED SKOV, SJ",0.175759321
1709808.jpeg,19.IX.1992,0.499257351,Høstemark Skov NEJ,0.255074265
1743030.jpeg,11.5.1982.,0.411327675,Grib skov,0.711952107
1728476.jpeg,MISSING,0.456777811,MISSING,0.441924826
1707436.jpeg,8/6-19.,0.266956654,Hammeren,0.818002425
1706139.jpeg,MISSING,0.885732040,Bo,0.976335253
1707006.jpeg,1/6.1899,0.275571385,Kjeldskov,0.351024553
1709428.jpeg,27.IV.2022,0.534607457,"DENMARK: NEZ: Hellebæk Avlsgård, Kohave, 56.0554N 12.5439E",0.316862686
1707561.jpeg,26-6-1955,0.729775690,Lindholm,0.816220067
1744614.jpeg,MISSING,0.328150955,Esbjerg,0.838499545
1707831.jpeg,MISSING,0.694425584,SS,0.981979388
1705945.jpeg,5.6.1965,0.298444983,Knudshoved,0.694128524
1706194.jpeg,13/6 1939. | 13/6 39,0.293692028,Ærø Svendborg Amt,0.077729615
1707775.jpeg,MISSING,0.699475599,Øbjerggård,0.039111852
1706841.jpeg,8-9-1970,0.825428918,Læsø,0.657590179
1708422.jpeg,17-5-1964,0.652243104,Jægerspr. N.Sk,0.317456805
1709333.jpeg,23-10-57.,0.550648681,Eremitagen,0.670066687
1707813.jpeg,6/1862,0.262203698,Ti | Kulhuset Jægerspris,0.370333434
1707008.jpeg,2/5-1910,0.160015156,Vester Ulslev,0.314486208
1743798.jpeg,3/5-1942,0.376571688,Tisvilde Hegn ved Asserbo,0.187047590
1705858.jpeg,MISSING,0.925835102,MISSING,0.528963322
1708799.jpeg,28/9 84,0.246162473,Tebbestrup bakker Randers,0.130012125
1707268.jpeg,17.VIII-1976,0.771661109,Krenkerup,0.749975750
1709128.jpeg,25-6-1960,0.056341316,Jægerspr. N.Sj.,0.100900273
1744691.jpeg,10-5-1956,0.198038800,Kongelunden,0.341815702
1708844.jpeg,14.10.1979.,0.612140042,Lindum skov,0.324586238
1705535.jpeg,21/7-1920,0.971582298,Hammer Bakker Vendsyssel,0.133873901
1706260.jpeg,4/6 87 | 6/80,0.060203092,Harb. Str. | Eremitag,0.054558957
1706945.jpeg,26/5.1870,0.276759624,Dyrehaven,0.233685965
1706091.jpeg,MISSING,0.894940891,Veilø Bugt,0.585107608
1709370.jpeg,12-10-1952,0.547975144,Dyrehaven,0.723240376
1744623.jpeg,22/5-1900,0.200712337,Vester Ulslev Kjeldskov,0.082779630
1744626.jpeg,MISSING,0.327853895,MISSING,0.420833586
1710351.jpeg,26-8-1956,0.472521976,Nekselø S.,0.668878448
1708001.jpeg,MISSING,0.667393149,Lolland,0.857511367
1706444.jpeg,14/6.1871,0.285968475,Dronninglund,0.141003334
1707168.jpeg,MISSING,0.789187633,MS,0.836420127
1708788.jpeg,10/73,0.247053653,Rask Horsens,0.355183389
1743591.jpeg,Juni 1817.,0.389345256,Sielland,0.808199454
1707388.jpeg,MISSING,0.134170961,MISSING,0.336468627
1706108.jpeg,17/6.1870,0.891376175,Rø Bornholm,0.642143074
1707672.jpeg,MISSING,0.133279782,MISSING,0.336171567
1708933.jpeg,MISSING,0.598178236,Øbjerggård,0.637984238
1708987.jpeg,MISSING,0.593128221,MISSING,0.160015156
1744661.jpeg,16-5-1991,0.324586238,Jylland Skallingen,0.176056381
1709192.jpeg,29-8-1952,0.569066384,Dyrehaven,0.730963928
1705892.jpeg,31/8 1944.,0.922567445,Ulfshale Møen,0.275571385
1706313.jpeg,6/1869,0.291018490,Agrivig Schulih,0.016535314
1709101.jpeg,11/9 -1965.,0.579463474,4 km. S.V. Gl. Skagen,0.129715065
1707562.jpeg,26-6-1955,0.729478630,Lindholm,0.815923007
1728572.jpeg,MISSING,0.445489542,MISSING,0.439251288
1707694.jpeg,MISSING,0.711060928,Boserup,0.859590785
1705784.jpeg,15.7.1908,0.936232192,Ordrup,0.646301910
1709505.jpeg,13/5. 1870,0.522428008,Aldershvile,0.541142771
1706252.jpeg,24.6.1975,0.870581995,GRØNNINGEN FANØ | DANMARK,0.327259776
1709034.jpeg,4/9.1905,0.240815399,Vester Ulslev Haven,0.208435890
1708376.jpeg,27.4-49,0.657887239,Frederikslund,0.405980600
1707265.jpeg,23.7.1998,0.772552289,Dyrehaven,0.750569870
1743711.jpeg,23/4 1891,0.211109427,Saltesø Skov,0.181403456
1743559.jpeg,MISSING,0.395880570,Skagen,0.912467414
1709060.jpeg,Aug 1934,0.162985753,Tange v. Ribe,0.393207032
1709921.jpeg,MISSING,0.485295544,Boserup,0.848599576
1705561.jpeg,7-6-1922,0.970394059,Dyrehaven,0.771364050
1707447.jpeg,13/6 1939. | 13/6 39,0.108623825,Ærø Svendborg Amt,0.081294332
1728471.jpeg,MISSING,0.457668991,MISSING,0.156450440
1705982.jpeg,6-1915.,0.912170355,Vorbasse,0.378651106
1743013.jpeg,19.V.2022,0.414001212,"Denmark: Samsø: EJ: Følsdal Bakke, 55.9922N, 10.5515E, h30m",0.561936951
1709502.jpeg,MISSING,0.522725068,Dyrehaven,0.779681722
1705698.jpeg,MISSING,0.949896938,Øbjerggård Næstved | SS,0.202197636
1744436.jpeg,8.5.25,0.348053956,Saltholm,0.806714156
1709384.jpeg,19.IX.1992,0.545004547,Høstemark Skov NEJ,0.255668384
1705994.jpeg,23.7.44,0.910090937,DANMARK | Stasevang,0.706605032
1706362.jpeg,MISSING,0.855431949,MISSING,0.165659291
1742761.jpeg,MISSING,0.430636557,Møen,0.582731131
1706316.jpeg,6/1869,0.099117915,Rørvig,0.831667172
1744562.jpeg,MISSING,0.336171567,Kb,0.944549864
1709791.jpeg,26.3.1978.,0.501336769,Øse,0.835826008
1705515.jpeg,MISSING,0.975147014,MISSING,0.537280994
1709394.jpeg,27.IV.2022,0.543222189,"DENMARK: NEZ: Helsingør, Grønne Vestkile, 56.0375N, 12.5598E",0.608278266
1709229.jpeg,8.10.21,0.565204607,Dyrehaven,0.347162777
1707178.jpeg,MISSING,0.787702334,MS,0.126150349
1709097.jpeg,22.8.22,0.176947560,Thorsager,0.599960594
1705814.jpeg,MISSING,0.932370415,Dyrehaven,0.796614125
1706101.jpeg,MISSING,0.892564413,Veilø Bugt,0.383701122
1709164.jpeg,MISSING,0.573225220,MISSING,0.459154289
1743905.jpeg,26/7 1948,0.105950288,Stensbæk Plantage Sønderjylland,0.180512276
1709139.jpeg,29-VIII 1985,0.237250682,SKIBBY. SJ.,0.090800242
1708958.jpeg,7/9.1870,0.242003637,Bornholm,0.688484389
1743044.jpeg,26.9.1922,0.408951197,Dyreh.,0.828696575
1706268.jpeg,MISSING,0.135656259,MISSING,0.337656866
1705574.jpeg,21-5-49.,0.968908760,Eremitagen,0.613922401
1707927.jpeg,13.5.1938.,0.678087299,Aasø,0.939202789
1705992.jpeg,3.8.1973,0.910685056,Svinø strand,0.575601697
1743522.jpeg,6.6.92,0.093176720,Kulhus,0.115159139
1744700.jpeg,12-5-1957,0.321912701,Saltholm,0.400930585
1743025.jpeg,1. 10-65,0.213485905,Tisvilde h.,0.091097302
1709488.jpeg,MISSING,0.525992725,Dyrehaven,0.781464080
1705864.jpeg,MISSING,0.924646863,Kostr. Banke,0.112782661
1728602.jpeg,11/6 1933 | 22/6 1933,0.070006062,Saltholm,0.289830252
1707052.jpeg,21-5-49.,0.797505305,Eremitagen,0.679869657
1706323.jpeg,7/8 62.,0.026635344,Rørvig,0.151994544
1709274.jpeg,MISSING,0.562531070,Kb,0.981682328
1707161.jpeg,20/8 1888,0.790078812,Bognæs Roeskilde | MS,0.253886026
1710382.jpeg,16-7-1972,0.466877842,EJSTRUPHOLM,0.620457714
1728501.jpeg,10/4 79,0.065550167,Kbh,0.105356169
1705979.jpeg,19.6.96.,0.297850864,Onsild,0.659075477
1707319.jpeg,22.5.22,0.763640497,Søllerød,0.826023037
1709052.jpeg,23.8.03,0.583919370,Mølbæk,0.707793271
1709895.jpeg,MISSING,0.490048500,Kb,0.980791149
1709353.jpeg,MISSING,0.548866323,MISSING,0.454401334
1707424.jpeg,31.5.1888,0.746708093,Gaabense,0.818299485
1705976.jpeg,86.,0.011782358,MISSING,0.166847530
1705459.jpeg,MISSING,0.983464686,Veilø Bugt,0.414298272
1707482.jpeg,30.5-1909 | 1829,0.025447105,Dyrehaven,0.746708093
1742981.jpeg,MISSING,0.419645347,MISSING,0.434795393
1743837.jpeg,13-8-36,0.369739315,Hindsholm,0.708981510
1705962.jpeg,maj 75 | 1975,0.173976963,Vestjyll. Tipperne,0.271412549
1743933.jpeg,29-4-28,0.356074568,Trørød Hegn,0.095256138
1705501.jpeg,MISSING,0.978711731,Odense,0.915438012
1708889.jpeg,13.10.1991,0.605010609,Marselisborg,0.569660503
1710377.jpeg,29. august 1993,0.468066081,"DK, NWZ, PG 27 Kongstrup, Røsnæs",0.175462261
1708725.jpeg,20.10.1946,0.631745984,Salten,0.662343134
1709136.jpeg,24.10.1976,0.576195817,DANMARK | RØLD SKOV SKØRPING,0.113376781
1706011.jpeg,4.VI.1988,0.907714459,Råbjerg K. | DK.NEJ.NJ88,0.074759018
1708838.jpeg,29.3.1975,0.613328281,Tykskov v. Brande,0.280324341
1743793.jpeg,21/9 1934 | 21/9 34,0.207841770,Rudkøbing Svendborg Amt | Ru,0.582137011
1707955.jpeg,76/1870,0.042973628,Dyrehaven,0.651946044
1708441.jpeg,13-4-1963,0.648678387,Nødebohuse Halsnæs,0.238141861
1707684.jpeg,15/6 1871,0.713437405,Jydske Aas Vendsyssel,0.128823886
1706270.jpeg,MISSING,0.868205517,MISSING,0.522428008
1706287.jpeg,13-5-1972,0.865531979,SKALLINGEN,0.682246135
1707418.jpeg,23/6 1905,0.015050015,Mylgård Vendsyssel,0.012673537
1742816.jpeg,MISSING,0.422021825,MISSING,0.435983631
1705525.jpeg,2/7 1898,0.973661716,Kulhuse,0.878305547
1705859.jpeg,MISSING,0.925538042,MISSING,0.528666263
1707649.jpeg,MISSING,0.717893301,Kjøbenhavns Omegn,0.118723856
1707728.jpeg,MISSING,0.707199151,MISSING,0.496286754
1707663.jpeg,MISSING,0.716408002,Mø,0.576195817
1705908.jpeg,8-6-1914,0.920785086,Vamdrup,0.872958472
1709040.jpeg,9/9 72,0.240221279,Dyrh,0.301712640
1709905.jpeg,MISSING,0.488563201,MISSING,0.446677781
1709295.jpeg,MISSING,0.558075174,Kb,0.959996969
1705783.jpeg,3. 6. 1907,0.047726584,København,0.770769930
1743759.jpeg,28/7 1930.,0.381027584,Ærø.,0.707496211
1707622.jpeg,MISSING,0.722052137,Tidsvilde,0.577086996
1705582.jpeg,4-6 1965,0.968017581,V.Sjælland Røsnæs Kongstrup. Kl,0.111297363
1709312.jpeg,10-5-1915,0.555401637,Skagen,0.901773265
1709300.jpeg,26/3 1902,0.233091846,Vester Ulslev,0.249727190
1707548.jpeg,15.7.06,0.036438315,Dyrehaven,0.010891179
1706846.jpeg,d. 6 VIII 1972,0.824240679,Liseleje N. Sj.,0.242894817
1705878.jpeg,6.7.37,0.104762049,Trelde,0.401821764
1706967.jpeg,19/5. 1870.,0.809684753,Dyrehaven | Kb,0.416674750
1709546.jpeg,MISSING,0.514704456,Boserup,0.887217339
1706877.jpeg,26-7-1951,0.819487724,Nivå,0.934746893
1742755.jpeg,MISSING,0.431527736,Øbjerggård,0.584216429
1705617.jpeg,14-5-1954,0.962670506,Kulhuse,0.877117308
1708385.jpeg,17-9-49.,0.656104880,Grib Skov.,0.672740224
1743509.jpeg,MISSING,0.127041528,MISSING,0.332012731
1709831.jpeg,28.7.1923,0.496880873,Thorsager,0.549460443
1743708.jpeg,MISSING,0.387562898,Kb,0.949599879
1705881.jpeg,6.7.37,0.924052743,Trelde,0.823943619
1743947.jpeg,4-4-1953,0.354589269,Glumsø øst-skv,0.103276751
1707814.jpeg,MISSING,0.697396181,Ti,0.638281297
1743590.jpeg,MISSING,0.389642316,MISSING,0.430636557
1707434.jpeg,28/5-16.,0.745222795,Dragør,0.904446802
1706320.jpeg,7/1862,0.861670203,Rørvig,0.277947863
1744643.jpeg,22-5-1955,0.326665656,Skallingen,0.664125493
1709366.jpeg,16.4.70.,0.231903607,Livend,0.170412246
1708797.jpeg,16/7 13,0.020991209,Veile | Rask Horsens,0.207247651
1706985.jpeg,MISSING,0.806714156,MISSING,0.513813277
1705453.jpeg,MISSING,0.984949985,Veilø Bugt,0.614219460
1743802.jpeg,20/7-1932,0.375680509,Skallingen,0.665313731
1705961.jpeg,24.3.1970,0.913061534,Østjylland Klattrup syd f. Vejle,0.197444680
1705762.jpeg,24-5-1915,0.939202789,Skagen,0.910387996
1709784.jpeg,14.IV.1991,0.194771143,LFM PF58 RAVNSBY BAKKE,0.123179751
1707338.jpeg,MISSING,0.759184601,Bornholm,0.377759927
1706775.jpeg,30-6-1912,0.834340709,Sandbjerg,0.762155199
1709375.jpeg,6-4-1952,0.547083965,Dyrehaven,0.722349197
1707690.jpeg,MISSING,0.712249166,Boserup,0.860184905
1707969.jpeg,MISSING,0.673631403,Falster,0.215565323
1707275.jpeg,20-VIII-1976,0.770175811,Maltrup,0.595207639
1744553.jpeg,MISSING,0.337953925,Kb,0.946035162
1709518.jpeg,MISSING,0.520051531,Kb,0.957917551
1743823.jpeg,16.6.1929,0.371521673,Lellinge skov.,0.351915732
1708665.jpeg,9.93 | 4.93,0.071788421,Hunderup,0.053073659
1708762.jpeg,MISSING,0.626101849,MISSING,0.478463171
1706291.jpeg,15.V.2011,0.864640800,Røsnæsgd. NWZ,0.251509548
1707812.jpeg,MISSING,0.697693240,Ti,0.968908760
1709561.jpeg,IV. 91.,0.229230070,Sondbg,0.378056987
1743781.jpeg,30/8 1940,0.111594423,Tange,0.253588966
1707987.jpeg,MISSING,0.670363747,Kb,0.967423462
1709553.jpeg,MISSING,0.512625038,MISSING,0.450836617
1708775.jpeg,MISSING,0.623725371,MISSING,0.475789633
1707769.jpeg,MISSING,0.700960897,Øbjerggård,0.040003031
1707389.jpeg,MISSING,0.749678691,Boserup,0.890187936
1707541.jpeg,MISSING,0.733340406,MISSING,0.500445590
1710340.jpeg,23-6-1961,0.475195514,"MidtJylland Galgehøj, Hjarbæk",0.188532889
1706140.jpeg,MISSING,0.885434980,Bo,0.987623522
1708691.jpeg,21.X. 1976,0.195365262,"Sjælland Røsnæs, Kongstrup",0.192394665
1706963.jpeg,MISSING,0.809981813,Dyrchaven,0.071788421
1709036.jpeg,MISSING,0.585107608,MISSING,0.463610185
1707450.jpeg,18-6-49.,0.742549257,Hestehaven,0.362906941
1744679.jpeg,MISSING,0.323695059,MISSING,0.419942407
1706972.jpeg,MISSING,0.808793574,Kb,0.973661716
1708769.jpeg,MISSING,0.624319491,MISSING,0.476680812
1709582.jpeg,24/7 77,0.020100030,Hareskov,0.017426493
1707703.jpeg,6. 94,0.263688997,Skagen,0.902664444
1708845.jpeg,15-XI-1976,0.611842983,Ejstrupholm,0.627587148
1743003.jpeg,7.6.1990,0.415486511,Sose,0.938014550
1744451.jpeg,14.5.1947,0.345974538,Juelsminde,0.047132464
1707633.jpeg,6/1871.,0.719972719,Vendsyssel,0.560451652
1709767.jpeg,13-9-1952,0.505198545,Laveskov,0.389048196
1707510.jpeg,26-5-1965,0.736905123,V.Sjælland Røsnæs Kongstrup Kl,0.203682934
1707454.jpeg,12-6-50.,0.741361018,Jægerspris,0.612437102
1744697.jpeg,10-5-1956,0.322209761,Kongelunden,0.340924523
1707422.jpeg,23/6.1905,0.747005153,Mølgård Wendsyssel,0.103573810
1708466.jpeg,MISSING,0.644816611,MISSING,0.485592604
1709924.jpeg,MISSING,0.484701425,MISSING,0.444895423
1705977.jpeg,MISSING,0.912467414,MISSING,0.525992725
1707249.jpeg,MISSING,0.776414065,Dyrehaven,0.066441346
1709143.jpeg,Sommer 1940,0.036141255,Pjedsted ved Vejle.,0.150212186
1707041.jpeg,17-6-1922,0.799584723,Dyrehaven,0.758293422
1705683.jpeg,3/6.1870,0.156153380,Rønne,0.927320400
1707692.jpeg,MISSING,0.711655047,Boserup,0.888999697
1744686.jpeg,10-5-1956,0.323397999,Kongelunden,0.342409821
1705498.jpeg,29/5.1870,0.979305850,Dyrehaven,0.654916641
1709427.jpeg,27.IV.2022,0.534904517,"DENMARK: NEZ: Hellebæk Avlsgård, Kohave, 56.0554N, 12.5439E",0.616595938
1706285.jpeg,18-6-1956,0.866126099,Redsle Fl.,0.352806911
1710409.jpeg,3. 6. 1934.,0.463016065,Saltholm,0.810872992
1709821.jpeg,25-6.32,0.226556532,Kandestederne,0.045647166
1706784.jpeg,23.7.22,0.832855411,Tisvilde,0.704228554
1707841.jpeg,MISSING,0.692940285,Jægerspris,0.217644741
1705657.jpeg,15.7.37,0.956432252,Sose,0.884543801
1708723.jpeg,20.10.1946,0.632340103,Salten,0.662937254
1708037.jpeg,5/6 1909,0.662640194,Geels Skov,0.362609882
1709803.jpeg,4.5.1947,0.227447711,Færgelunden Horns H.,0.128229767
1706103.jpeg,MISSING,0.892267354,Veilø Bugt,0.251212489
1743868.jpeg,29-7-49.,0.364689300,Asserbo,0.839984844
1707784.jpeg,6/1862,0.262500758,Jægerspris,0.029308881
1707868.jpeg,4.11.59,0.688187329,Svejbæk,0.416377690
1705958.jpeg,16.6.1929,0.913358594,Lellinge skov,0.527775083
1709341.jpeg,19-9-1953,0.232497727,Dyrehaven,0.724428615
1709007.jpeg,MISSING,0.588969385,Lolland,0.853946651
1743957.jpeg,3.6.1974,0.032576538,KNUDSHODDE SJÆLLAND | DANMARK,0.114862079
1705964.jpeg,maj 75 | 1975,0.084859048,Tipperne Vestj. | Vestjyll. Tipperne,0.028120643
1706422.jpeg,17/6.1871,0.848005456,Dronninglund,0.277650803
1709009.jpeg,MISSING,0.588672325,Lolland,0.853649591
1707299.jpeg,15.5.1947,0.766611094,Juelsminde,0.376274629
1709058.jpeg,23.8.03,0.583028190,Mølbæk,0.695910882
1706834.jpeg,28-5-1965,0.826914216,V.Sjælland Røsnæs Kongstrup Kl,0.194177023
1707407.jpeg,MISSING,0.747896332,MISSING,0.502822067
1706095.jpeg,MISSING,0.894049712,Dyrehaven,0.767205214
1705474.jpeg,7/1870,0.311218551,Ørholm,0.915735071
1708941.jpeg,17/9.1876,0.056638375,Bornholm,0.656104880
1707511.jpeg,26-5-1965,0.736608063,V.Sjælland Røsnæs Kongstrup Kl,0.193582904
1708791.jpeg,10/73,0.246756593,Rask Horsens,0.311812671
1743844.jpeg,10-5-63,0.149915126,Faxe,0.932964535
1743751.jpeg,MISSING,0.382215823,MISSING,0.428557139
1706892.jpeg,20.VII.2021,0.817111246,"DENMARK: NWJ, Hjelm Hede (west), 56.48N, 8.89E, 16 m",0.628181267
1707409.jpeg,21/6 83,0.144865111,Esbjerg,0.397068809
1705524.jpeg,2/7 1898,0.973958775,Kulhuse,0.891376175
1707646.jpeg,MISSING,0.314189148,Møen,0.280918460
1743942.jpeg,d. 12 VIII 1972,0.176353440,Jæ. Dyrehave Sj.,0.224477114
1710336.jpeg,23-6-1961,0.476383753,"MidtJylland Galgehøj, Hjarbæk",0.189721128
1706205.jpeg,17-6-1922,0.875929069,Dyrehaven,0.765422855
1709842.jpeg,19.7.1928,0.494801455,Dronninglund,0.269036072
1744612.jpeg,6. 98,0.032279479,Esbjerg,0.591642922
1709877.jpeg,12/7.1870,0.493316156,Ørholm,0.364095180
1743900.jpeg,19-6-1954,0.359045165,"Ørgaard Nors, Thy",0.290127311
1707873.jpeg,4.1.60,0.260124280,Silkeborg,0.652540164
1706186.jpeg,9/6-19.,0.877711428,Nexø,0.801664141
1709348.jpeg,MISSING,0.549757502,MISSING,0.455292513
1707946.jpeg,6/1870,0.082185511,Dyrehaven,0.790969991
1710385.jpeg,4. VII. 1984,0.466580782,"Kås, Salling NWJ",0.168332828
1706117.jpeg,MISSING,0.889890876,MISSING,0.525695665
1743494.jpeg,6/6.1870,0.164173992,Bo | Østerlars,0.402118824
1742798.jpeg,MISSING,0.423804183,Sondbg,0.118129736
1706064.jpeg,5.6.12,0.898208548,Dyrehaven,0.767502273
1706329.jpeg,MISSING,0.861076084,MISSING,0.521239770
1708405.jpeg,"28.5,18",0.251509548,Thorsager,0.600257654
1743589.jpeg,MISSING,0.389939376,MISSING,0.430933616
1744673.jpeg,MISSING,0.323992119,MISSING,0.420239467
1708423.jpeg,18-9-1965 | 18-9-1965,0.112485602,Bokel | Bokel,0.144568051
1728592.jpeg,9-VI-1979,0.441033647,Røsnæs SNV,0.367659897
1709532.jpeg,MISSING,0.517377993,MISSING,0.453510155
1707404.jpeg,1/6 70,0.038517733,Rø,0.638578357
1707243.jpeg,MISSING,0.777899363,MISSING,0.506980903
1705802.jpeg,4.6.19,0.934449833,Thorsager,0.770472871
1706183.jpeg,8/6-19.,0.878008487,Hammeren,0.820675962
1705713.jpeg,MISSING,0.946629282,MISSING,0.533122158
1728466.jpeg,MISSING,0.459154289,MISSING,0.443410124
1709379.jpeg,6-4-1952 | 6-4-1952,0.546192786,Dyrehaven | Dyrehaven,0.646896029
1707245.jpeg,MISSING,0.777305244,MISSING,0.506386784
1707625.jpeg,MISSING,0.721160958,Tidsvilde,0.745222795
1744682.jpeg,1/6 1933,0.017426493,Saltholm,0.805228857
1706793.jpeg,26.6.1943,0.831667172,Vaserne Furesøen,0.263094877
1708892.jpeg,9-10-1972,0.604119430,MARSELISBORG,0.568769324
1709949.jpeg,24/7 1898,0.482622007,Færgelunden v. stranden,0.137438618
1709155.jpeg,MISSING,0.575007578,MISSING,0.333498030
1709550.jpeg,MISSING,0.513516217,MISSING,0.451727796
1709076.jpeg,17/8 1930.,0.581542892,Viborg-Silkebg,0.257747802
1728597.jpeg,1-5.1949.,0.093473780,Jonstrup Sjæll.,0.199227038
1709388.jpeg,18.5. 1947,0.187047590,Saltholm,0.811170052
1709190.jpeg,29-8-1952,0.569660503,Dyrehaven,0.731558048
1707438.jpeg,9/5-20.,0.744331616,Børstinge Mose,0.373006972
1706490.jpeg,MISSING,0.841470142,Al,0.919299788
1707348.jpeg,MISSING,0.757402243,Bo,0.983761746
1708821.jpeg,MISSING,0.617784177,MISSING,0.471927857
1709480.jpeg,MISSING,0.528072143,Dyrehaven,0.782652319
1728590.jpeg,6.VI.1978,0.441627766,Korod Lol.,0.367956957
1709797.jpeg,26.9.1947,0.227744771,Råbjerg Mile Jyll.,0.140409215
1708450.jpeg,4. 81.,0.250618369,Vesterø,0.065550167
1707235.jpeg,MISSING,0.779978781,MISSING,0.509060321
1743873.jpeg,13-4-49,0.363501061,Dyrehaven,0.708387390
1707870.jpeg,4.1.60,0.687890270,Silkeborg,0.652837223
1706997.jpeg,MISSING,0.803446499,Lolland,0.863749621
1709232.jpeg,8.10.21,0.564610488,Dyrehaven,0.785919976
1709019.jpeg,MISSING,0.587484086,MISSING,0.464798424
1707217.jpeg,30-8-62.,0.783246438,Dyrehaven,0.752352228
1708720.jpeg,14. 3. 1915.,0.248836011,Hansted Sk.,0.302900879
1708388.jpeg,30.-3.-45.,0.655213701,Eskemose Sk,0.083373750
1705562.jpeg,30-6-1912,0.118426796,Sandbjerg,0.771066990
1705848.jpeg,26/5 1891,0.927617460,Egholm. Horns Herred,0.127338587
1708982.jpeg,MISSING,0.594316460,MISSING,0.467769021
1742989.jpeg,29-5-1952,0.418160048,Dyrehaven,0.713140346
1708829.jpeg,MISSING,0.616001819,MISSING,0.470442558
1707681.jpeg,MISSING,0.714031525,MISSING,0.498960291
1707768.jpeg,MISSING,0.701257957,Øbjerggaard,0.028417702
1743961.jpeg,20/5 71,0.010000000,MISSING,0.330527433
1743831.jpeg,Juni 1933,0.370333434,Hillerød,0.807011216
1709170.jpeg,MISSING,0.571442861,MISSING,0.457371931
1707288.jpeg,22. 5. 1915,0.268739012,Ry Nørreskov,0.575007578
1705627.jpeg,20-5-1956,0.193582904,JægersprisNord skov,0.178432858
1709124.jpeg,19-9-1953,0.089612004,Dyrehaven,0.786217035
1708354.jpeg,3-10-1913,0.659372537,København,0.739875720
1743887.jpeg,22/7-4/8 1941,0.361718703,Gindeskov v. Skive,0.176353440
1743065.jpeg,MISSING,0.405386481,Dyrehaven,0.369442255
1705742.jpeg,5/8 95,0.942173386,Rfs,0.142488633
1707570.jpeg,21-6-1956,0.727399212,V.f. Høvblege Møn,0.235171264
1707543.jpeg,MISSING,0.733043346,MISSING,0.499851470
1709291.jpeg,MISSING,0.559263413,Kb,0.961185208
1742796.jpeg,MISSING,0.424101243,Sondbg,0.401227645
1707897.jpeg,2.IV. 1983,0.683137314,Sandmilen v. Skagen NEJ,0.125259169
1705602.jpeg,MISSING,0.965344044,MISSING,0.535201576
1706197.jpeg,13-8-36.,0.876820249,Hindsholm,0.766016975
1708826.jpeg,MISSING,0.616298878,MISSING,0.161500455
1709987.jpeg,9-8-1973,0.478760230,Høvblege,0.716408002
1744534.jpeg,MISSING,0.340924523,SS,0.949302819
1705735.jpeg,MISSING,0.943064565,Danmark,0.875632010
1709433.jpeg,27.IV.2022,0.533716278,"DENMARK: NEZ: Hellebæk Avlsgård, Kohave, 56.0554N, 12.5439E",0.640063656
1706786.jpeg,29-7-49.,0.832261291,Asserbo,0.867017278
1705478.jpeg,MISSING,0.981682328,Danmark,0.879790846
1705777.jpeg,22.5.1984.,0.936826311,Bøtø pld.,0.074461958
1708804.jpeg,13-10-46.,0.620160655,S.J. Rørbæk Sø.,0.066144286
1708668.jpeg,1872,0.021882389,Veile,0.925835102
1743502.jpeg,MISSING,0.403901182,SS | Øbjerggård Næstved,0.377165808
1708030.jpeg,26/8.1899,0.256262504,Kjeldskov,0.615110640
1708931.jpeg,MISSING,0.598772355,Øbjerggaard,0.641251895
1742768.jpeg,MISSING,0.429151258,Kb,0.951085177
1706227.jpeg,1-6-50.,0.874443771,Hestehaven. Hillerød,0.220021219
1728518.jpeg,7/5-1940. | 7/5-40,0.110109124,Ærø Svendborg Amt,0.083670809
1728569.jpeg,MISSING,0.446380721,MISSING,0.440142467
1709986.jpeg,9-8-1973,0.479057290,Høvblege,0.716705062
1744462.jpeg,17.7.74,0.045350106,Esbjerg,0.884840861
1707512.jpeg,22-5-1965,0.736311003,V.Sjælland Røsnæs Kongstrup. Kl,0.134170961
1744528.jpeg,MISSING,0.342112761,Falster,0.649866626
1744631.jpeg,15/2 1934. | 15/2 34,0.114565020,Rudkøbing Svendborg Amt | Ru,0.398554107
1706120.jpeg,MISSING,0.889296757,MISSING,0.525101546
1707981.jpeg,MISSING,0.671254926,Kb,0.967720521
1743528.jpeg,MISSING,0.400633525,MISSING,0.432418915
1710397.jpeg,13.5.1915,0.465095483,rg. Elbæk Strandsk,0.050400121
1707493.jpeg,4-6-1916.,0.737796302,Hjørring,0.817705365
1706259.jpeg,15. 6. 90,0.869690815,Jægerspris,0.613625341
1708463.jpeg,MISSING,0.645410731,MISSING,0.485889664
1709551.jpeg,MISSING,0.513219157,MISSING,0.451430737
1743765.jpeg,10/8 1930.,0.380136405,"Jyll., Holmsld",0.365877539
1706818.jpeg,24-VIII-1967,0.313000909,SJÆLLAND NYKØBING: RØRVIG V. DYBESØ,0.124665050
1705504.jpeg,MISSING,0.977820552,MISSING,0.538172173
1708880.jpeg,26-10-1972,0.606792968,Marselisborg Dyrh.,0.108920885
1705716.jpeg,MISSING,0.945738102,MISSING,0.532230979
1708891.jpeg,4-10-1972,0.604416490,MARSELISBORG,0.569066384
1743897.jpeg,13/6 1954,0.359936344,"Ørgaard Nors, Thy",0.291018490
1707489.jpeg,14.5-1914,0.266065474,Vamdrup,0.800178842
1709172.jpeg,MISSING,0.571145802,MISSING,0.457074871
1706374.jpeg,MISSING,0.853946651,MISSING,0.518566232
1705872.jpeg,8.4.1933,0.018911791,Agersø,0.646004850
1707337.jpeg,MISSING,0.759481661,Bornholm,0.631745984
1709287.jpeg,MISSING,0.560154592,Kb,0.962076387
1706118.jpeg,MISSING,0.889593816,MISSING,0.525398606
1744685.jpeg,10-5-1956,0.198632919,Kongelunden,0.618972416
1743055.jpeg,15.10.21,0.407465899,Dyrehaven,0.085453168
1706351.jpeg,MISSING,0.857511367,Ti,0.544410427
1705817.jpeg,MISSING,0.931776296,Dyrehaven,0.796317066
1708453.jpeg,MISSING,0.013861776,MISSING,0.487672022
1707074.jpeg,MISSING,0.794831767,MISSING,0.511436799
1709790.jpeg,25.4.1986,0.165362231,Svinø strand,0.409248257
1706363.jpeg,MISSING,0.855134889,MISSING,0.165362231
1708738.jpeg,MISSING,0.629666566,MISSING,0.478760230
1744439.jpeg,8.5.25,0.040300091,Saltholm,0.806120036
1709321.jpeg,5-6-1922,0.553916338,Dyrehaven,0.650757805
1705916.jpeg,1-7-1917,0.082779630,Tornby,0.645410731
1709320.jpeg,12-5-1913,0.554213398,Dyrehaven,0.727102152
1742824.jpeg,13/5-1892,0.421427705,Horsens,0.843846620
1705768.jpeg,23-5-1915,0.303494998,Skagen,0.908605638
1707029.jpeg,16/9 1934. | 16/9 34,0.108920885,Hvidkilde Svendborg Amt | Hv,0.304089118
1707033.jpeg,29-5-38,0.274086087,Grib,0.657293119
1707076.jpeg,MISSING,0.794237648,MISSING,0.510842680
1707244.jpeg,MISSING,0.777602304,MISSING,0.506683844
1728469.jpeg,MISSING,0.458263110,MISSING,0.156747499
1708667.jpeg,MISSING,0.640657775,MISSING,0.482027887
1743504.jpeg,4/6 1870,0.030497120,Bækkegård Bornholm,0.096741437
1707978.jpeg,29/5.1870,0.671551985,Dyrehaven | Kb,0.888108518
1709588.jpeg,16/4 96,0.094662019,Utterslev,0.292206729
1707122.jpeg,19.7.10 | 27.7.1918,0.271412549,Dyreh. | Fortunens Indl,0.139518036
1706218.jpeg,17-6-1922,0.192097605,Dyrehaven,0.764234617
1708735.jpeg,24. 9. 1884,0.630260685,Randers,0.660263716
1705660.jpeg,15.7.37,0.305871476,Sose,0.659372537
1707327.jpeg,MISSING,0.761858139,Bornholm,0.689672628
1706157.jpeg,MISSING,0.880979085,Lolland,0.870284935
1709163.jpeg,MISSING,0.573522279,MISSING,0.459451349
1705509.jpeg,MISSING,0.976929373,Boserup,0.891673234
1709590.jpeg,11-5,0.065847226,Dyrehaven,0.107435587
1709121.jpeg,19-9-1953,0.577384056,Dyrehaven,0.733340406
1706954.jpeg,26/5.1870,0.276165505,Dyrehaven,0.760075781
1743853.jpeg,10-6-63,0.367362837,Faxe,0.931479236
1705736.jpeg,MISSING,0.942767505,MISSING,0.530151561
1744571.jpeg,MISSING,0.334389209,Kb,0.943361625
1709334.jpeg,14-9-1953,0.141300394,Dyrehaven,0.725616854
1705874.jpeg,8.9.1933,0.018614732,Agersø,0.549163383
1743569.jpeg,3/7.1872,0.394098212,SS | Næstved,0.774037587
1743572.jpeg,MISSING,0.393504092,SS,0.979602910
1705676.jpeg,3/6.1870,0.952867536,Rønne,0.922864504
1706855.jpeg,MISSING,0.823349500,MISSING,0.515595635
1706992.jpeg,MISSING,0.804931798,Lolland,0.865234920
1709420.jpeg,27.IV.2022,0.536389815,"DENMARK: NEZ: Helsingør, Grønne Vestkile, 56.0375N, 12.5598E",0.622240073
1743039.jpeg,28/5-16.,0.409842376,Dragør,0.897317369
1708719.jpeg,1-10.37,0.249133071,Ravneholm,0.354589269
1710372.jpeg,22.7.1986,0.468957260,Uglestrup Mose,0.263391937
1743571.jpeg,MISSING,0.393801152,SS,0.979899970
1707229.jpeg,30-8-1978,0.780572901,Wedellsborg,0.344192179
1710353.jpeg,26-8-1956,0.471927857,Nekselø S.,0.352509851
1708401.jpeg,22.9.18,0.097038497,Holte,0.881276144
1709782.jpeg,14.IV.1995,0.502525008,LFM PF67 MALTRUP,0.320130343
1709119.jpeg,8-9-1970,0.577681115,Løsø,0.052776599
1707279.jpeg,17.6.1924,0.769581691,Slotved Skov,0.589266444
1706005.jpeg,14.V.2011,0.908605638,Røsnæsgd. NWZ,0.238438921
1705557.jpeg,31/5.1896,0.308247954,Ålbæk,0.883058503
1707339.jpeg,MISSING,0.758887542,Bornholm,0.250915429
1743916.jpeg,3.6.1963,0.125556229,Frederikhøj. nord. f. Hadsund,0.125853289
1705677.jpeg,3/6.1870,0.162094574,Rønne,0.927914520
1709086.jpeg,15-9-1912,0.580651713,Holte,0.922270385
1709244.jpeg,16/4.1870,0.235171264,Dyrehaven,0.785325856
1709944.jpeg,22/7 1922,0.483216126,København,0.717002122
1707861.jpeg,MISSING,0.689969688,MISSING,0.491533798
1707701.jpeg,MISSING,0.709872689,MISSING,0.497474992
1706057.jpeg,19.6.1942,0.899396787,Femmøller,0.768096393
1709199.jpeg,26.9.1977.,0.567878145,Dyrehaven,0.729775690
1707974.jpeg,MISSING,0.672740224,MISSING,0.489751440
1744441.jpeg,8.5.25,0.347162777,Saltholm,0.805822977
1707311.jpeg,5.6.22,0.765125796,Dyrehaven,0.288047893
1707519.jpeg,13/6 1954,0.735716884,"Ørgaard Nors, Thy",0.293097908
1705975.jpeg,86.,0.012673537,MISSING,0.526289785
1709145.jpeg,26.8.87,0.236953622,Harboør,0.647787208
1707121.jpeg,28.7.18,0.271709609,Dyrehaven,0.792752349
1744565.jpeg,MISSING,0.335280388,Kb,0.828399515
1706486.jpeg,MISSING,0.842361322,Al,0.836717187
1708481.jpeg,28-8-1963,0.641846014,GANLØSE EGEDE,0.274680206
1706504.jpeg,15/6 1871,0.839093665,Dronninglund,0.387859958
1706457.jpeg,14/6 1871,0.155856320,Jydske Aas.,0.344786299
1706372.jpeg,62,0.289236132,Rørvig,0.692940285
1710364.jpeg,26-8-1956,0.470145499,Nekselø S.,0.363501061
1742766.jpeg,MISSING,0.429745377,Kb,0.916626250
1728581.jpeg,10. 6. 1979.,0.443113065,Østrig,0.898802667
1708485.jpeg,12.IV.1984,0.641251895,NWZ: Sanddobberne,0.210218248
1743580.jpeg,MISSING,0.391721734,Boserup,0.841767202
1709156.jpeg,19.9.75,0.236656563,MISSING,0.460936647
1708713.jpeg,29.3.1975.,0.634122461,Tykskov v. Brande,0.267550773
1706087.jpeg,3/6.1870,0.161203395,Rønne,0.926132161
1708035.jpeg,12/5 1922,0.255965444,Dyrehaven,0.740172780
1705782.jpeg,4-8.1912,0.303197939,Frederikslund,0.406871779
1706763.jpeg,24/7 1934.,0.836420127,Ebeltoft,0.543816308
1742743.jpeg,MISSING,0.434498333,Dyrehaven,0.777305244
1743826.jpeg,16.6.1929,0.371224614,Lellinge skov,0.403010003
1706770.jpeg,31/7 1948,0.106247348,Stensbæk Plantage Sønderjylland,0.196553501
1709766.jpeg,23-10-1955,0.505495605,Dyrehaven,0.718190361
1706002.jpeg,26/V 2004,0.029011822,Moesgård Skov EJ,0.013564717
1708032.jpeg,17/8-19.,0.663234313,Ørholm St.,0.328150955
1706913.jpeg,25.9.21,0.278244923,Dyrehaven,0.307653834
1710345.jpeg,19-7-1959,0.474007275,S.Sjælland Mogenstrup,0.212594726
1706378.jpeg,8/6 62,0.028417702,Rørvig,0.913358594
1742795.jpeg,MISSING,0.424398303,Boserup,0.844440740
1708714.jpeg,29.3.1975.,0.633825402,Tykskov v. Brande,0.262500758
1706346.jpeg,MISSING,0.858402546,Ti,0.975741134
1708852.jpeg,15-XI-1976,0.610060624,Ejstrupholm,0.626398909
1707577.jpeg,12.6.1999,0.725913913,Tolne Bakker,0.410733556
1705831.jpeg,5/1870,0.301415580,Dyrehaven,0.586889967
1707634.jpeg,6/1871,0.105356169,Vendsyssel,0.356668687
1705541.jpeg,31-5-1917,0.971285238,Vraa,0.937717490
1728479.jpeg,MISSING,0.456183692,Lolland,0.847708396
1706096.jpeg,MISSING,0.893752652,Dyrehaven,0.795425887
1709404.jpeg,27.IV.2022,0.540548651,"DENMARK: NEZ: Helsingør, Grønne Vestkile, 56.0375N, 12.5598E",0.624319491
1709542.jpeg,MISSING,0.515595635,Lolland,0.852164292
1706995.jpeg,MISSING,0.804040618,Lolland,0.864343741
1707892.jpeg,7-3-1972,0.684622613,EJSTRUPHOLM,0.627884207
1708374.jpeg,5-5-49,0.658184298,''Østerlide'',0.061985450
1707682.jpeg,MISSING,0.713734465,MISSING,0.162985753
1742746.jpeg,MISSING,0.433607154,Øbjerggaard,0.620160655
1708863.jpeg,26.10.72,0.087829645,Marselisb. Sk.,0.246162473
1707023.jpeg,27/8 1911,0.801664141,Dyrehaven,0.759184601
1706056.jpeg,22.6.1942,0.899693847,Femmøller,0.586592907
1707837.jpeg,MISSING,0.693831464,MISSING,0.494504395
1742775.jpeg,5/1870,0.127932707,Dyrehaven,0.329042134
1708683.jpeg,14.10.28.,0.638875417,Springforbi,0.324883298
1742992.jpeg,29-5-1952,0.417862989,Dyrehaven,0.712843286
1743713.jpeg,MISSING,0.386671719,MISSING,0.430042437
1708012.jpeg,11-5-84,0.022179448,Klampenborg Dyrehave,0.019505911
1743966.jpeg,26.8.87,0.201900576,Harboør,0.067629585
1707326.jpeg,MISSING,0.762155199,Bornholm,0.818893604
1708855.jpeg,1-11-1959,0.167441649,Silkeborg,0.738093362
1744619.jpeg,18/5/890,0.060500152,Seloø Strand,0.058420734
1710357.jpeg,26-8-1956,0.471333737,Nekselø S.,0.667987269
1708790.jpeg,MISSING,0.130903304,MISSING,0.473710215
1707885.jpeg,1-11-1964,0.259827220,Silkeborg,0.744034556
1744681.jpeg,9.5.86,0.013564717,Donse,0.013861776
1705727.jpeg,MISSING,0.944252804,MISSING,0.531042740
1744616.jpeg,29/5-98,0.149618066,ydre Bjerrum,0.090206123
1709448.jpeg,20.V. 1916,0.165659291,Tg. Madum Sø,0.040300091
1705692.jpeg,MISSING,0.951382237,Bo,0.977226432
1707906.jpeg,26.9.1922,0.681652016,Dyrehaven,0.742846317
1709017.jpeg,MISSING,0.587781146,MISSING,0.465095483
1709914.jpeg,MISSING,0.128229767,Amserin. Son.,0.010000000
1706361.jpeg,MISSING,0.855729009,MISSING,0.165956350
1709414.jpeg,27.IV.2022,0.537578054,"DENMARK: NEZ: Helsingør, Grønne Vestkile, 56.0375N, 12.5598E",0.607090027
1707788.jpeg,6/1862,0.103276751,Jægerspris,0.030794180
1707555.jpeg,9-6-1954,0.731260988,Paradisbakkerne Bornh.,0.127041528
1707162.jpeg,MISSING,0.789781752,MS,0.918408609
1708403.jpeg,21.9.19,0.251806608,Holte,0.802258260
1706242.jpeg,9-6-1971,0.292206729,Læsø,0.894346772
1709528.jpeg,MISSING,0.518269172,Kb,0.956135192
1706360.jpeg,MISSING,0.856026069,MISSING,0.519754471
1709531.jpeg,MISSING,0.517675053,MISSING,0.453807214
1708729.jpeg,20.10.1946,0.631151864,rø. Salten,0.034655956
1705611.jpeg,MISSING,0.963561685,MISSING,0.533419218
1708020.jpeg,MISSING,0.665016672,MISSING,0.488266141
1707966.jpeg,MISSING,0.674522583,Falster,0.888405577
1705905.jpeg,31/5-1930 | 31/5-30,0.921379206,Ærø Svendborg Amt,0.280621400
1743587.jpeg,MISSING,0.390236435,MISSING,0.431230676
1744644.jpeg,22-5-1955 | 22-5-1955 | 22-5-1955 | 22-5-1955,0.090206123,Skallingen | Skallingen | Skallingen | Skallingen,0.244974235
1710343.jpeg,26-8-1956,0.474601394,Nekselø S.,0.669769627
1706021.jpeg,19.V.2022,0.906229160,"Denmark: Samsø: EJ: Følsdal Bakke, 55.9922N, 10.5515E, h30m",0.564610488
1743972.jpeg,MISSING,0.353401031,MISSING,0.426477721
1708476.jpeg,MISSING,0.643034253,MISSING,0.483513186
1707790.jpeg,76/1862,0.040003031,Jægerspris,0.558966353
1709436.jpeg,27.IV.2022,0.532825099,"DENMARK: NEZ: Hellebæk Avlsgård, Kohave, 56.0554N, 12.5439E",0.620754774
1705987.jpeg,8-7-1951,0.911279176,Nivå,0.936529251
1705626.jpeg,26-6-1955,0.961482267,Lindholm,0.702446196
1743747.jpeg,27.7.03,0.176650500,Funder,0.695613822
1705653.jpeg,7 1883,0.027526523,Vojens,0.911576235
1744563.jpeg,MISSING,0.335874507,Kb,0.944252804
1709894.jpeg,MISSING,0.490345559,Kb,0.955244013
1744672.jpeg,MISSING,0.324289179,MISSING,0.420536526
1706142.jpeg,MISSING,0.884840861,Bo,0.832261291
1705832.jpeg,MISSING,0.930290997,Odense,0.914546832
1707785.jpeg,76/1862,0.038814792,Jægerspris,0.030200061
1706865.jpeg,4.7-72,0.279730221,Buresø NS,0.020694150
1709167.jpeg,MISSING,0.572334041,MISSING,0.458263110
1708467.jpeg,MISSING,0.644519551,MISSING,0.485295544
1728601.jpeg,17.7.1949,0.439845408,Saltholm,0.809684753
1708812.jpeg,MISSING,0.619269476,MISSING,0.473413156
1707321.jpeg,MISSING,0.763343437,Dyrehaven,0.542033950
1706295.jpeg,23.VII.2021,0.863749621,"DENMARK: NWJ, Sundsøre, 56.71N, 9.17E, 10 m",0.326665656
1706405.jpeg,21.VII.2004 | 21.VII.2004,0.102385571,Lodskovvad NEJ | Lodskovvad NEJ,0.305574416
1709574.jpeg,5/5 1890,0.180809336,Saltesø Skov.,0.251806608
1742769.jpeg,MISSING,0.428854198,Kb,0.950788118
1710337.jpeg,23-6-1961,0.476086693,"MidtJylland Galgehøj, Hjarbæk",0.189424068
1742810.jpeg,4.79,0.215268263,Nasby,0.151103365
1709534.jpeg,5/1870,0.230418309,Dyrehaven,0.719378600
1706088.jpeg,MISSING,0.895832070,Veilø Bugt.,0.091691422
1707128.jpeg,28.7.18,0.271115490,Dyrehaven,0.686702031
1709165.jpeg,MISSING,0.572928160,MISSING,0.458857229
1706400.jpeg,21.VII.2004,0.850678994,Lodskovvad NEJ,0.310030312
1709481.jpeg,MISSING,0.527775083,Dyrehaven,0.782355259
1708342.jpeg,22-9-36,0.254777205,Bovbj.,0.062579570
1709549.jpeg,MISSING,0.513813277,MISSING,0.452024856
1705926.jpeg,29-7-49.,0.917517430,Asserbo,0.871770233
1706943.jpeg,26/5 1870,0.812358290,Dyrehaven,0.577384056
1707373.jpeg,MISSING,0.752649288,MISSING,0.164471052
1708960.jpeg,7/9.1870,0.061094271,Bornholm,0.271115490
1709560.jpeg,IV. 91.,0.229527129,Sondbg,0.114267960
1706440.jpeg,14/6.1871,0.169818127,Dronninglund,0.117238557
1706265.jpeg,MISSING,0.136250379,MISSING,0.338250985
1706442.jpeg,14/6.1871,0.142785693,Dronninglund,0.173679903
1707420.jpeg,7/7.1906,0.747599273,Lønstrup,0.266659594
1706517.jpeg,15/6 71,0.086641406,Dronninglund,0.309436193
1707237.jpeg,MISSING,0.779384662,MISSING,0.508466202
1706403.jpeg,21.VII.2004 | 21.VII.2004,0.102682631,Lodskovvad NEJ | Lodskovvad NEJ,0.305871476
1728585.jpeg,10.6.1979,0.442518945,Østrig,0.897911488
1706070.jpeg,30.5.1903,0.897614429,Halk,0.658481358
1707879.jpeg,MISSING,0.687296150,Sorø,0.386968778
1705473.jpeg,7/1870,0.982276447,Ørholm,0.295474386
1706873.jpeg,26-7-1951,0.820378903,Nivå,0.935638072
1706821.jpeg,Juni 1942,0.829290694,Rønshoved Rinkenæs,0.153182783
1708433.jpeg,21-X 1983,0.649866626,BOVBJERG,0.542925129
1708964.jpeg,MISSING,0.596692937,Kb,0.965344044
1709324.jpeg,13-4-49,0.553025159,Dyrehaven,0.726805092
1709840.jpeg,19.7.1928,0.495395574,Dronninglund,0.380730524
1707705.jpeg,Juli 77,0.066441346,MISSING,0.135656259
1743772.jpeg,28/7 1930,0.379542286,Orø,0.025150045
1706044.jpeg,20.5.34,0.902070324,Reersø,0.906229160
1743056.jpeg,15.10.21,0.407168839,Dyrehaven,0.775819945
1743542.jpeg,MISSING,0.399148227,Øbjerggård,0.375383450
1709346.jpeg,7/6 1949,0.072382540,Stensbæk Plantage Sønderjylland,0.190909366
1708771.jpeg,MISSING,0.313595029,MISSING,0.116050318
1705442.jpeg,4.6.19,0.312406790,Thorsager,0.798693543
1707846.jpeg,MISSING,0.691752046,MISSING,0.492722037
1744663.jpeg,29/5 98,0.199227038,ydre Bjerrum,0.229230070
1709769.jpeg,2o-5-1956,0.185562292,JægersprisNord skov,0.254777205
1707648.jpeg,MISSING,0.718190361,Kjøbenhavns Omegn,0.201900576
1706328.jpeg,5/1857,0.075056078,Rørvig,0.213485905
1707941.jpeg,15.10.21,0.676304941,Dyrehaven,0.555698697
1707071.jpeg,MISSING,0.795425887,MISSING,0.512030918
1707907.jpeg,26.9.1922,0.681354956,Dyrehaven,0.325477417
1743986.jpeg,13.IX.1986,0.350727493,NWZ: Audebo,0.302603819
1706159.jpeg,MISSING,0.880384965,Lolland,0.869690815
1709024.jpeg,13/9 1887.,0.586295847,København,0.736311003
1709412.jpeg,27.IV.2022,0.538172173,"DENMARK: NEZ: Helsingør, Grønne Vestkile, 56.0375N, 12.5598E",0.640360715
1706164.jpeg,1/8.1901,0.879196726,Sandager Lolland,0.304980297
1707962.jpeg,MISSING,0.675413762,Falster,0.152291604
1705929.jpeg,7-6-49.,0.916626250,Tisvilde,0.821864201
1728519.jpeg,10/4 1935. | 10/4 35,0.107732646,Ærø Svendborg Amt,0.080997272
1708776.jpeg,MISSING,0.623428312,MISSING,0.475492574
1707782.jpeg,16/1862,0.045053046,Jægerspris,0.029605941
1709495.jpeg,MISSING,0.524210367,Dyrehaven,0.780572901
1708357.jpeg,13-5-1910,0.659075477,Knudshoved,0.611545923
1708868.jpeg,26.10.72,0.244677175,Marselisb.Sk.,0.097038497
1708980.jpeg,MISSING,0.594910579,MISSING,0.160906335
1707400.jpeg,MISSING,0.748193392,MISSING,0.503119127
1709302.jpeg,9/5.1901,0.557183995,Ved Kjeldskov,0.284780236
1707552.jpeg,19-6-1955,0.731855108,Hvorup,0.903852683
1728456.jpeg,MISSING,0.461530767,Kb,0.953758715
1707860.jpeg,MISSING,0.690266747,MISSING,0.491830858
1708461.jpeg,MISSING,0.646004850,MISSING,0.486483783
1707130.jpeg,18.8.61 | 28.7.18 | 4.9.62 | 3.8.63,0.068520764,Dyrehaven | Dyrehaven | Dyrehaven | Dyrehaven,0.124962110
1728517.jpeg,3/5 1934 | 3/5-34,0.217941801,Rudkøbing Svendborg Amt | Ru,0.557481055
1709511.jpeg,MISSING,0.521536829,Kb,0.959105790
1743789.jpeg,31/7 1934 | 31/7 34,0.107138527,Ærø Svendborg Amt | Æ,0.387265838
1709444.jpeg,26.9.1922 | 21.4.1912,0.102088512,Dyrehaven | Holte,0.318347984
1709869.jpeg,12/7.1870,0.494504395,Ørholm,0.901179145
1710371.jpeg,22. 7. 1986,0.469254319,Uglestrup Mose,0.263688997
1743493.jpeg,6/6.1870,0.404792361,Bo | Østerlars,0.697990300
1709350.jpeg,MISSING,0.549460443,MISSING,0.454995453
1743760.jpeg,25/7 1930,0.380730524,Taasinge,0.383107002
1707743.jpeg,9.VI.1982,0.704822674,Skallingen WJ,0.051291300
1728530.jpeg,1-3-59,0.450836617,Dyrehaven,0.715219764
1743807.jpeg,30.6.1924,0.054261898,Hjørring,0.807308275
1705769.jpeg,23-5-1915,0.938014550,Skagen,0.908308578
1706980.jpeg,MISSING,0.807902395,MISSING,0.165065171
1707524.jpeg,13/6 1954,0.735122764,"Ørgaard Nors, Thy",0.292800849
1708780.jpeg,MISSING,0.622537132,MISSING,0.474601394
1706880.jpeg,22.9.1996,0.819190664,Dyrehaven,0.760966960
1728583.jpeg,10.6.1979,0.217050621,Østrig,0.898208548
1707058.jpeg,1.7.28,0.796317066,Eremitagen,0.678681419
1707261.jpeg,11.8. 1993,0.773443468,"Lindeskov, Falster",0.176947560
1705764.jpeg,24-5-1915,0.938608669,Skagen,0.909793877
1708434.jpeg,21-X-1983,0.068817824,TRANS,0.228635950
1709781.jpeg,14.IV.1995,0.502822067,LFM PF67 MALTRUP,0.299336162
1728570.jpeg,MISSING,0.446083662,MISSING,0.439845408
1705811.jpeg,MISSING,0.933261594,Dyrehaven,0.796911185
1705959.jpeg,16.6.1929,0.298147924,Bellinge skov,0.093473780
1743546.jpeg,MISSING,0.398257048,Øbjerggaard,0.577978175
1708715.jpeg,30.3.1975.,0.633528342,Harrild hede,0.572631100
1707179.jpeg,MISSING,0.787405274,MS,0.201009397
1728516.jpeg,3/5 1934. | 3/5-34,0.218238860,Rudkøbing Svendborg Amt | Ru,0.616298878
1705650.jpeg,1883,0.306168536,Vojens,0.915140952
1707573.jpeg,23/5 1981,0.727102152,DYREHAVEN,0.745519855
1706406.jpeg,21.VII.2004 | 21.VII.2004,0.112188542,Lodskovvad NEJ | Lodskovvad NEJ,0.279136102
1710358.jpeg,26-7-1951,0.471036678,Nivå,0.933261594
1709473.jpeg,MISSING,0.529557442,Dyrehaven,0.231606547
1743712.jpeg,13/5 1892,0.386968778,Horsens,0.840578963
1705927.jpeg,12-6-43,0.917220370,Sandbjerg,0.768690512
1705882.jpeg,6-7.37,0.100009094,Trelde,0.302306760
1705631.jpeg,21.7.1974.,0.960888148,Rø,0.977820552
1709292.jpeg,MISSING,0.558966353,Kb,0.960888148
1707303.jpeg,18.5.1929,0.765719915,Hovslund,0.343301000
1708419.jpeg,25.-9.-1960,0.251212489,Jægerspr. N.sk.,0.152588663
1743811.jpeg,16.6.1929,0.207544711,Bellinge skov,0.093176720
1743585.jpeg,MISSING,0.390533495,Boserup,0.885732040
1706075.jpeg,26.5.1937,0.295771446,Hovslund,0.358451046
1709850.jpeg,23-7.22,0.093770840,Tisvilde,0.698584420
1728521.jpeg,3/5 1934. | 3/5-34,0.109812064,Rudkøbing Svendborg Amt | Ru,0.553025159
1708871.jpeg,26-10-1972,0.608575326,Marselisborg Dyreh,0.203088815
1709880.jpeg,12/7.1870,0.492722037,Ørholm,0.395880570
1707857.jpeg,6.6.92,0.260718400,Kulhuus,0.106841467
1705884.jpeg,6/7 1932,0.923755684,Sandvig,0.873255532
1743749.jpeg,27.7.03,0.382809942,Funder,0.896129130
1706236.jpeg,30.5 1964,0.872661413,V.Sjælland Røsnæs Kongstrup Kl,0.197147620
1710402.jpeg,5. 5. 1916,0.464501364,Hansted Sk.,0.264580176
1709423.jpeg,27.IV.2022,0.535498636,"DENMARK: NEZ: Helsingør, Grønne Vestkile, 56.0375N, 12.5598E",0.604713550
1708929.jpeg,22.8.02,0.046241285,Horsager,0.062282510
1707086.jpeg,29-5-1951,0.792158230,Dyrehaven,0.755322825
1744689.jpeg,10-5-1956,0.322803880,Kongelunden,0.342112761
1706426.jpeg,17/6.1871,0.847411337,Dronninglund,0.302009700
1706391.jpeg,1.7.2000,0.852461352,Lodskovvad,0.681949075
1743904.jpeg,24/7 1948,0.358748105,Stensbæk Plantage Sønderjylland,0.186156411
1709006.jpeg,MISSING,0.589266444,Lolland,0.854243710
1708371.jpeg,17.-4.-45.,0.253291907,''Svinget'' ov.,0.046241285
1708458.jpeg,14.9.09,0.646896029,Skagen,0.579760533
1706348.jpeg,MISSING,0.858105487,Ti,0.917814489
1706059.jpeg,7. 6. 1914,0.898802667,Gentofte,0.545598666
1709340.jpeg,19-9-1953,0.058123674,Dyrehaven,0.724725674
1706431.jpeg,17/6.1871,0.118129736,Dronninglund,0.299930282
1706099.jpeg,MISSING,0.893158533,Veilø Bugt,0.222397696
1707182.jpeg,MISSING,0.786514095,MS,0.147241588
1708480.jpeg,MISSING,0.642143074,MISSING,0.482622007
1706831.jpeg,1.7.28.,0.827211276,Eremitagen,0.680760837
1707883.jpeg,7-11-1965,0.686404971,Grejs Jylland,0.265471355
1743955.jpeg,7-6-1971,0.203682934,Læsø,0.050994241
1708992.jpeg,MISSING,0.591939982,MISSING,0.466580782
1709452.jpeg,8.V. 1917,0.181106396,Hansted,0.684919673
1743822.jpeg,16.6.1929,0.371818733,Lellinge skov,0.379839345
1707678.jpeg,MISSING,0.714625644,MISSING,0.163282813
1708915.jpeg,10. 10. 1884,0.600554714,Erlev,0.801961200
1707677.jpeg,6/1870,0.147835708,Bornholm,0.598772355
1706395.jpeg,2.7.2000,0.851570173,Lodskovvad,0.681354956
1709381.jpeg,26.3.1973,0.545598666,Dyrehaven,0.721160958
1707412.jpeg,21-5-86,0.267550773,Esbjerg,0.889890876
1742819.jpeg,22/5.1917,0.214674144,Vester Ulslev Vestermosen,0.178729918
1728486.jpeg,6.1914,0.454698393,Silkeborg,0.777899363
1705997.jpeg,23-7-44,0.178432858,DANMARK | Stasevang,0.705713853
1709104.jpeg,10-9 1935,0.238735981,Jy. Herning Brændgaard,0.191206426
1707435.jpeg,28/5 1911,0.744925735,Hornbæk,0.594019400
1705636.jpeg,5-6-18.,0.306465596,Læsaa. Bornh.,0.238735981
1743875.jpeg,6-9-49,0.362906941,Sønderskov. Høvelte,0.235468324
1707688.jpeg,MISSING,0.080403152,Tiis-Sø,0.304683237
1705826.jpeg,13/5..1870.,0.301712640,Aldershvile | NS,0.067035465
1709957.jpeg,MISSING,0.481730828,MISSING,0.444004244
1707779.jpeg,6/1862,0.152885723,Jægerspris,0.028714762
1709021.jpeg,MISSING,0.587187026,MISSING,0.464501364
1707065.jpeg,7/6 89,0.148429827,Harboør,0.609169445
1706998.jpeg,MISSING,0.803149439,Lolland,0.863452561
1705567.jpeg,7. Sep. 1942,0.970096999,Ø. Assels Mors,0.374492270
1742799.jpeg,MISSING,0.423507123,MISSING,0.437171870
1706765.jpeg,10/8 1930.,0.835826008,"Jyll, Holmsland",0.213782965
1709048.jpeg,19-9-86,0.151400424,Klitmuller,0.084561988
1708957.jpeg,7/9 870.,0.048023644,Bornholm,0.088126705
1708462.jpeg,MISSING,0.645707790,MISSING,0.486186723
1709973.jpeg,17-7-51.,0.480245529,Stubbergaard Sevel,0.170115186
1707060.jpeg,23-9-1973,0.272897848,Dyrehaven,0.555995756
1707180.jpeg,MISSING,0.787108215,NS,0.025744165
1707778.jpeg,8 6/1862,0.030200061,Jægerspris,0.031685359
1707200.jpeg,MISSING,0.785028797,MISSING,0.509654441
1706884.jpeg,14-7-14,0.160312216,Raageleje,0.794831767
1728454.jpeg,MISSING,0.461827827,Kb,0.980197029
1707560.jpeg,26-6-1955,0.730072749,Lindholm,0.816517126
1708465.jpeg,MISSING,0.645113671,MISSING,0.150806305
1706994.jpeg,MISSING,0.804337678,Lolland,0.864640800
1743908.jpeg,23/6-29/6 1942,0.358153986,Hagebro v. Skive,0.055153077
1707018.jpeg,25/5 85,0.274680206,Lorup,0.406574720
1707480.jpeg,5-6-1922,0.133873901,Dyrehaven,0.791861170
1705643.jpeg,8.8.1936,0.959105790,Arnager,0.037923613
1708932.jpeg,MISSING,0.598475296,Øbjerggård,0.382512883
1706474.jpeg,MISSING,0.844440740,Al,0.986138224
1705616.jpeg,21-6-1956,0.962967566,V.F. Høvblege Møn,0.300227342
1707061.jpeg,23-6-1977,0.272600788,Dyrehaven,0.686999091
1707595.jpeg,21.6.32,0.723834495,Skagen,0.903555623
1708742.jpeg,10/1872,0.177244620,Veile,0.286859654
1742802.jpeg,MISSING,0.423210064,MISSING,0.436874811
1705527.jpeg,MISSING,0.973364656,Falster,0.878008487
1706018.jpeg,19.V.2022,0.906823280,"Denmark: Samsø: EJ: Følsdal Bakke, 55.9922N, 10.5515E, h30m",0.565204607
1706957.jpeg,MISSING,0.811170052,Dyrehaven,0.759778721
1743816.jpeg,16.6.1929,0.372709912,Hellinge skov,0.094662019
1744702.jpeg,10-5-1956,0.140112155,Kongelunden,0.616892998
1743804.jpeg,19.8.1941,0.375086390,Als - Hurup,0.057826614
1709815.jpeg,12.IV.2011,0.497474992,Sukkertoppen EJ,0.283294938
1707515.jpeg,22-5-1965,0.736013944,V.Sjælland Røsnæs Kongstrup Kl,0.111891482
1706505.jpeg,15/6 71,0.282997878,Dronninglund bakker,0.146350409
1728504.jpeg,7/5 96,0.150212186,Damhus-mosen,0.095850258
1705441.jpeg,27.5.22,0.985841164,Søllerød,0.827508336
1707501.jpeg,16-5-1976,0.737499242,Jægerspr. NSJ,0.056638375
1709765.jpeg,23-10-1955,0.505792664,Dyrehaven,0.718487420
1707281.jpeg,18.6.32,0.769284632,Skagen,0.904743862
1742710.jpeg,18.5.1929,0.439251288,Hovslund,0.345677478
1744641.jpeg,22-5-1962,0.200118218,Skallingen,0.664422552
1705675.jpeg,3/6.1870,0.143973931,Rønne,0.702149136
1706330.jpeg,MISSING,0.860779024,MISSING,0.520942710
1706397.jpeg,21.VII.2004,0.851273113,Lodskovvad NEJ,0.343598060
1706085.jpeg,13/6.1870,0.061391331,Rønne,0.802852380
1707733.jpeg,MISSING,0.706307972,MISSING,0.495395574
1705909.jpeg,8-6-1914,0.161500455,Vamdrup,0.872661413
1742826.jpeg,13/5 1892,0.420833586,Dyrehaven,0.713437405
1705856.jpeg,26.7.1903,0.926132161,Fandskov,0.070897242
1707842.jpeg,MISSING,0.692643225,MISSING,0.493613216
1708905.jpeg,22.8.1915,0.602337072,Horsens,0.644222492
1709498.jpeg,MISSING,0.523319188,Dyrehaven,0.719675659
1728495.jpeg,15/4 1910,0.218832980,Vester Ulslev,0.394989391
1706974.jpeg,29/5 1870,0.168332828,Dyrehaven | Kb,0.690860867
1708696.jpeg,MISSING,0.637093059,MISSING,0.481433768
1706332.jpeg,MISSING,0.860184905,MISSING,0.520348590
1705638.jpeg,2-VI-1975,0.959699909,Ejstrupholm,0.630557745
1706836.jpeg,19-9-1953,0.826320097,Dyrehaven,0.615407699
1744463.jpeg,17.7. 24,0.113970900,Esbjerg,0.804040618
1708705.jpeg,MISSING,0.635310700,MISSING,0.479354350
1706001.jpeg,10.VIII 1997,0.297256744,Esbær,0.056935435
1706036.jpeg,5-10.47,0.296662625,Kongelunden,0.578572295
1706278.jpeg,18-6-1956,0.867611397,Redsle Fl.,0.353698090
1709959.jpeg,12/7 1939,0.481433768,Ærø Svendborg Amt,0.280027281
1706365.jpeg,MISSING,0.854837830,MISSING,0.519457411
1743936.jpeg,22-5-1965,0.355480449,V.Sjælland Røsnæs Kongstrup Kl,0.198632919
1707881.jpeg,23/10 1870,0.686702031,Dyrehaven,0.605604729
1706930.jpeg,19/5.1870,0.277947863,Dyrehaven,0.337359806
1706923.jpeg,5.6.22,0.037329494,Dyrehaven,0.794534707
1744655.jpeg,17-6-1911,0.325477417,Asminderød,0.663234313
1707254.jpeg,MISSING,0.774928766,Dyrehaven,0.540251591
1707031.jpeg,27-6-37,0.800772962,Grib,0.696802061
1709247.jpeg,16/4 1870,0.234577145,Dyrehaven,0.728587451
1706434.jpeg,14/6/871,0.033467717,Dronninglund.,0.250024250
1707363.jpeg,MISSING,0.754728706,Kb,0.971285238
1744438.jpeg,8.5.25,0.347756896,Saltholm,0.806417096
1709514.jpeg,16/4.1870,0.521239770,Ko | Dyrehaven,0.049806002
1706008.jpeg,4.VI.1988,0.908308578,Råbjerg K. | DK.NEJ. NJ88,0.097335556
1744543.jpeg,MISSING,0.339439224,Kb,0.947520461
1706288.jpeg,12.V.1990,0.865234920,Høstemark Skov NEJ,0.248538951
1707181.jpeg,MISSING,0.786811155,MS,0.984355865
1707638.jpeg,MISSING,0.719675659,Møen,0.883652622
1709887.jpeg,12/7.1870,0.223585935,NS | Ørholms-fælled,0.104762049
1706429.jpeg,17/6.1871,0.138923916,Dronninglund,0.183482874
1707312.jpeg,5.6.12,0.764828736,Dyrehaven,0.748787511
1709177.jpeg,MISSING,0.130012125,MISSING,0.456480752
1706802.jpeg,16/7 1937,0.281215520,Gudhjem,0.866720218
1707278.jpeg,17.6.1924,0.269333131,Slotved Skov,0.575304638
1709783.jpeg,14.IV.1995,0.502227948,LFM PF67 MALTRUP,0.319833283
1743956.jpeg,23.VII 1983,0.203385875,SKIBBY SJ.,0.091394362
1709540.jpeg,MISSING,0.516189754,Sorø,0.893158533
1707575.jpeg,12.6.1999,0.726508033,Tolne Bakker,0.574710518
1742730.jpeg,MISSING,0.437765990,Dyrehaven,0.585998788
1705689.jpeg,9/6 1870,0.304980297,Bo | Byå ved Rønne,0.382215823
1743808.jpeg,22.5.1933,0.374492270,Ristinge Klint,0.257153683
1707840.jpeg,MISSING,0.693237345,MISSING,0.493910276
1742986.jpeg,22.XII.1985,0.418457108,"NWZ: Tissø, NØ.",0.239924219
1706134.jpeg,MISSING,0.886920279,Bo,0.832558351
1706987.jpeg,MISSING,0.806120036,MISSING,0.513219157
1707712.jpeg,MISSING,0.708981510,Svejbæk,0.859293725
1705719.jpeg,MISSING,0.137438618,MISSING,0.339142164
1744561.jpeg,MISSING,0.336468627,Kb,0.944846923
1709191.jpeg,29-8-1952,0.569363443,Dyrehaven,0.731260988
1743786.jpeg,31/7 1938,0.377462868,Strandby Klit Frederikshavn,0.131497423
1709494.jpeg,MISSING,0.524507426,Dyrehaven,0.241409518
1744695.jpeg,10-5-1956,0.197444680,Kongelunden,0.341221582
1706871.jpeg,26-7-1964,0.820973022,NO.Sjælland Ganløse Hessel,0.127932707
1708861.jpeg,26.10.12,0.050400121,Marselisb.Sk.,0.096147317
1708345.jpeg,20-9.36,0.254183086,Vrist,0.803743559
1744636.jpeg,25-5-53,0.327556835,Tisvilde Strand,0.223585935
1709127.jpeg,25.9-1960,0.237547742,Jægerspr. N-sk.,0.102088512
1743729.jpeg,1-6-14,0.384889360,Raageleje,0.709872689
1743919.jpeg,5-5 1963,0.091988481,Tisvilde Hegn Nordsjælland,0.185562292
1709108.jpeg,6-9-49,0.579166414,"Sønderskov, Høvelte",0.105059109
1708702.jpeg,MISSING,0.636201879,MISSING,0.480245529
1707284.jpeg,17.6.1924,0.768690512,Slotved Skov,0.588375265
1744601.jpeg,MISSING,0.329339194,MISSING,0.421724765
1743062.jpeg,15.10.21,0.405980600,Dyrehaven,0.080700212
1707172.jpeg,MISSING,0.788296453,MS,0.973067596
1708362.jpeg,13-5-1910,0.167738709,Knudshoved,0.673631403
1742982.jpeg,19-5-1964,0.419348287,RYGET 45a,0.264877236
1743512.jpeg,MISSING,0.126447408,MISSING,0.331418612
1707301.jpeg,3.6.1899,0.766314035,Fredsted,0.559560473
1706408.jpeg,16.6.71.,0.288642013,Jyske Aas,0.261312519
1743566.jpeg,MISSING,0.394692331,Horsens,0.842361322
1709211.jpeg,21.10.31,0.236062443,Dyrehaven,0.599663534
1707762.jpeg,4.6.45,0.038220673,Røsnæs,0.574116399
1707346.jpeg,MISSING,0.757699303,Bo,0.984058806
1709026.jpeg,13/9 1887.,0.585701728,København,0.735716884
1743552.jpeg,23/7.1872,0.051291300,Næstved,0.381918763
1706921.jpeg,25.9.21,0.814140649,Dyrehaven,0.347459836
1707459.jpeg,1-6-50.,0.739875720,Hillerød,0.699772658
1708701.jpeg,MISSING,0.077432555,MISSING,0.480542589
1743964.jpeg,26.8.87,0.202494695,Harboør,0.068223704
1743889.jpeg,23-8-1953,0.361124583,"Ørgaard Nors, Thy",0.291612610
1707431.jpeg,17/6 1923,0.190909366,Ravneholm Ggr.,0.268441952
1743878.jpeg,17.3.1943,0.362015762,Frederikslund,0.402415884
1706475.jpeg,16/6 1871.,0.283294938,Nord for storskoven jydske ås. | Al,0.239033040
1706032.jpeg,22.VII.2021,0.903852683,"DENMARK: WJ, Poulsens Minde, 56.35N, 8.96E, 27 m",0.630260685
1708040.jpeg,5/7 1938. | 5/7 38,0.255668384,Tranekær Svendborg Amt,0.068520764
1708994.jpeg,MISSING,0.591642922,MISSING,0.466283722
1705774.jpeg,MISSING,0.937420430,Bornholm,0.827211276
1707922.jpeg,13.5.1938,0.678384359,Tranekjær,0.576789936
1706344.jpeg,MISSING,0.858699606,Ti,0.225665353
1705879.jpeg,19.6.38,0.924349803,Jægersp,0.252400727
1728527.jpeg,7/6-1941,0.451727796,Saltholm,0.810575932
1743001.jpeg,29.6.1986,0.416080630,Dybsø,0.318942104
1744460.jpeg,4.5.1938,0.345677478,Vestorris,0.059608972
1706950.jpeg,26/5.1870,0.276462564,Dyrehaven,0.288344953
1708459.jpeg,MISSING,0.646598969,MISSING,0.487077902
1709798.jpeg,24.5. 1949,0.500445590,Vedersø Jylland,0.223882995
1742823.jpeg,13/5 1892,0.421724765,Horsens,0.844143680
1742780.jpeg,MISSING,0.427368900,MISSING,0.155559260
1744440.jpeg,8.5.25,0.347459836,Saltholm,0.697396181
1706355.jpeg,MISSING,0.856620188,Ti,0.975444074
1706232.jpeg,1-6-50,0.873255532,Hestehaven. Hillerød,0.219130039
1705720.jpeg,5.72,0.304386178,Odense,0.911279176
1707494.jpeg,5.6.22,0.175165202,Dyrehaven,0.233091846
1706284.jpeg,18-6-1956,0.866423159,Redsle Fl.,0.353103971
1706411.jpeg,19.5.1941,0.848896635,Bygholm,0.644519551
1706188.jpeg,13-8-36,0.877414368,Hindsholm,0.766314035
1709303.jpeg,MISSING,0.556886935,MISSING,0.456183692
1707863.jpeg,MISSING,0.689672628,MISSING,0.491236738
1706476.jpeg,MISSING,0.844143680,Al,0.411624735
1707066.jpeg,25.V.87,0.042676569,Harboør,0.168035768
1706045.jpeg,12.9.37,0.154371022,Salpeterm,0.246756593
1707991.jpeg,MISSING,0.669472567,Kb,0.966532283
1743818.jpeg,16.6.1928,0.057826614,Lellinge skov,0.403307063
1744694.jpeg,10-5-1956,0.140409215,Kongelunden,0.617487117
1707177.jpeg,20/8 1888,0.269927251,Bognæs Roeskilde | MS,0.181997575
1708042.jpeg,29/5-1939. | 29/5-39,0.115456199,Tranekær Svendborg Amt | Tr,0.073570779
1742733.jpeg,MISSING,0.436874811,Jylland,0.016238254
1705704.jpeg,MISSING,0.948411640,SS,0.988514701
1707195.jpeg,27/7.18,0.177838739,Dyrehaven,0.754431646
1707936.jpeg,15.10.21,0.676602001,Dyrehaven,0.306465596
1709198.jpeg,26-8-1956,0.568175205,Nekselø V.,0.671254926
1709982.jpeg,9-8-1973 | 14-8-1974,0.479354350,Hørblese | Tisvilde,0.071194301
1742735.jpeg,MISSING,0.436577751,Dyrehaven,0.240518339
1707446.jpeg,4/6 93,0.743143377,Asserbo Overdrev,0.209624129
1708956.jpeg,4/9.1872,0.033170658,Dyrehaven,0.786811155
1705532.jpeg,MISSING,0.972176417,MISSING,0.536092755
1728494.jpeg,24/5.1910,0.454104274,Kjeldskov,0.715813883
1728551.jpeg,23-5-1954,0.217347681,Ganløse Or.,0.310624432
1708343.jpeg,22-9-36,0.254480145,Bovbjerg,0.074164898
1708846.jpeg,18-IV-1975,0.611545923,Tykskov krat,0.571442861
1728512.jpeg,11/6 1920,0.452618975,Gudhjem,0.845926038
1709624.jpeg,28/3-1948,0.185859351,Brenderup Fyn,0.284186117
1705755.jpeg,MISSING,0.940093968,Øbjerggaard,0.329636253
1708966.jpeg,MISSING,0.596395878,Kb,0.965046984
1707951.jpeg,6/1870,0.258044862,Dyrehaven,0.790672931
1706172.jpeg,7/6.1870.,0.878305547,Rø,0.831964232
1706788.jpeg,18.6.1949 1930,0.023664747,Hillerød,0.819784783
1707740.jpeg,9.6.1982.,0.705416793,Skallingen,0.675710821
1743862.jpeg,19-5-1912,0.205465293,Knudshoved,0.637093059
1706471.jpeg,14/6.1871.,0.283591998,Nord for storskoven Jydske ås | Al,0.171006366
1705796.jpeg,22.5.1898,0.302900879,Hald,0.020991209
1709482.jpeg,MISSING,0.527478024,Dyrehaven,0.272600788
1708763.jpeg,MISSING,0.625804789,MISSING,0.478166111
1707623.jpeg,MISSING,0.721755077,Tisvilde,0.699178539
1705514.jpeg,MISSING,0.975444074,MISSING,0.537578054
1706872.jpeg,26-7-1951,0.820675962,Nivå,0.940391028
1743834.jpeg,3/5-36,0.101197333,Boserup,0.840281904
1705549.jpeg,-/7 1930,0.106544407,Sandvig,0.642440133
1708919.jpeg,26.8.1940,0.600257654,Mols,0.801367081
1709319.jpeg,5.6-1907,0.129418005,Dyrehaven,0.727399212
1707825.jpeg,MISSING,0.695613822,Jægerspris,0.612140042
1707772.jpeg,MISSING,0.700366778,Øbjerggård,0.042676569
1707332.jpeg,MISSING,0.760669900,Bornholm,0.825725978
1743869.jpeg,29-7-49,0.364392240,Asserbo,0.839687784
1709539.jpeg,MISSING,0.516486814,MISSING,0.452916035
1705706.jpeg,17/8.1902,0.304683237,Vester Ulslev Havn,0.145162170
1705718.jpeg,MISSING,0.945143983,MISSING,0.531636860
1743954.jpeg,6-6-1970,0.049211882,LÆSØ,0.052182480
1706393.jpeg,1.7.2000,0.851867232,Lodskovvad,0.681652016
1743558.jpeg,MISSING,0.396177630,Skagen,0.897020309
1709451.jpeg,8.V. 1917,0.129120946,Hansted,0.852758412
1743886.jpeg,Juni. 1942,0.163579873,Rønshoved Rinkenæs,0.141894513
1706432.jpeg,17/6 1871,0.069114883,Dronninglund,0.229824189
1709909.jpeg,MISSING,0.487374962,MISSING,0.445786602
1706861.jpeg,19-8-1962,0.822458321,"NØ, KONGELUNDEN",0.183779933
1706154.jpeg,MISSING,0.881870264,Danmark,0.871176114
1705883.jpeg,-/7 1930,0.137141558,Sandvig,0.632340103
1708787.jpeg,10/73,0.096741437,Rask Horsens,0.587781146
1707334.jpeg,MISSING,0.760372840,Bornholm,0.818596544
1707497.jpeg,5.6-12,0.039408912,Dyrehaven,0.214674144
1710360.jpeg,26-8-1956,0.470739618,Nekselø S.,0.667690209
1707929.jpeg,13.5.1938,0.677790239,Aasø,0.830478933
1707048.jpeg,21-5-49,0.798693543,Eremitagen,0.680463777
1709632.jpeg,1/5-1942,0.509951500,Ramløse Sand,0.301118521
1707571.jpeg,15 MAY 1969,0.264580176,NWZ UTM:PG27 Røsnæs,0.168926948
1742815.jpeg,MISSING,0.422318885,Svejbæk,0.647193089
1706277.jpeg,18-6-1956,0.867908457,Redsle Fl.,0.353995150
1705673.jpeg,3/6.1870.,0.953164595,Rønne.,0.694722643
1708443.jpeg,Juni 1973,0.648084268,Danmark WJ Tipperne,0.161797514
1742709.jpeg,18.5.1929,0.216753562,Hovslund,0.417268869
1706382.jpeg,2/6 69.,0.148726887,N.Z.,0.033170658
1709953.jpeg,20.5.1918,0.020694150,Trekroner,0.051588360
1705730.jpeg,7-8-85 | 21-5-86,0.100603213,MISSING,0.530745681
1705767.jpeg,24-5-1915,0.146647469,Skagen,0.908902698
1744485.jpeg,MISSING,0.342409821,Øbjerggård,0.692346166
1709775.jpeg,20-5-1956,0.228041831,JægersprisNord skov,0.077135496
1705572.jpeg,3-7-43.,0.969502880,Veddinge Bakker,0.349539254
1705845.jpeg,MISSING,0.314783268,Sondbg,0.057232495
1707938.jpeg,16.10.21,0.053964838,Dyrehaven,0.325180358
1705559.jpeg,5-6-1922,0.162391634,Dyrehaven,0.771958169
1708872.jpeg,26-10-1972,0.608278266,Marselisborg Dyreh.,0.143676872
1708402.jpeg,22.9.18,0.252103668,Holte,0.802555320
1709453.jpeg,18.5.1924,0.230715368,Thorsager,0.720269779
1707491.jpeg,31-5-1917 | 1829,0.023367687,Vraa,0.934152774
1707720.jpeg,13-5-1972,0.708090330,Skallingen,0.676602001
1706080.jpeg,3/6.1870.,0.896426190,Rønne.,0.913952713
1743748.jpeg,27. 7. 03,0.383107002,Funder,0.912170355
1707364.jpeg,MISSING,0.754431646,Kb,0.970988178
1708961.jpeg,17/9.1870,0.083373750,Bornholm,0.688187329
1708875.jpeg,26-10-1972,0.607684147,Marselisborg Dyrh.,0.109515005
1709144.jpeg,24.8.1933,0.021288269,Pinds Mølle,0.286265535
1743524.jpeg,MISSING,0.401524704,Bornholm,0.808496514
1707000.jpeg,1882,0.113376781,Vendsyssel,0.082482570
1708903.jpeg,16.9.1943,0.602634132,Dyrehaven,0.737499242
1709538.jpeg,MISSING,0.516783874,MISSING,0.158232798
1742717.jpeg,9.6.1935,0.180215217,N. f. Rønne,0.227150652
1710386.jpeg,19.IX.1992,0.466283722,Høstemark Skov NEJ,0.247944832
1728596.jpeg,2.6.48,0.440439527,Tystofte Sjæll.,0.151697484
1706910.jpeg,10.8.1948,0.815625947,Dyrehaven,0.260718400
1708475.jpeg,MISSING,0.643331313,MISSING,0.483810246
1743059.jpeg,15.10.21,0.406574720,Dyrehaven,0.650460746
1706250.jpeg,7-6-1971,0.291612610,Læsø,0.894049712
1705804.jpeg,4.6.19,0.302306760,Thorsager,0.548569263
1708721.jpeg,20.10.1946,0.248538951,Salten,0.829587754
1743962.jpeg,19. 9. 75,0.018020612,MISSING,0.427368900
1708699.jpeg,MISSING,0.636498939,MISSING,0.480839648
1705925.jpeg,29-7-49.,0.917814489,Asserbo,0.872067293
1743550.jpeg,MISSING,0.397662928,Øbjerggård,0.253291907
1708414.jpeg,24-5-1955,0.652837223,Skallingen,0.672443165
1707259.jpeg,20.8.82,0.269630191,Rude Skov,0.258936041
1709558.jpeg,IV. 91.,0.229824189,Sandbg,0.060203092
1707755.jpeg,MISSING,0.702446196,Kagerup Sjæll.,0.097632616
1708038.jpeg,8/5 1936 | 8/5 36,0.116644438,Tranekær Svendborg Amt | Tr,0.396474689
1707365.jpeg,MISSING,0.754134586,Kb,0.970691119
1705528.jpeg,MISSING,0.973067596,MISSING,0.536686875
1710370.jpeg,2. 9. 1972,0.469551379,Svinø strand,0.408654138
1707352.jpeg,6/6. 1870.,0.756808124,Bo | Østerlars,0.890484995
1707589.jpeg,17 Mai 1951,0.724428615,Hobro Skov Jyll.,0.217941801
1705505.jpeg,MISSING,0.977523492,Boserup,0.879493786
1705825.jpeg,MISSING,0.930588057,MISSING,0.529557442
1709070.jpeg,6/9 1934 | 6/9 34 | 1834,0.031091240,Svanninge Svendborg Amt | Svan.,0.236953622
1728539.jpeg,13-5-1910,0.448757199,Knudshoved,0.665907851
1742748.jpeg,MISSING,0.433013034,Øbjerggård,0.375977569
1744447.jpeg,11.5.1947,0.346271597,Juelsminde,0.610357684
1743057.jpeg,15.10.21,0.406871779,Dyrehaven,0.086938466
1743991.jpeg,26-7-1951,0.349836314,Nivå,0.929399818
1707411.jpeg,21/5 86,0.083076690,MISSING,0.502525008
1743514.jpeg,MISSING,0.402415884,MISSING,0.433607154
1728526.jpeg,20/V.42,0.043567748,Ø. Assels Mors,0.206653531
1708867.jpeg,26.10.72,0.096444377,Marselisb. Sk.,0.366174598
1707568.jpeg,1-6-1958,0.727993331,Mogenstrup,0.249133071
1706047.jpeg,20.5.34,0.901476205,Reersø,0.905932101
1709311.jpeg,9/4 1934,0.555698697,Saltholm,0.811764171
1709837.jpeg,7. 1883,0.495692634,Faaborg,0.850381934
1709087.jpeg,15-9-1912,0.580354653,Holte,0.921973325
1706482.jpeg,17/6.1871.,0.843252501,Nord for storskoven Jydske as | Al,0.113970900
1705787.jpeg,27.6.1941,0.935935132,Gravenshoved,0.252697787
1743501.jpeg,MISSING,0.404198242,SS | Øbjerggård Næstved,0.269630191
1707992.jpeg,MISSING,0.669175508,Kb,0.966235223
1709373.jpeg,6-4-1952 | 6-4-1952,0.111297363,Dyrehaven | Dyrehaven,0.308247954
1706162.jpeg,MISSING,0.879493786,Lolland,0.868799636
1706467.jpeg,17/6.1871.,0.845926038,Nord for storskoven Vendsyssel | Al,0.245568354
1709432.jpeg,19.V.2022,0.534013337,"Denmark: Samsø: EJ: Følsdal Bakke, 55.9922N, 10.5515E, h30m",0.562531070
1743794.jpeg,3/6-1941,0.377165808,Kastrup Dyrehave Tystrup Sø,0.044755987
1742726.jpeg,17.5.22,0.438063049,Søllerød,0.635013640
1706922.jpeg,5.6.12,0.813843589,Dyrehaven,0.581542892
1708021.jpeg,MISSING,0.664719612,MISSING,0.487969082
1705608.jpeg,MISSING,0.964155805,MISSING,0.534013337
1705456.jpeg,MISSING,0.984058806,Veilø Bugt,0.322209761
1707329.jpeg,MISSING,0.761264019,Bornholm,0.689375568
1707323.jpeg,MISSING,0.763046378,Dyrehaven,0.287453774
1707318.jpeg,20.5.22,0.763937557,Søllerød,0.700069718
1705989.jpeg,8-7-1961,0.050103062,Nivå,0.936232192
1709169.jpeg,MISSING,0.571739921,MISSING,0.457668991
1744473.jpeg,MISSING,0.345083359,Øbjerggård,0.636795999
1705944.jpeg,25.5-1962,0.915140952,Skallingen,0.683434374
1709752.jpeg,MISSING,0.508169142,MISSING,0.448757199
1728505.jpeg,MISSING,0.453213095,Esbjerg,0.846520158
1707662.jpeg,MISSING,0.716705062,Møens klint. | MØ,0.351321613
1707381.jpeg,MISSING,0.750866929,MISSING,0.504307366
1705470.jpeg,7/1870,0.154965141,Ørholm,0.237547742
1706388.jpeg,8/62,0.104464989,Rørvig,0.905040921
1709077.jpeg,19-9-36,0.581245832,Klosterh,0.172788724
1728491.jpeg,28/4.1902,0.454401334,Vester Ulslev Haven,0.179324038
1705840.jpeg,MISSING,0.928805699,Boserup,0.874146711
1706033.jpeg,22.VII.2021,0.903555623,"DENMARK: WJ, Poulsens Minde, 56.35N, 8.96E, 27 m",0.629963625
1728556.jpeg,31.v.-2.vi.1983,0.448163080,F: PF 07 Ristinge Klint,0.131794483
1705738.jpeg,MISSING,0.942470446,Falster,0.875334950
1705896.jpeg,14/7 1930,0.139220976,"Sd.Sjæll., Langebæk",0.101494392
1708693.jpeg,21.X. 1976,0.637687178,"Sjælland Røsnæs, Kongstrup",0.191800546
1743801.jpeg,20/7-19.32,0.019208851,Skallingen,0.665610791
1706907.jpeg,5.5.1916,0.278541982,Hansted Skov,0.329933313
1706410.jpeg,19.5.1941,0.849193695,Bygholm,0.868502577
1743775.jpeg,28/7 1930.,0.378651106,Ærø.,0.582434071
1709952.jpeg,17/8-19,0.482324947,Ørholm St.,0.361124583
1707368.jpeg,MISSING,0.753243407,SS,0.970096999
1709331.jpeg,23-10-57.,0.550945741,Eremitagen,0.584513489
1743819.jpeg,16.6.1929,0.372115793,Hellinge skov,0.092879661
1707572.jpeg,15 MAY 1969,0.264283116,NWZ UTM:PG27 Røsnæs,0.164173992
1707867.jpeg,4.1.60,0.688484389,Silkeborg,0.744925735
1743854.jpeg,10-5-63,0.367065778,Faxe,0.931182176
1706189.jpeg,7/6 1937. | 7/6 37,0.110703243,Ærø Svendborg Amt | Æ,0.256559564
1744650.jpeg,22.5-1955,0.199821158,Skallingen,0.663531373
1705693.jpeg,MISSING,0.951085177,Bo,0.837905426
1707222.jpeg,28-8-1976,0.782058199,Krenkerup,0.751758109
1705610.jpeg,MISSING,0.963858745,MISSING,0.533716278
1744578.jpeg,MISSING,0.333200970,MISSING,0.425289482
1709742.jpeg,5-81,0.066738406,Jb. Dh.,0.056044256
1705703.jpeg,MISSING,0.948708700,SS,0.919893907
1709193.jpeg,29-8-1952,0.568769324,Dyrehaven,0.730666869
1709871.jpeg,12/7.1870,0.494207336,Ørholm,0.396177630
1728468.jpeg,MISSING,0.458560170,MISSING,0.442816005
1706014.jpeg,2.7.1950,0.907120339,Langeland,0.390830555
1707523.jpeg,13/6 1954,0.735419824,"Ørgaard Nors, Thy",0.272303728
1705993.jpeg,22.7.1989,0.910387996,Skejten v. Fuglsang,0.169521067
1706908.jpeg,5.5.1916,0.088126705,Hansted Skov,0.381324644
1708862.jpeg,26.10.72,0.609169445,Marselisb. Sk.,0.225071234
1709395.jpeg,27.IV.2022,0.542925129,"DENMARK: NEZ: Helsingør, Grønne Vestkile, 56.0375N, 12.5598E",0.605307669
1705998.jpeg,18/V 1994,0.909199758,Højrisplant,0.092582601
1709492.jpeg,MISSING,0.525101546,Dyrehaven,0.780869961
1743732.jpeg,7/5 96,0.092582601,Damhusmosen,0.247350712
1707367.jpeg,MISSING,0.753540467,SS,0.983167627
1707205.jpeg,31-7-1913,0.784731737,Dyrehaven,0.753837527
1710388.jpeg,3. VIII. 1991,0.465689603,NEJ:Høstemark Skov,0.176650500
1706066.jpeg,17.6.22,0.897911488,Dyrehaven,0.307950894
1709205.jpeg,16.4.27,0.566986966,Sorø,0.893455593
1705434.jpeg,5.6.1926,0.987029403,Halk,0.834637769
1742778.jpeg,MISSING,0.427665959,MISSING,0.155856320
1706150.jpeg,1882.,0.882761443,Aalborg,0.871473174
1705726.jpeg,12/8.1906,0.944549864,Vester Ulslev Haven,0.246459533
1707576.jpeg,12.6.1999,0.726210973,Tolne Bakker,0.393801152
1707253.jpeg,MISSING,0.775225826,Dyrehaven,0.070006062
1709811.jpeg,16.1.1988,0.498663231,Klostermølle EJ,0.202791755
1742805.jpeg,MISSING,0.422615944,MISSING,0.436280691
1706412.jpeg,8.7.1883,0.160609276,Husum,0.233983025
1707380.jpeg,MISSING,0.751163989,MISSING,0.504604426
1706779.jpeg,19-7-1908,0.834043650,Rungsted,0.700366778
1706510.jpeg,25/6 71,0.282403759,Dronninglund,0.547083965
1709162.jpeg,MISSING,0.573819339,MISSING,0.459748409
1743581.jpeg,MISSING,0.391424674,Boserup,0.886326159
1709351.jpeg,MISSING,0.549163383,MISSING,0.454698393
1706819.jpeg,4.VII.1968,0.829587754,SJÆLLAND RØRVIG,0.212891785
1705414.jpeg,12-6-1919,0.312703850,Tistrup,0.606792968
1708884.jpeg,13.10.1991,0.606198848,Marselisborg,0.570848742
1743497.jpeg,6/1862.,0.212594726,Ti | Kulhuset Jægerspris,0.315674447
1709391.jpeg,26.9. 1948,0.544113368,Dyrehaven Själl.,0.134468021
1705590.jpeg,27/7 1893,0.966829342,Aalborg,0.877414368
1709385.jpeg,10-IV-1976,0.172788724,Ejstrupholm,0.625804789
1709378.jpeg,12-10-1962,0.546489845,Dyrehaven,0.721755077
1706450.jpeg,17/6 1871,0.285077296,Jydske As,0.243191876
1707723.jpeg,24.5-1974,0.262797818,Skallingen,0.676304941
1706051.jpeg,6.6.1927,0.900882085,Høbjerg,0.579463474
1706339.jpeg,MISSING,0.858996666,Ti,0.126447408
1709062.jpeg,4/9 1940,0.582434071,Kulhus v. Jægerspris,0.147538648
1706895.jpeg,20-VII - 11-VIII - 2015,0.816517126,"DENMARK: 38 km North of Copenhagen, Strødam Naturreservat N55°57'E12°16'",0.129120946
1707890.jpeg,8.10.2009,0.685216732,"DANMARK: EJ, NH68 Hadsund",0.132982722
1705946.jpeg,13-5-1972,0.914843892,Skallingen,0.693831464
1705511.jpeg,MISSING,0.976335253,Lolland,0.878899667
1707517.jpeg,13/6 1954,0.265471355,"Ørgaard Nors, Thy",0.293394968
1705547.jpeg,7/6 1937. | 7/6 37,0.175462261,Ærø Svendborg Amt,0.081888451
1707020.jpeg,11-5-84,0.098523795,Klampenborg Dyrehave,0.143973931
1707807.jpeg,MISSING,0.698584420,Ti,0.917220370
1706373.jpeg,MISSING,0.854243710,MISSING,0.518863292
1707583.jpeg,17.V.1980,0.725022734,Gl. Ry,0.040597151
1705904.jpeg,28/7 1929. | 28/7 29,0.921676266,Ærø Svendborg Amt | Æ,0.222100637
1743525.jpeg,MISSING,0.401227645,MISSING,0.433013034
1706090.jpeg,MISSING,0.895237951,Veilø Bugt,0.414001212
1707958.jpeg,MISSING,0.676007881,Falster,0.583325250
1707806.jpeg,MISSING,0.698881479,Ti,0.917517430
1707738.jpeg,29.5.1981.,0.705713853,Blåvand,0.605901788
1707026.jpeg,16/9 1934. | 16/9 34,0.801367081,Hvidkilde Svendborg Amt,0.069114883
1706294.jpeg,22.VII.2021,0.864046681,"DENMARK: WJ, Poulsens Minde, 56.35N, 8.96E, 27 m",0.629072446
1709309.jpeg,8.5.1925,0.556292816,Saltholm,0.812358290
1707959.jpeg,MISSING,0.675710821,Falster,0.416080630
1709577.jpeg,28/4 1889,0.186156411,Donse,0.880682025
1707173.jpeg,13/8.1888.,0.168035768,Bognæs | MS,0.774928766
1728449.jpeg,MISSING,0.462421946,Kb,0.954352834
1705891.jpeg,4-7-1955,0.922864504,"Ørgaard Nors, Thy",0.234577145
1706850.jpeg,1.8.84,0.098820855,Nh,0.012079418
1706773.jpeg,20-6-1908,0.834934829,Tidsvilde,0.762452258
1707421.jpeg,23/6.1905,0.747302213,Mølgård Vendsyssel,0.182888754
1706247.jpeg,9-6-1971,0.870879054,Læsø,0.935935132
1706791.jpeg,4-8-1946,0.181997575,Hjørring,0.819487724
1709435.jpeg,19.V.2022,0.533122158,"Denmark: Samsø: EJ: Følsdal Bakke, 55.9922N, 10.5515E, h30m",0.591048803
1743735.jpeg,9.75,0.092285541,Odense,0.896426190
1709301.jpeg,6/9.1907,0.557481055,Budamosen (Vester Ulslev),0.063767808
1707964.jpeg,MISSING,0.675116702,Falster,0.858996666
1705862.jpeg,MISSING,0.924943922,MISSING,0.528072143
1709965.jpeg,12/7 1939 | 12/7 39,0.078323734,Ærø Svendborg Amt,0.079809033
1709465.jpeg,22. 9. 18,0.530448621,Holte,0.719972719
1709327.jpeg,13-4-49,0.552133980,Dyrehaven,0.725913913
1705446.jpeg,15/5 1870,0.100900273,Dyrehaven,0.798396484
1708991.jpeg,5/9.1870,0.592237042,Hammeren Bornholm,0.136250379
1705467.jpeg,7/1870,0.311515611,Ørholm,0.916032131
1707968.jpeg,MISSING,0.673928463,Falster,0.602040012
1708022.jpeg,27.9.1884,0.189721128,Tebbestrup Bakker,0.171897545
1707386.jpeg,MISSING,0.749975750,MISSING,0.503416187
1743503.jpeg,MISSING,0.403604122,SS,0.408060018
1743809.jpeg,16.6.1929,0.374195211,Lellinge skov,0.404198242
1709289.jpeg,MISSING,0.559857533,Kb,0.961779327
1707674.jpeg,MISSING,0.715219764,MISSING,0.163876932
1709408.jpeg,27.IV.2022,0.539360412,"DENMARK: NEZ: Helsingør, Grønne Vestkile, 56.0375N, 12.5598E",0.623725371
1708820.jpeg,MISSING,0.618081237,MISSING,0.472224917
1709992.jpeg,30.10 1964,0.478166111,V.Sjælland Røsnæs Kongstrup Kl,0.203385875
1743827.jpeg,16.6.1929,0.370927554,Lellinge skov,0.402712943
1706451.jpeg,17/6.1871,0.847114277,Jydske Ås,0.173382843
1706912.jpeg,1883,0.815328888,Dyrehaven,0.556292816
1709524.jpeg,MISSING,0.519160352,Kb,0.957026372
1743000.jpeg,29.6.1986,0.416377690,Dybsø,0.695019703
1708483.jpeg,21.9.72,0.641548954,Blåvand,0.045350106
1744588.jpeg,MISSING,0.331121552,MISSING,0.423507123
1709342.jpeg,19-9-1953,0.232200667,Dyrehaven,0.724131555
1705751.jpeg,8-7-60,0.940688087,Vstr. Sømark,0.545895726
1744480.jpeg,MISSING,0.343598060,Øbjerggård,0.394395271
1743516.jpeg,6/6 92,0.212297666,Jægerspris,0.637687178
1728506.jpeg,MISSING,0.452916035,Esbjerg,0.846223098
1708967.jpeg,MISSING,0.596098818,Kb,0.964749924
1705552.jpeg,10-7-37,0.308842073,Rands Fj.,0.687593210
1706035.jpeg,21.VII.2021,0.902961503,"DENMARK: WJ, Gryde Å, 56.35N, 8.50E, 10 m",0.286562595
1706083.jpeg,13/6.1870,0.061688390,Rønne,0.268144892
1705646.jpeg,8.8.1936,0.958511670,Arnager,0.037032434
1706845.jpeg,11-8-49.,0.824537739,Vaserne,0.595504698
1709195.jpeg,29-8-1952,0.236359503,Dyrehaven,0.730072749
1706479.jpeg,MISSING,0.843549560,Al,0.985544104
1709339.jpeg,14-9-1953,0.166253410,Dyrehaven,0.783840558
1728598.jpeg,7.5.1948,0.180512276,Sorø Sjælland,0.282997878
1707375.jpeg,MISSING,0.752055168,MISSING,0.505495605
1705629.jpeg,10/6 1974,0.961185208,STRUER,0.646598969
1743787.jpeg,4/9 1940,0.053073659,Kulhus v. Jægerspris,0.146944529
1707056.jpeg,21.5.1949,0.098226735,Eremitagesletten Dyrehaven,0.138032737
1709228.jpeg,27. 3. 1948,0.084264929,Højkol,0.567284025
1709470.jpeg,MISSING,0.530151561,Dyrehaven,0.550054562
1743852.jpeg,10-6-63,0.205762352,Faxe,0.931776296
1710341.jpeg,23-6-1961,0.474898454,"MidtJylland Galgehøj, Hjarbæk",0.188235829
1705939.jpeg,2.8 1965,0.915735071,V.Sjælland Røsnæs Kongstrup.Kl,0.198038800
1705932.jpeg,11. 5. 49.,0.154668081,Herlev,0.907714459
1709984.jpeg,9-8-1973,0.157638678,Høvblege,0.401524704
1709920.jpeg,MISSING,0.485592604,Boserup,0.803149439
1742721.jpeg,17.5.22,0.216456502,Søllerød,0.635310700
1728474.jpeg,MISSING,0.457371931,MISSING,0.442518945
1744654.jpeg,9-7-1911,0.087532586,Asminderød,0.042379509
1706961.jpeg,MISSING,0.810278872,Dyrchaven,0.071491361
1707630.jpeg,MISSING,0.720863898,Bornholm,0.815328888
1743714.jpeg,20/8.1902,0.210812367,Ved Vester Ulslev,0.150509245
1709189.jpeg,29-8-1952,0.569957563,Dyrehaven,0.731855108
1708363.jpeg,17-6-1911,0.658481358,Asminderød,0.673334344
1743778.jpeg,9-8-36,0.015941194,Grib,0.655510761
1705757.jpeg,20-8-1979,0.304089118,Dueodde,0.366768718
1706806.jpeg,15/8 1968,0.830478933,Jylland Ringkøbing: Vedersø Klit,0.196256441
1707184.jpeg,MISSING,0.786217035,MISSING,0.510545620
1707250.jpeg,MISSING,0.776117005,Dyrehaven,0.089314944
1744583.jpeg,MISSING,0.332309791,MISSING,0.424398303
1708361.jpeg,14-5-1914 | 18/9,0.027229463,Vamdrup,0.593128221
1708757.jpeg,10/1873,0.247944832,Ho | Rask Horsens,0.357856926
1743564.jpeg,MISSING,0.395286450,Rye,0.359045165
1705821.jpeg,MISSING,0.931182176,Slesvig,0.596395878
1707448.jpeg,13/6-1939. | 13/6 39,0.742846317,Ærø Svendborg Amt,0.080403152
1743812.jpeg,16.6.1929,0.373601091,Lellinge skov,0.427963019
1706926.jpeg,19/5.1870,0.168926948,Dyrehaven,0.760669900
1708006.jpeg,MISSING,0.666501970,Lolland,0.856323128
1708411.jpeg,14.4.18,0.653728403,Tisvilde,0.738687481
1708384.jpeg,17-9.49.,0.252697787,Grib Skov.,0.611248863
1707809.jpeg,MISSING,0.698287360,Ti,0.969502880
1707691.jpeg,MISSING,0.711952107,Boserup,0.889296757
1706874.jpeg,26-7-1951,0.279136102,Nivå,0.940093968
1707915.jpeg,1.10.1929.,0.679869657,Jægerspris,0.418457108
1709576.jpeg,21/4 1889.,0.511139739,Rude Hegn,0.779384662
1705824.jpeg,Juli 1819.,0.302009700,Sielland,0.826914216
1708986.jpeg,MISSING,0.593425280,MISSING,0.160312216
1709081.jpeg,20.9.36,0.239627160,Vrist,0.925240982
1708934.jpeg,MISSING,0.597881176,Øbjerggaard,0.059014853
1708908.jpeg,22.8.1915,0.601742952,Horsens,0.643628372
1728600.jpeg,13.6.1950,0.045944226,Langå Jyll.,0.215268263
1706169.jpeg,MISSING,0.136547439,MISSING,0.338548045
1706113.jpeg,6/1870,0.890782055,Bornholm,0.821270082
1706511.jpeg,Septbr. 1887,0.838796605,Aalborg,0.868205517
1743746.jpeg,17/4 27,0.070600182,Liselund,0.179621097
1706508.jpeg,15/6-71,0.282700818,Dronninglund,0.589563504
1706938.jpeg,MISSING,0.813249470,Dyrehaven,0.642737193
1707725.jpeg,24-5-1974,0.707496211,Skallingen,0.546489845
1708743.jpeg,10/1872,0.629072446,Veile.,0.598475296
1705775.jpeg,MISSING,0.937123371,MISSING,0.529854501
1705502.jpeg,MISSING,0.978414671,MISSING,0.538766293
1743717.jpeg,17/8.1902,0.386374659,Vester Ulslev Havn,0.106544407
1707113.jpeg,17-19. 8. 1934.,0.791267051,Dyrehaven,0.390533495
1707967.jpeg,MISSING,0.674225523,Falster,0.858699606
1709054.jpeg,23.8.03,0.583622310,Mølbæk,0.828993634
1706109.jpeg,7/6 1870,0.891079115,Rø Bornholm,0.629369506
1707567.jpeg,5.11-6-1960,0.097632616,SV.Jylland Skallingen,0.216456502
1710000.jpeg,28/7 75,0.071491361,MISSING,0.157044559
1709548.jpeg,MISSING,0.514110336,MISSING,0.452321916
1728561.jpeg,MISSING,0.447866020,MISSING,0.441627766
1728482.jpeg,MISSING,0.455886632,Lolland,0.847411337
1707774.jpeg,MISSING,0.699772658,Øbjerggård,0.673928463
1743593.jpeg,MISSING,0.125853289,MISSING,0.330824492
1708446.jpeg,23-10.1971,0.173085784,"N-JYLLAND SKAGEN, STRANDKANT",0.049508942
1709757.jpeg,MISSING,0.506980903,MISSING,0.447271901
1708437.jpeg,13/10 80,0.066144286,Hareskov,0.210812367
1743060.jpeg,15.10.21,0.406277660,Dyrehaven,0.085156108
1707544.jpeg,MISSING,0.732746287,MISSING,0.499554410
1708707.jpeg,MISSING,0.635013640,MISSING,0.479057290
1706190.jpeg,23/5-1937. | 23/5-37,0.078917854,Tranekær Svendborg Amt,0.069709003
1706151.jpeg,MISSING,0.882464383,Bo,0.976038193
1708710.jpeg,21.10.1977.,0.634419521,Svinø strand,0.381027584
1708344.jpeg,20-9-36,0.661451955,Vrist,0.641548954
1709437.jpeg,24.4.1916,0.532528039,Vestermose,0.368254016
1706826.jpeg,aug 1964,0.828399515,Jylland,0.595801758
1709537.jpeg,MISSING,0.517080934,MISSING,0.453213095
1707270.jpeg,17-VIII-1976,0.771066990,Krenkerup,0.749381631
1728568.jpeg,MISSING,0.446677781,MISSING,0.440439527
1710375.jpeg,30.7.44,0.468363140,DANMARK | Kongelund,0.695316763
1707234.jpeg,MISSING,0.780275841,MISSING,0.509357381
1709911.jpeg,MISSING,0.486780843,MISSING,0.157341619
1707911.jpeg,24.5.1913,0.190018187,Ermelunden,0.399742346
1708432.jpeg,19.5.1975,0.650163686,DANMARK | FANØ KLITPLANTAGE,0.315377387
1706019.jpeg,19.V.2022,0.906526220,"Denmark: Samsø: EJ: Følsdal Bakke, 55.9922N, 10.5515E, h30m",0.564907548
1709218.jpeg,28.9.1913,0.187641710,Dyrehaven,0.729181570
1743856.jpeg,10-5-63,0.366768718,Faxe,0.930885117
1743703.jpeg,MISSING,0.388454077,Boserup,0.840876023
1743520.jpeg,15/5.75,0.211703547,Bjergsted,0.398257048
1709753.jpeg,MISSING,0.507872082,MISSING,0.448460139
1708981.jpeg,MISSING,0.594613519,MISSING,0.468066081
1706970.jpeg,MISSING,0.809387693,Kb,0.974255835
1707771.jpeg,MISSING,0.700663838,Øbjerggård,0.041785390
1706920.jpeg,25.9.21,0.814437708,Dyrehaven,0.307356775
1709556.jpeg,IV. 91.,0.230121249,Sondbg,0.319239163
1743975.jpeg,MISSING,0.353103971,MISSING,0.426180661
1706956.jpeg,MISSING,0.811467111,Dyrehaven,0.233388906
1707550.jpeg,19-6-1955,0.732152167,Hvorup,0.904149742
1705816.jpeg,MISSING,0.932073356,Dyrehaven,0.615704759
1706296.jpeg,19.V.2022,0.863452561,"Denmark: Samsø: EJ: Følsdal Bakke, 55.9922N, 10.5515E, h30m",0.580651713
1705731.jpeg,17-6-83,0.943658684,MISSING,0.530448621
1708347.jpeg,April 1943,0.660857836,Ø. Assels Mors,0.201603516
1705809.jpeg,MISSING,0.933558654,Dyrehaven,0.770175811
1728484.jpeg,MISSING,0.455292513,Lolland,0.846817217
1706795.jpeg,12/7 1945,0.831370112,Roden Skov Lolland,0.177838739
1705980.jpeg,19.6.96.,0.297553804,Onsild,0.658778418
1707680.jpeg,6/1870.,0.714328584,Bornholm,0.814734768
1708865.jpeg,26.10.72,0.244974235,Marselisb. Sk.,0.364689300
1705471.jpeg,7/1870.,0.982573507,Ørholm,0.834340709
1708849.jpeg,14-IV-1976,0.610654744,Ejstrupholm,0.626993028
1707267.jpeg,23.7.1998,0.771958169,Dyrehaven,0.750272810
1709843.jpeg,19.7.1928,0.225368293,Dronninglund,0.265768415
1707207.jpeg,20-8-62.,0.784434677,Dyrehaven,0.753540467
1706441.jpeg,14/6.1871,0.286265535,Dronninglund,0.259530161
1710378.jpeg,29. august 1993,0.467769021,"DK, NWZ, PG 27 Kongstrup, Røsnæs",0.168629888
1706417.jpeg,8.7.1883,0.848599576,Husum,0.762749318
1743053.jpeg,16.10.1933,0.408060018,Dyrehaven,0.634419521
1707844.jpeg,5/1874,0.113079721,Øbjergg,0.418754168
1743780.jpeg,22-9-36,0.015644135,Bhvbj.,0.016832373
1742985.jpeg,30.8.1997,0.418754168,Draved Skov,0.310327372
1743767.jpeg,3/8 1930.,0.379839345,8km S-V.f. Gram,0.101791452
1705841.jpeg,MISSING,0.928508639,Boserup,0.891079115
1706155.jpeg,MISSING,0.881573204,Lolland,0.870879054
1709032.jpeg,22/8. 1900,0.089909063,Kastbjerg,0.292503789
1728498.jpeg,20.5.1918,0.453510155,Trekroner,0.715516823
1709184.jpeg,27.VIII.1985,0.570848742,EJ: Alling,0.327853895
1709294.jpeg,MISSING,0.558372234,Kb,0.960294028
1706949.jpeg,26/5.1870,0.812061231,Dyrehaven,0.540548651
1744536.jpeg,MISSING,0.340330403,SS,0.948708700
1742732.jpeg,MISSING,0.437171870,Dyrehaven,0.714031525
1706822.jpeg,1976 juni,0.055153077,Vestjyll. Tipperne,0.266956654
1707009.jpeg,17/7.1901,0.801961200,Kjeldskov,0.793049409
1705573.jpeg,16-4-49.,0.969205820,Høveltsvang,0.303792058
1742714.jpeg,18.5.1929,0.438657169,Hovslund,0.714328584
1709961.jpeg,12/7 1939. | 12/7 39,0.078620794,Ærø Svendborg Amt,0.080106093
1708793.jpeg,MISSING,0.621348894,Veile,0.632934222
1707653.jpeg,6/1871,0.117535617,Hund. Lysset,0.020397090
1706054.jpeg,28.6.1938,0.899990906,Frejlev,0.400633525
1705423.jpeg,9.6.1919,0.988811761,Hobro,0.031982419
1744481.jpeg,MISSING,0.343301000,Øbjerggård,0.374789330
1743752.jpeg,18/4 27,0.381918763,Liselund,0.661451955
1706234.jpeg,1.7.28.,0.872958472,Eremitagen,0.682840255
1706053.jpeg,14.5.1938,0.900287966,Ærø,0.042082449
1707931.jpeg,13.5.1938.,0.258936041,Aasø,0.938608669
1709126.jpeg,25.9-1960,0.089314944,Jægerspr. N.sk.,0.276462564
1744683.jpeg,10-5-1956,0.198929979,Kongelunden,0.342706881
1705658.jpeg,15.7.37,0.956135192,Sose,0.697099121
1743987.jpeg,26-7-1951,0.350430433,Nivå,0.929993938
1742711.jpeg,18.5.1929,0.438954229,Hovslund,0.602931191
1706263.jpeg,MISSING,0.869096696,MISSING,0.523319188
1743036.jpeg,27.IV.2022,0.410139436,"DENMARK: NEZ: Hellebæk Avlsgård, Kohave, 56.0554N, 12.5439E",0.619269476
1706229.jpeg,1-6-50.,0.874146711,Hestehaven. Hillerød,0.230418309
1744693.jpeg,10-5-1956,0.197741740,Kongelunden,0.617784177
1707260.jpeg,9.VII.1985,0.773740527,NWZ: Bjergsted Bk.,0.167738709
1706761.jpeg,2/8 1930.,0.182294635,Aabenraa,0.820378903
1706336.jpeg,21/6.1869.,0.859590785,Nykjøbing lyng. | Tv,0.106247348
1705477.jpeg,Juni 1820.,0.981979388,Sielland,0.822458321
1728588.jpeg,6. v. 2007,0.441924826,DANMARK. NEZ: UC 11 Melby Overdrev,0.112485602
1708377.jpeg,27-4-49.,0.657590179,Frederikslund,0.405683540
1707830.jpeg,MISSING,0.694722643,SS,0.982276447
1706844.jpeg,5-8-1973.,0.824834798,Nordsk.v.Jæ.NEZ.,0.225368293
1707488.jpeg,19-5-1914,0.266362534,Vamdrup,0.800475902
1707767.jpeg,MISSING,0.701555017,Øbjerggård,0.038517733
1709569.jpeg,9/5.1901,0.511733859,Ved Kjeldskov,0.284483177
1743015.jpeg,19.V.2022,0.413407093,"Denmark: Samsø: EJ: Følsdal Bakke, 55.9922N, 10.5515E, h30m",0.553322219
1707350.jpeg,MISSING,0.757105183,Bo,0.983464686
1707660.jpeg,MISSING,0.717299182,Al,0.982870567
1707854.jpeg,28-5-1965,0.690860867,V.Sjælland Røsnæs Kongstrup Kl,0.174571082
1707554.jpeg,14-5-1954,0.731558048,Kulhuse,0.804634738
1742744.jpeg,MISSING,0.434201273,Dyrehaven,0.777008184
1706459.jpeg,14/6.1871.,0.284186117,Jydske As,0.149321006
1709443.jpeg,24.9.1919,0.165956350,Aagesholm,0.720566838
1706785.jpeg,29-7-49.,0.832558351,asserbo,0.867314338
1707314.jpeg,17.6.22,0.764531676,Dyrehaven,0.287750834
1706983.jpeg,MISSING,0.807308275,MISSING,0.514407396
1705460.jpeg,MISSING,0.983167627,Veilø Bugt.,0.294880267
1706127.jpeg,6/1862,0.888405577,Alholm. Jægerspris | Ti,0.109812064
1742750.jpeg,MISSING,0.432715975,Øbjerggård,0.610654744
1742731.jpeg,MISSING,0.437468930,Dyrehaven,0.343895120
1705808.jpeg,MISSING,0.933855714,Dyrehaven,0.797208245
1742979.jpeg,MISSING,0.076244316,MISSING,0.435389512
1743544.jpeg,MISSING,0.398851167,Øbjerggård,0.375086390
1705847.jpeg,d. 13/4-1894,0.061985450,Dyrehaven,0.796020006
1743518.jpeg,MISSING,0.401821764,Falster,0.842955441
1707405.jpeg,7/5 70,0.034953016,Rø,0.543222189
1743914.jpeg,14/6 1955,0.105653228,Bommerlund Plantage DK Ap 36,0.130606244
1743574.jpeg,MISSING,0.392909973,SS,0.407762958
1743515.jpeg,MISSING,0.402118824,MISSING,0.433310094
1707174.jpeg,MISSING,0.787999394,MS,0.201306457
1705702.jpeg,MISSING,0.949005759,SS,0.988811761
1707783.jpeg,6/1862,0.699178539,Jægerspris,0.031091240
1708421.jpeg,25-9-1960,0.250915429,Jægerspr. N.sk.,0.232200667
1709754.jpeg,MISSING,0.128526826,MISSING,0.448163080
1707585.jpeg,8.VI.2003,0.724725674,Tofte Skov NEJ,0.372115793
1707744.jpeg,5-5-1974,0.704525614,SKALLINGEN,0.675116702
1708803.jpeg,13-10-46.,0.620457714,S.J. Rørbæk Sø,0.099117915
1709014.jpeg,6.9.02,0.588078206,Sonderburg,0.362015762
1707591.jpeg,2.6.48.,0.724131555,Tystofte Sjæll.,0.199524098
1709231.jpeg,8.10.21,0.564907548,Dyrehaven,0.379245226
1744632.jpeg,15/2 1934 | 15/2 34,0.313297969,Rudkøbing Svendborg Amt | Ru,0.541736890
1709025.jpeg,13/9 1887,0.585998788,København,0.736013944
1705482.jpeg,MISSING,0.980791149,Kb,0.978117611
1708881.jpeg,26-10-1972,0.096147317,Marselisborg Dyrh.,0.072085480
1743893.jpeg,13/6 1954,0.360233404,"Ørgaard Nors, Thy",0.271709609
1708381.jpeg,17-9-49,0.656699000,Grib Skov,0.739578660
1709174.jpeg,MISSING,0.076838436,MISSING,0.456777811
1744590.jpeg,MISSING,0.330824492,MISSING,0.423210064
1706958.jpeg,MISSING,0.810872992,Dyrehaven,0.793346469
1708386.jpeg,15/5 1960,0.655807821,Venø,0.634122461
1708338.jpeg,11/10 1925,0.661749015,"Sjæll., Gladsaxe",0.141597454
1743769.jpeg,10/8 1930.,0.208732949,"Jyll., Holmsld",0.264283116
1709123.jpeg,14-9-1953,0.166847530,Dyrehaven,0.732746287
1705889.jpeg,25/6-9/7 1943,0.923161564,Æbelø,0.922567445
1709896.jpeg,MISSING,0.489751440,Kb,0.954946954
1708452.jpeg,4/6 11,0.035844195,MISSING,0.405386481
1706423.jpeg,17/6.1871,0.113673841,Dronninglund,0.121100333
1705568.jpeg,25/4.42,0.969799939,Ø. Assels Mors.,0.144270991
1706334.jpeg,MISSING,0.859887845,MISSING,0.520051531
1709345.jpeg,14-5-1953,0.055747196,Dyrehaven,0.723834495
1707529.jpeg,27/5-85,0.734825705,Kjeld Sk. Kb,0.087235526
1728599.jpeg,18.5. 1947,0.440142467,Saltholm,0.809981813
1707055.jpeg,21-5-49.,0.273194908,Eremitagen,0.638875417
1707325.jpeg,MISSING,0.762452258,Bornholm,0.656996059
1706349.jpeg,MISSING,0.857808427,Ti,0.411921794
1707360.jpeg,MISSING,0.755619885,Kb,0.971879357
1708664.jpeg,9.78,0.249727190,Tommerup,0.648975447
1705529.jpeg,MISSING,0.972770537,MISSING,0.536389815
1707167.jpeg,13/8 1888,0.114267960,Bognæs | MS,0.775225826
1706460.jpeg,14/6 1871,0.283889057,Jydske As,0.149023947
1707057.jpeg,1.7.28.,0.796614125,Eremitagen,0.678978478
1708878.jpeg,26-10-1972,0.607090027,Marselisborg Dyreh.,0.171303425
1743924.jpeg,16/6 1962,0.357262807,Danmark. Lumssås Sj. odde,0.130309185
1706959.jpeg,MISSING,0.810575932,Dyrehaven,0.344489239
1706461.jpeg,14/6 1871,0.169224007,Jydske As,0.153479842
1744585.jpeg,MISSING,0.332012731,MISSING,0.424101243
1707869.jpeg,4.1.60.,0.260421340,Silkeborg,0.744628675
1709095.jpeg,1834 | 6-10-1914,0.024555926,Nagbøl Skov,0.324289179
1705425.jpeg,19.5.1940,0.988217642,Horsens,0.880087905
1744664.jpeg,19.5.87,0.014455896,Agger Strbr,0.011485299
1707331.jpeg,MISSING,0.760966960,Bornholm,0.689078509
1706973.jpeg,15/5 1870.,0.146350409,Dyrehaven | Kb,0.641846014
1709153.jpeg,19/9 75,0.069411943,MISSING,0.461530767
1705890.jpeg,23/6-29/6 1942,0.299930282,Hagebro v. Skive,0.055747196
1707614.jpeg,22.7.28.,0.722943316,Skagen Sønder strand,0.104167930
1709421.jpeg,27.IV.2022,0.536092755,"DENMARK: NEZ: Helsingør, Grønne Vestkile, 56.0375N, 12.5598E",0.621943013
1743511.jpeg,MISSING,0.126744468,MISSING,0.331715671
1708447.jpeg,4-IV-1969,0.647490149,SJÆLLAND RØRVIG,0.207544711
1706409.jpeg,19.5.1941,0.849490755,Bygholm,0.650163686
1706801.jpeg,22/7 1906,0.830775993,Dyrehaven,0.761264019
1706081.jpeg,3/6.1870,0.143082752,Rønne,0.926726281
1742754.jpeg,MISSING,0.431824795,Øbjerggaard,0.578275235
1707408.jpeg,21/6 83,0.267847833,Esbjerg,0.861670203
1708835.jpeg,MISSING,0.614219460,MISSING,0.468660200
1707639.jpeg,MISSING,0.719378600,Møen,0.656401940
1709873.jpeg,12/7.1870,0.493910276,Ørholm,0.558075174
1743064.jpeg,MISSING,0.405683540,Dyrehaven,0.554510458
1708412.jpeg,2-10-1955,0.653431343,Kagsmosen,0.390236435
1707746.jpeg,9.VI.1982,0.704228554,Skallingen,0.674819642
1743556.jpeg,MISSING,0.396771749,Falster,0.842658381
1708811.jpeg,MISSING,0.130606244,MISSING,0.334389209
1728461.jpeg,MISSING,0.460342528,Kb,0.952570476
1706311.jpeg,6.69.,0.862264323,Rørvig,0.598178236
1709250.jpeg,16/4.1870,0.233983025,Dyrehaven,0.346865717
1709998.jpeg,28.6.87,0.221506517,Harb.,0.395286450
1743993.jpeg,26-7-1961,0.349539254,Nivå,0.929102758
1705427.jpeg,8. 9.1883,0.987920582,Husum,0.923161564
1707905.jpeg,26.9.1922,0.259530161,Dyrehaven,0.743143377
1709979.jpeg,27-7-1915,0.479651410,Skagen,0.899693847
1705648.jpeg,20.5.1915.,0.957917551,Skagen,0.036141255
1708798.jpeg,10/73,0.621051834,Rask Horsens Veile,0.117832677
1709063.jpeg,Aug 1934,0.582137011,Tange v. Ribe,0.462421946
1709929.jpeg,MISSING,0.484107305,MISSING,0.444301303
1744649.jpeg,7-6-1971,0.325774477,LÆSØ,0.051885420
1706812.jpeg,15/8 1968,0.280621400,Jylland Ringkøbing: Vedersø Klit,0.195662322
1743945.jpeg,d. 12 IX 1971,0.174274022,"Ryget, L. Værløse Sj.",0.142191573
1705852.jpeg,1/8.1901,0.927023340,Vester Ulslev - Sandager,0.115753259
1709907.jpeg,MISSING,0.487969082,MISSING,0.157638678
1706238.jpeg,2.8 1965,0.872067293,V.Sjælland Røsnæs Kongstrup Kl,0.149618066
1707064.jpeg,25.8.87.,0.795722946,Harboør,0.587484086
1705461.jpeg,MISSING,0.982870567,Veilø Bugt,0.386671719
1706321.jpeg,7/1862,0.289830252,Rørvig Bugt,0.029011822
1743594.jpeg,8.00,0.072976660,Hvedholm,0.558372234
1743898.jpeg,13/6 1954,0.359639285,"Ørgaard Nors, Thy",0.290721431
1705880.jpeg,6-7.37,0.300227342,Trelde,0.183185814
1705513.jpeg,MISSING,0.975741134,MISSING,0.537875114
1706029.jpeg,19.V.2022,0.904446802,"Denmark: Samsø: EJ: Følsdal Bakke, 55.9922N, 10.5515E, h30m",0.563422249
1709772.jpeg,21-6-1956,0.504604426,V.f. Høvblege Møn,0.224774174
1706317.jpeg,6/1869,0.081294332,Rørvig,0.905337981
1743902.jpeg,4/8 | 29. Juli-11. Aug. 1934,0.146944529,Gallehus Skov v. Møgeltønder,0.131200364
1708341.jpeg,22.9.36,0.152291604,Borbjerg,0.306168536
1705835.jpeg,MISSING,0.929993938,MISSING,0.529260382
1705670.jpeg,MISSING,0.954055774,Veilø Bugt.,0.099712034
1743744.jpeg,20.5.1918 | 25.9.01,0.107435587,Trekroner | Ti.,0.098820855
1707917.jpeg,25.9.1937,0.679572598,Dyrehaven,0.742252198
1709413.jpeg,27.IV.2022,0.537875114,"DENMARK: NEZ: Helsingør, Grønne Vestkile, 56.0375N, 12.5598E",0.622834192
1743721.jpeg,MISSING,0.385780540,MISSING,0.429448318
1707914.jpeg,13.6.1913,0.680166717,Ermelunden,0.399148227
1707852.jpeg,MISSING,0.691157927,MISSING,0.492424977
1744582.jpeg,MISSING,0.332606851,MISSING,0.424695362
1707394.jpeg,MISSING,0.080700212,Tiis-Sø,0.272897848
1706093.jpeg,MISSING,0.894346772,Møen,0.583622310
1705788.jpeg,25.6.1913,0.119020915,Ermelunden,0.684325553
1707051.jpeg,21-5-49.,0.797802364,Eremitagen,0.680166717
1709475.jpeg,MISSING,0.529260382,Dyrehaven,0.363798121
1709310.jpeg,3/6 1934,0.555995756,Saltholm,0.812061231
1706010.jpeg,19.7.1962,0.908011519,DK NH 71 | Fløjstrup Skov,0.313892089
1707542.jpeg,4/4,0.074759018,MISSING,0.500148530
1708474.jpeg,MISSING,0.643628372,MISSING,0.484107305
1705934.jpeg,7.5.49.,0.916032131,Herlev,0.907417399
1744569.jpeg,MISSING,0.334686269,Kb,0.943658684
1743815.jpeg,16.6.1929,0.373006972,Lellinge skov,0.403901182
1706356.jpeg,MISSING,0.856323128,Ti,0.975147014
1742728.jpeg,30.5.22,0.045647166,Søllerød,0.648678387
1706984.jpeg,MISSING,0.807011216,MISSING,0.514110336
1705455.jpeg,MISSING,0.984355865,Veilø Bugt,0.346568657
1706452.jpeg,17/6.1876,0.057232495,Jydske As,0.312406790
1728575.jpeg,MISSING,0.444895423,MISSING,0.438657169
1706902.jpeg,19.6.1903,0.111891482,Bognæs,0.385483480
1706122.jpeg,MISSING,0.888999697,MISSING,0.524804486
1706497.jpeg,d: 12/5 86.,0.121100333,Ålborg,0.296959685
1706868.jpeg,27-6.72,0.279433162,Ermel.,0.115456199
1709579.jpeg,MISSING,0.510842680,MISSING,0.449945438
1707644.jpeg,MISSING,0.718784480,Møen,0.691752046
1708853.jpeg,15-XI-1976,0.609763565,Ejstrupholm,0.626101849
1709509.jpeg,MISSING,0.522130949,Kb,0.959699909
1707702.jpeg,MISSING,0.709575629,MISSING,0.497177933
1705506.jpeg,MISSING,0.977226432,Boserup,0.891970294
1708415.jpeg,25-9-1960,0.652540164,Jægerspr. Nsk.,0.208138830
1706514.jpeg,26-6-1955,0.282106699,Lindholm,0.661749015
1743770.jpeg,19/7 1933,0.145459230,"Jyll., Hald.",0.288642013
1707928.jpeg,13.5.1938,0.259233101,Aasø,0.938905729
1707668.jpeg,MISSING,0.715813883,SS,0.969799939
1705439.jpeg,27. 5. 22,0.986138224,Søllerød,0.649569567
1708380.jpeg,6-9-49,0.656996059,Høvelte,0.400336466
1728503.jpeg,16/4 96,0.218535920,Utterslev,0.053964838
1706814.jpeg,15/8 1968,0.280324341,Jylland Ringkøbing: Vedersø Klit,0.195068202
1710393.jpeg,7-5-1911,0.220021219,Dyreh.,0.141300394
1742719.jpeg,17. 5. 22,0.438360109,Søllerød,0.824834798
1708942.jpeg,27/4 1870,0.034358897,Bornholm,0.688781449
1744551.jpeg,MISSING,0.338548045,Kb,0.946629282
1706399.jpeg,21.VII.2004,0.196850561,Lodskovvad NEJ,0.374195211
1706512.jpeg,Septbr. 1887,0.838499545,Aalborg,0.867908457
1709522.jpeg,MISSING,0.519754471,Kb,0.957620491
1706439.jpeg,14/6.1871,0.286562595,Dronninglund,0.151400424
1709399.jpeg,27.IV.2022,0.542033950,"DENMARK: NEZ: Helsingør, Grønne Vestkile, 56.0375N, 12.5598E",0.625507730
1706237.jpeg,23-5-1965,0.872364353,V.Sjælland Røsnæs Kongstrup Kl,0.196850561
1707272.jpeg,17-VIII-1976,0.770769930,Krenkerup,0.749084571
1709335.jpeg,19-9-1953,0.232794786,Dyrehaven,0.725319794
1705807.jpeg,MISSING,0.934152774,Dyrehaven,0.797505305
1706986.jpeg,MISSING,0.806417096,MISSING,0.513516217
1706989.jpeg,MISSING,0.805525917,Lolland,0.865829039
1709392.jpeg,27.IV.2022,0.543816308,"DENMARK: NEZ: Helsingør, Grønne Vestkile, 56.0375N, 12.5598E",0.608872386
1744573.jpeg,MISSING,0.334092149,Kb,0.942767505
1709575.jpeg,21/4 1889,0.186453471,Rude Hegn,0.614516520
1709159.jpeg,MISSING,0.574710518,MISSING,0.460639588
1708039.jpeg,7/5-1939. | 7/5-39,0.116347378,Tranekær Svendborg Amt,0.193285844
1705694.jpeg,3/6.1870.,0.950788118,Byå ved Rønne | Bo,0.281512580
1708990.jpeg,MISSING,0.592534101,MISSING,0.466877842
1707286.jpeg,17.6.1924,0.768393453,Slotved Skov,0.243785996
1709991.jpeg,13.vi. 1978,0.478463171,"NWZ, PG 27 Røsnæs, Kongstrup",0.132091543
1709964.jpeg,12/7 1939. | 12/7 39,0.114862079,Ærø Svendborg Amt,0.083967869
1742999.jpeg,22.7.1972,0.416674750,Svinø Strand,0.566986966
1707213.jpeg,30-8-62.,0.783840558,Dyrehaven,0.752946347
1705666.jpeg,MISSING,0.954649894,Veilø Bugt,0.376571688
1743840.jpeg,15/6 47,0.369145196,Lejre,0.920785086
1706076.jpeg,2.7.1937,0.897020309,Hesthave,0.078026675
1706882.jpeg,26/VII 1998,0.064956047,Hanstholm NWJ,0.275274326
1705429.jpeg,12.5.1902,0.144270991,Halk,0.894643831
1707257.jpeg,MISSING,0.774334647,Dyrehaven,0.076541376
1709152.jpeg,9/9 75,0.035250076,MISSING,0.333795089
1709161.jpeg,MISSING,0.574116399,MISSING,0.460045468
1706301.jpeg,17 Mai 1951,0.862561382,Hobro Skov Jyll.,0.218832980
1706964.jpeg,15/5 1870,0.191503486,Dyrehaven,0.759481661
1709960.jpeg,12/7 1939. | 12/7 39,0.115159139,Ærø Svendborg Amt,0.083076690
1705724.jpeg,MISSING,0.944846923,MISSING,0.531339800
1705497.jpeg,MISSING,0.979602910,MISSING,0.167144589
1705763.jpeg,24-5-1915,0.938905729,Skagen,0.910090937
1744599.jpeg,MISSING,0.329636253,MISSING,0.422021825
1707629.jpeg,MISSING,0.314486208,Bornholm,0.815625947
1709316.jpeg,30-5-1909,0.554807517,Dyrehaven,0.727993331
1728603.jpeg,MISSING,0.439548348,MISSING,0.438063049
1744607.jpeg,6.91,0.016832373,Lundby Krat,0.015347075
1708923.jpeg,22.8.22,0.151697484,Thorsager,0.736905123
1708387.jpeg,2-6-1955,0.655510761,Vodskov N.Ø.f. Aalborg,0.120803274
1743845.jpeg,15/6 47,0.368848136,Lejre,0.920488027
1705550.jpeg,10-7-37,0.970988178,Rands Fj.,0.616001819
1706352.jpeg,MISSING,0.857214307,Ti,0.831073052
1706282.jpeg,21-6-1956,0.866720218,V.f. Høvblege Møn,0.293989088
1743730.jpeg,MISSING,0.384592301,MISSING,0.429151258
1709813.jpeg,12.IV.2011,0.498069112,Sukkertoppen EJ,0.283889057
1705591.jpeg,21/5- 1922,0.966532283,Lellinge Aa,0.327556835
1705684.jpeg,3/6.1870,0.305574416,Rønne,0.882464383
1706853.jpeg,4/6-41,0.082482570,Dyrehaven,0.633231282
1709848.jpeg,18.6.21,0.150509245,Højbjerg,0.070600182
1744703.jpeg,lo-5-1956,0.033764777,Kongelunden,0.340330403
1708695.jpeg,MISSING,0.637390118,MISSING,0.481730828
1707001.jpeg,MISSING,0.802555320,MISSING,0.512922098
1709313.jpeg,18-5-1913,0.555104577,Saltholm,0.811467111
1743994.jpeg,26-7-1951,0.349242195,Nivå,0.928805699
1708895.jpeg,9-10-1972,0.603228251,MARSELISBORG,0.567878145
1709525.jpeg,MISSING,0.518863292,Kb,0.956729312
1706240.jpeg,26-5-1962,0.292503789,Skallingen,0.693534404
1743531.jpeg,8. 7. 1883,0.400336466,Husum,0.710169748
1709963.jpeg,12/7 1939. | 12/7 39,0.108029706,Ærø Svendborg Amt | Æ,0.356074568
1709023.jpeg,MISSING,0.586592907,MISSING,0.463907245
1744668.jpeg,7/6 87,0.012079418,Harboør Skobr,0.010297060
1707886.jpeg,MISSING,0.686107911,MISSING,0.490048500
1742722.jpeg,17. 5. 22,0.216159442,Søllerød,0.809387693
1709890.jpeg,MISSING,0.491236738,Kb,0.955838133
1709248.jpeg,16/4.1870,0.562828130,Dyrehaven,0.728290391
1744535.jpeg,MISSING,0.340627463,SS,0.949005759
1706485.jpeg,MISSING,0.842658381,At,0.025447105
1705699.jpeg,MISSING,0.949599879,SS,0.413407093
1707003.jpeg,6/92,0.104167930,Rolst.,0.270224310
1707747.jpeg,5-5-1974,0.703931494,SKALLINGEN,0.674522583
1707686.jpeg,MISSING,0.712843286,MISSING,0.162688694
1708360.jpeg,10-5-1915,0.658778418,Skagen,0.902367384
1707298.jpeg,11.5.1947,0.268441952,Juelsminde,0.400039406
1728577.jpeg,6-1916.,0.444301303,Silkeborg,0.714625644
1707464.jpeg,2.6.1943.,0.738984541,Dyrehaven,0.747302213
1708978.jpeg,MISSING,0.595207639,MISSING,0.161203395
1710403.jpeg,6. 6. 1917.,0.464204304,Thorsø,0.645113671
1708765.jpeg,MISSING,0.625210670,MISSING,0.477571992
1709194.jpeg,29-8-1952,0.188235829,Dyrehaven,0.730369809
1709566.jpeg,14/9.1896 | 7.9.,0.070897242,Ålbæk,0.554807517
1708888.jpeg,13.10.1991,0.605307669,Marselisborg,0.569957563
1706455.jpeg,17/6.1871.,0.284780236,Jydske As,0.354886329
1709090.jpeg,21-9-1913,0.141597454,Donse,0.924943922
1709434.jpeg,27.IV.2022,0.533419218,"DENMARK: NEZ: Hellebæk Avlsgård, Kohave, 56.0554N, 12.5439E",0.621051834
1708352.jpeg,30/3 1929,0.659966657,Liselund,0.813546529
1743771.jpeg,2/8 1930.,0.179621097,Aabenraa,0.807605335
1707320.jpeg,17.6.92,0.046835405,Dyrehaven,0.242597757
1744541.jpeg,MISSING,0.339736284,Kb,0.947817520
1709055.jpeg,23.8.03,0.583325250,Mølbak,0.060500152
1709252.jpeg,16/4.1870,0.233685965,Dyrehaven,0.784434677
1708709.jpeg,12-5-1951,0.634716581,Have Skov,0.078323734
1705928.jpeg,12-6-43,0.916923310,Sandbjerg,0.768393453
1706875.jpeg,26-7-1951,0.820081843,Nivå,0.935341012
1707815.jpeg,MISSING,0.697099121,Ti,0.410139436
1705641.jpeg,10.6. 1924,0.959402849,Skagen,0.911873295
1706839.jpeg,14-5-1953,0.826023037,Kulhuse,0.387562898
1707315.jpeg,6.6.22,0.148132768,Dyrehaven,0.792158230
1706203.jpeg,7-6-1922,0.876226129,Dyrehaven,0.765719915
1707262.jpeg,4.9.1979.,0.773146408,Dyrehaven,0.751163989
1707159.jpeg,20/8.1888,0.270224310,Bognæs | NS,0.255371325
1743849.jpeg,10-5-63,0.368254016,Faxe,0.932667475
1706502.jpeg,MISSING,0.839687784,Tiis-Sø,0.397662928
1707823.jpeg,MISSING,0.696207942,Ti,0.409842376
1706132.jpeg,7/6.1870.,0.887217339,Rø. Bornholm | Bo,0.305277357
1705583.jpeg,23-5-1965,0.967720521,V.Sjælland Røsnæs Kongstrup Kl,0.180215217
1705922.jpeg,25.5.1947,0.918408609,Veddinge bakker,0.348648075
1744701.jpeg,10-5-1956,0.321615641,Kongelunden,0.340627463
1708890.jpeg,4-10-1972,0.604713550,MARSELISBORG,0.569363443
1743885.jpeg,10-9 1935,0.204574113,Jy. Herning Brændgaard,0.186453471
1706856.jpeg,MISSING,0.823052440,MISSING,0.515298575
1707853.jpeg,7-92,0.261312519,Tammestrup Jyll.,0.206356472
1706813.jpeg,15/8 1968,0.829884814,Jylland Ringkøbing: Vedersø Klit,0.195365262
1708737.jpeg,4.1.60,0.039111852,Silkeborg,0.789187633
1709422.jpeg,27.IV.2022,0.535795696,"DENMARK: NEZ: Helsingør, Grønne Vestkile, 56.0375N, 12.5598E",0.621645953
1707864.jpeg,MISSING,0.689375568,MISSING,0.490939679
1706004.jpeg,7.VI.2003,0.296959685,Tofte Skov NEJ,0.352212792
1708761.jpeg,6. 82.,0.247647772,Rebild Bakker,0.088423765
1709015.jpeg,6.9.02,0.241409518,Sonderburg,0.361718703
1709102.jpeg,10-9 1935,0.239033040,Jy. Herning Brændgaard,0.191503486
1707965.jpeg,MISSING,0.674819642,Falster,0.315080327
1708348.jpeg,6/6-1942,0.660560776,Bornholm,0.355480449
1742759.jpeg,MISSING,0.431230676,Møen,0.360530464
1707624.jpeg,MISSING,0.721458018,Tisvilde,0.586295847
1705793.jpeg,25.6.1913,0.143379812,Ermelunden,0.546786905
1706003.jpeg,12.V.1990,0.908902698,Høstemark Skov NEJ,0.248836011
1709805.jpeg,21 Mai 1950,0.499851470,"Kagerup, Själl.",0.231012428
1707949.jpeg,6/1870.,0.258341922,Dyrehaven,0.392018794
1709955.jpeg,10/8 1930.,0.222397696,"Jyll., Holmsld",0.364392240
1707068.jpeg,25.8.87,0.123773871,Harboør,0.566392846
1742828.jpeg,6/92,0.420536526,Roesk.,0.040894210
1708041.jpeg,17/6 1940. | 17/6 40,0.115753259,Brahe Trolleborg Svendborg Amt | BT,0.303197939
1707939.jpeg,15.10.21,0.181700515,Dyrehaven,0.741361018
1705709.jpeg,17/8.1902,0.947223401,Vester Ulslev Havn,0.244083055
1705734.jpeg,MISSING,0.943361625,Danmark,0.875929069
1707620.jpeg,19.5.29,0.722646256,Faarehus,0.559263413
1706939.jpeg,MISSING,0.812952410,Dyrehaven,0.306762655
1709846.jpeg,22.8.22,0.094067899,Thorsager,0.116347378
1709447.jpeg,13.5. 1915,0.231012428,Elbæk Strandsk,0.217050621
1706955.jpeg,MISSING,0.811764171,Dyrehaven,0.552431040
1705758.jpeg,24-5-1915,0.303792058,Skagen,0.910982116
1708740.jpeg,10/1872.,0.629369506,Veile.,0.823646560
1709224.jpeg,5. 10. 1913,0.235765383,Dyrehaven,0.550351622
1707578.jpeg,7.6.1990,0.725616854,Sose,0.939796908
1743890.jpeg,23-8-1953,0.360827523,"Ørgaard Nors, Thy",0.261609579
1709487.jpeg,MISSING,0.526289785,Dyrehaven,0.781761140
1706498.jpeg,MISSING,0.840578963,MISSING,0.517377993
1706796.jpeg,22/7-4/8 1941 | 26/7,0.101494392,Gindeskov v. Skive,0.177541679
1706787.jpeg,18.6. 1930,0.032873598,Hillerød,0.820081843
1705728.jpeg,MISSING,0.943955744,Lolland,0.876226129
1744533.jpeg,MISSING,0.079511973,SS | Øbjerggård Næstved,0.258638982
1705520.jpeg,Juni 81,0.974255835,Dyrehaven ved Klampenborg,0.126744468
1706924.jpeg,5.6.22,0.040894210,Dyrehaven,0.307059715
1743506.jpeg,MISSING,0.403307063,MISSING,0.434498333
1743829.jpeg,16.6.1929,0.370630494,Lellinge skov,0.392612913
1707749.jpeg,24-V-1975,0.703337375,Harrild hede,0.574413459
1743861.jpeg,14-6-1914,0.365877539,Vamdrup,0.659966657
1706308.jpeg,23.6.32,0.178135799,Kandestederne,0.521536829
1744688.jpeg,10-5-1956,0.140706275,Kongelunden,0.618378296
1744558.jpeg,MISSING,0.337062746,Kb,0.945441043
1742783.jpeg,MISSING,0.426477721,MISSING,0.154668081
1706398.jpeg,21.VII.2004,0.850976053,Lodskovvad NEJ,0.254480145
1709093.jpeg,4-10-1914,0.188532889,Vamdrup,0.799287663
1709948.jpeg,19/6-17.,0.482919066,Esbjerg,0.848302516
1728529.jpeg,28-5-55.,0.451133677,Kollerød,0.388751137
1706309.jpeg,1883,0.291315550,Nykøbing,0.175165202
1707277.jpeg,29.9. 1959,0.031982419,Kagerup Själl.,0.250321309
1705599.jpeg,15.5.10,0.047132464,Tidsv.,0.270818430
1707726.jpeg,24-5-1974 | 24-5-1974 | 24-5-1974,0.088423765,Skallingen | Skallingen | Skallingen,0.258341922
1706221.jpeg,7-6-1922,0.182888754,Dyrehaven,0.763343437
1743016.jpeg,19.V.2022,0.413110033,"Denmark: Samsø: EJ: Følsdal Bakke, 55.9922N, 10.5515E, h30m",0.561342831
1728493.jpeg,1/5.1905,0.219130039,Vester Ulslev Haven,0.235765383
1728579.jpeg,28.VI.1987,0.443707184,EJ: Strandkær,0.274086087
1710344.jpeg,23-6-1961,0.474304335,"MidtJylland Galgehøj, Hjarbæk",0.187938769
1706941.jpeg,MISSING,0.812655350,Dyrehaven,0.793940588
1743800.jpeg,3/6-1941,0.375977569,Egholm,0.644816611
1706919.jpeg,25.9.21,0.153479842,Dyrehaven,0.277056684
1744539.jpeg,MISSING,0.340033343,Ti,0.948114580
1707750.jpeg,8.VI.2003,0.196256441,Tofte Skov NEJ,0.371818733
1707824.jpeg,MISSING,0.695910882,Ti,0.409545317
1709396.jpeg,27.IV.2022,0.542628069,"DENMARK: NEZ: Helsingør, Grønne Vestkile, 56.0375N, 12.5598E",0.607981206
1705447.jpeg,15/5.1870,0.101791452,Dyrehaven,0.772849348
1709916.jpeg,MISSING,0.486186723,Boserup,0.849193695
1707530.jpeg,24.5.88,0.264877236,Lemvig,0.656699000
1706325.jpeg,7/1862,0.861373143,Rørvig,0.548866323
1709323.jpeg,21-5-49,0.553322219,Eremitagen,0.670957866
1706100.jpeg,MISSING,0.892861473,Veilø Bugt,0.268739012
1709459.jpeg,8. 7. 1883.,0.531339800,Husum,0.383404062
1743843.jpeg,15/6 47,0.206356472,Lejre,0.924052743
1706200.jpeg,11.6.39,0.876523189,Saltholm,0.658184298
1707328.jpeg,MISSING,0.761561079,Bornholm,0.602634132
1707264.jpeg,23.7.1998,0.772849348,Dyrehaven,0.750866929
1705697.jpeg,MISSING,0.950193998,Bo,0.989405881
1744634.jpeg,c. 1/5 1935,0.123476811,Skallingen,0.664719612
1728485.jpeg,MISSING,0.454995453,Tiis Sø,0.221209457
1709074.jpeg,Sptbr 1936,0.091394362,Saltholm,0.812655350
1742832.jpeg,11-5-84,0.011485299,Klampenborg,0.228338891
1707349.jpeg,7/6.1870,0.159421037,Rø Bornholm | Bo,0.704525614
1743579.jpeg,MISSING,0.392018794,MISSING,0.431527736
1743720.jpeg,MISSING,0.386077599,MISSING,0.429745377
1744605.jpeg,MISSING,0.328448015,Øbjerggård Lundby station,0.120506214
1708751.jpeg,MISSING,0.627587148,Veile | Ve,0.297850864
1707903.jpeg,26.5.1922,0.054558957,Dyrehaven,0.743737496
1708398.jpeg,26.5.29,0.654619582,Tisvilde Hegn,0.382809942
1706934.jpeg,19/5.1870,0.277353744,Dyrehaven,0.654322522
1709755.jpeg,MISSING,0.507575023,MISSING,0.447866020
1710406.jpeg,8.6.1929,0.463313125,rg. Draved,0.034358897
1743704.jpeg,MISSING,0.388157017,Boserup,0.885434980
1709954.jpeg,28/7 1930.,0.482027887,Ærø.,0.583028190
1707208.jpeg,30-8-62.,0.784137617,Dyrehaven,0.753243407
1742793.jpeg,MISSING,0.424992422,Boserup,0.886623219
1707444.jpeg,26/6 1896,0.743440436,Skamlings=bk,0.092285541
1742770.jpeg,8/5.1870.,0.215565323,Dyrehaven | Kb,0.386374659
1707599.jpeg,21. 6. 32,0.723240376,Skagen,0.902961503
1743911.jpeg,7/8 | 1-15 Aug. 1933,0.139815095,Frøslev v. Padborg,0.169818127
1744656.jpeg,17-6-1911,0.325180358,Asminderød,0.042973628
1705949.jpeg,1.6.1967,0.914546832,Østjylland Klattrup syd f. Vejle,0.197741740
1707344.jpeg,7/6.1870.,0.757996363,Rø Bornholm | Bo,0.691454986
1705798.jpeg,22.5.1902,0.935043953,Halk,0.052479539
1706293.jpeg,14.V.2011,0.864343741,Røsnæsgd. NWZ,0.521833889
1743838.jpeg,15/6 47,0.369442255,Lejre,0.924349803
1744477.jpeg,MISSING,0.344489239,Øbjerggård,0.636201879
1706192.jpeg,7/6 1937. | 7/6 37,0.110406184,Ærø Svendborg Amt | Æ,0.296068506
1743034.jpeg,11.5.1982.,0.410733556,Grib skov,0.711357987
1705900.jpeg,Juni 1928.,0.062876629,"Sjæll., Tølløse",0.216753562
1743028.jpeg,31.V.1986,0.411624735,Jægerspris,0.376868748
1705551.jpeg,10-7.37,0.309139133,Rands Fj.,0.643331313
1706453.jpeg,17/6 1871.,0.846817217,Jydske As,0.687296150
1707531.jpeg,1/6 13,0.086344347,Bornh Rø,0.145756290
1708011.jpeg,15/5 70,0.257450743,Dyrh,0.039408912
1708460.jpeg,MISSING,0.646301910,MISSING,0.486780843
1706454.jpeg,17/6.1871.,0.846520158,Jydske As,0.294583207
1709768.jpeg,12-5-1951,0.504901485,Haveskov,0.073867839
1706097.jpeg,MISSING,0.893455593,Dyrehaven,0.766908154
1707228.jpeg,17-7-1977 | 17-7-1977,0.780869961,Jægerspr. N.sk | Jægerspr. N.sk,0.384889360
1728478.jpeg,MISSING,0.456480752,Lolland,0.848005456
1707729.jpeg,MISSING,0.706902092,MISSING,0.495989694
1708768.jpeg,9.87.,0.247350712,Hvorup,0.609763565
1706042.jpeg,20.5.34,0.902367384,Reersø,0.906526220
1744602.jpeg,MISSING,0.329042134,MISSING,0.421427705
1743981.jpeg,14.V.1985,0.351915732,NEZ: Munkholm,0.273491967
1708754.jpeg,MISSING,0.626993028,Veile | Ve,0.600554714
1706849.jpeg,24.10.1976,0.823646560,ROLD SKOV SKØRPING | DANMARK,0.222694756
1743023.jpeg,21 Mai 1950,0.411921794,"Kagerup, Själl.",0.239627160
1706286.jpeg,18-6-1956,0.865829039,Redsle Fl.,0.693237345
1743010.jpeg,19.V.2022,0.414892392,"Denmark: Samsø: EJ: Følsdal Bakke, 55.9922N, 10.5515E, h30m",0.553619279
1708392.jpeg,5.10.32.,0.252400727,Magelundegaard pr. Købelev,0.118426796
1728536.jpeg,1-6-1918,0.449351319,København,0.714922704
1706371.jpeg,MISSING,0.080997272,Nykøbing Lyng,0.090503183
1709207.jpeg,29.4.32,0.566392846,Dyreh.,0.823349500
1707483.jpeg,5-6-1922,0.738093362,Dyrehaven,0.746411034
1707126.jpeg,28.7.18,0.790375871,Dyrehaven,0.326368597
1707742.jpeg,5-5-1974,0.705119733,SKALLINGEN,0.675413762
1708926.jpeg,22.8.22,0.085750227,Thorsager,0.787999394
1706484.jpeg,MISSING,0.842955441,Au,0.027229463
1709780.jpeg,28.IX.1988,0.503119127,NEZ UB38 HARESKOV,0.182591694
1743982.jpeg,27.IV.1986,0.194177023,F. Brandholtby V. Tommerup,0.065847226
1707900.jpeg,12.IV.2011,0.682543195,Sukkertoppen EJ,0.285374356
1709460.jpeg,26.9.1931,0.186750530,Virklund,0.417565929
1744482.jpeg,MISSING,0.343003941,Øbjerggård,0.635904820
1709779.jpeg,14.IV.1991,0.503416187,LFM PF58 RAVNSBY BAKKE,0.132388603
1743810.jpeg,16.6.1929,0.373898151,Lellinge skov,0.428260079
1706829.jpeg,12/6 1962,0.827805396,Tisvilde Hegn Nordsjælland,0.194474083
1705533.jpeg,MISSING,0.971879357,MISSING,0.535795696
1705708.jpeg,17/8.1902,0.947520461,Vester Ulslev Haven,0.103870870
1707251.jpeg,MISSING,0.775819945,Dyrehaven,0.088720824
1744662.jpeg,30.5.95,0.199524098,Esbjerg,0.838202486
1705483.jpeg,29/5.1870,0.980494089,Dyrehaven | Kb,0.702743256
1706840.jpeg,7-6-1971,0.825725978,LÆSØ,0.657887239
1708920.jpeg,26.8.1940,0.599960594,Mols,0.633825402
1706082.jpeg,3/6.1870,0.170709306,Rønne,0.926429221
1708436.jpeg,24/9 79,0.151994544,Rørdal,0.146053349
1707977.jpeg,MISSING,0.671849045,Kb,0.968314641
1708995.jpeg,MISSING,0.591345862,MISSING,0.159718096
1709526.jpeg,MISSING,0.518566232,Kb,0.956432252
1705865.jpeg,20.5-95,0.100306153,Funder,0.832855411
1728451.jpeg,MISSING,0.462124886,Kb,0.954055774
1706046.jpeg,20.5.34,0.901773265,Reersø,0.703634435
1708877.jpeg,26-10-1972,0.607387087,Marselisborg Dyreh.,0.214377084
1708750.jpeg,MISSING,0.627884207,Veilø Bugt | Ve,0.026932404
1705792.jpeg,22.5.1915,0.935341012,Ry Nørreskov,0.575898757
1706279.jpeg,18-6-1956,0.867314338,Redsle Fl.,0.353401031
1707918.jpeg,25.9.1937,0.679275538,Dyrehaven,0.741955138
1744597.jpeg,MISSING,0.329933313,MISSING,0.422318885
1709107.jpeg,10-9-1935,0.095553198,Jy. Herning,0.323992119
1707594.jpeg,23.6.32,0.177541679,Kandestederne,0.173976963
1743939.jpeg,30.5 1964,0.057529554,V.Sjælland Røsnæs Kongstrup Kl,0.134765080
1707650.jpeg,6/1871,0.133576841,Vendsys=sel,0.086344347
1708806.jpeg,23/11.1969,0.619863595,Jylland Karup,0.274383146
1742782.jpeg,MISSING,0.426774780,MISSING,0.154965141
1705828.jpeg,17/6 1870.,0.171600485,Dyrehaven | Kb,0.828102455
1709125.jpeg,25.9-1960,0.237844801,Jægerspr. N.Sk.,0.314189148
1705801.jpeg,4.6.19,0.302603819,Thorsager,0.797802364
1709852.jpeg,22.8.12,0.224477114,Thorsager,0.779087602
1710367.jpeg,18.7.1926,0.469848439,Thorsager,0.716110943
1705604.jpeg,MISSING,0.965046984,MISSING,0.534904517
1709222.jpeg,28.9.1913,0.565501667,Dyrehaven,0.728884510
1710334.jpeg,23-6-1961,0.476977872,"MidtJylland Galgehøj, Hjarbæk",0.190315247
1709497.jpeg,MISSING,0.523616247,Dyrehaven,0.391424674
1706131.jpeg,6/1862.,0.295474386,Alholm. Jægerspris | Ti,0.298147924
1709974.jpeg,17-7.51.,0.222100637,Stubbergaard. Sevel.,0.144865111
1709729.jpeg,10-5-63,0.509654441,Faxe,0.933855714
1743989.jpeg,26-7-1951,0.350133374,Nivå,0.883355562
1705849.jpeg,18/5 1890,0.927320400,Seloø,0.056341316
1707780.jpeg,6/1862,0.112782661,Jægerspris,0.031388299
1708818.jpeg,MISSING,0.618675356,MISSING,0.472819036
1709841.jpeg,19.7.1928,0.495098515,Dronninglund,0.368848136
1710394.jpeg,20.6.09,0.465392543,Dyrehaven,0.778493483
1709541.jpeg,MISSING,0.515892695,Lolland,0.852461352
1709138.jpeg,23.9.1973,0.575898757,DANMARK | RISØ ROSKILDE,0.323397999
1709051.jpeg,9.78,0.031388299,Tommerup,0.417862989
1744581.jpeg,MISSING,0.332903910,MISSING,0.424992422
1743899.jpeg,13/6 1954,0.359342225,"Ørgaard Nors, Thy",0.290424371
1708894.jpeg,9-10-1972,0.603525311,MARSELISBORG,0.568175205
1707485.jpeg,8-6-1914 | 1829,0.022476508,Vamdrup,0.860779024
1743042.jpeg,26.9.1922,0.409248257,Dyreh.,0.703040315
1707821.jpeg,MISSING,0.696505002,Ti,0.916923310
1743959.jpeg,3.5.1974,0.203088815,KNUDSH.ODDE SJÆLLAND | DANMARK,0.276759624
1707540.jpeg,MISSING,0.733637466,MISSING,0.500742649
1743948.jpeg,4-4-1953 | 4-4-1953,0.354292210,Glumsø øst-skv | Glumsø øst-skv,0.560748712
1706824.jpeg,24 - 7 - 1969,0.828696575,Læsø. Nordmarken,0.218238860
1708694.jpeg,26-9-1964,0.142191573,Tranekær,0.223288875
1709847.jpeg,22.8.32,0.043864808,Thorsager,0.350430433
1707004.jpeg,26/8.1899,0.275868445,Kjeldskov,0.548272204
1707274.jpeg,19-X-1976,0.770472871,Sundby storsk,0.274977266
1707425.jpeg,MISSING,0.746411034,Svejbæk,0.566095787
1707566.jpeg,20-5-1956,0.728290391,JægersprisNord skov,0.236359503
1707426.jpeg,28 Mai 1889,0.064658988,Lindum H. Onsild,0.070303122
1706435.jpeg,14/6.1871,0.075650197,Dronninglund,0.266065474
1705605.jpeg,MISSING,0.964749924,MISSING,0.534607457
1707452.jpeg,21-5-49.,0.741955138,Eremitagen,0.677790239
1705918.jpeg,1-6-50.,0.919596848,Hestehaven. Hillerød,0.220318278
1705649.jpeg,1883,0.957620491,Vojens,0.833746590
1709186.jpeg,29-8-1952,0.570551682,Dyrehaven,0.732449227
1707473.jpeg,14-5-1914,0.266659594,Vamdrup,0.861373143
1705633.jpeg,21.7.1974.,0.960294028,Rø,0.990000000
1744564.jpeg,MISSING,0.335577448,Kb,0.978711731
1709476.jpeg,MISSING,0.528963322,Dyrehaven,0.231309488
1707845.jpeg,MISSING,0.692049106,MISSING,0.493019097
1708438.jpeg,Oktober 1964,0.649569567,Bornholm,0.813249470
1743500.jpeg,MISSING,0.404495302,SS | Øbjerggård Næstved,0.396771749
1706915.jpeg,10.8.1948,0.815031828,Dyrehaven,0.214971203
1706830.jpeg,1. 7. 28.,0.827508336,Eremitagen,0.681057896
1708807.jpeg,23-10-1971,0.619566535,"N-JYLLAND SKAGEN, STRANDKANT",0.139815095
1707366.jpeg,MISSING,0.753837527,SS,0.970394059
1707675.jpeg,MISSING,0.714922704,MISSING,0.163579873
1743583.jpeg,MISSING,0.391127614,Boserup,0.841470142
1743879.jpeg,14.4.1943,0.205168233,Rude skov,0.354292210
1709581.jpeg,16/4 1870,0.510248560,Dyrehaven,0.719081540
1743922.jpeg,23-10-1971,0.194474083,"N-JYLLAND SKAGEN, STRANDKANT",0.148429827
1728565.jpeg,MISSING,0.447271901,MISSING,0.441033647
1743014.jpeg,19.V.2022,0.413704153,"Denmark: Samsø: EJ: Følsdal Bakke, 55.9922N, 10.5515E, h30m",0.561639891
1743799.jpeg,3/5-1942,0.376274629,Tisvilde Hegn ved Asserbo,0.186750530
1705444.jpeg,15/5. 1870,0.312109730,Dyrehaven,0.687890270
1709027.jpeg,13/9 1887.,0.585404668,København,0.735419824
1706040.jpeg,20.5.34,0.902664444,Reersø,0.906823280
1743985.jpeg,1. VI. 1986,0.351024553,NEJ: Lundby Hede,0.128526826
1707463.jpeg,2.6.1943,0.739281600,Dyrehaven,0.747599273
1744665.jpeg,2/6 88 | do 1/6 88 | 28/5 88,0.010594119,Harb,0.013267657
1709197.jpeg,26-8-1956,0.568472264,Nekselø V.,0.671551985
1710404.jpeg,7. 6. 1927,0.463907245,Pindstrup,0.295771446
1705542.jpeg,28/5 1939. | 28/5 39,0.109515005,Ristinge Svendborg Amt | Ri.,0.113673841
1708802.jpeg,13.10.46,0.620754774,s.f. Rørbæk Sø,0.207841770
1707080.jpeg,29-5-1951,0.793346469,Dyrehaven,0.756511064
1705863.jpeg,9.1900,0.300524401,Bernstorff,0.278244923
1706433.jpeg,17/6 1871,0.287156714,Dronninglund,0.300524401
1705494.jpeg,MISSING,0.980197029,MISSING,0.539063353
1709120.jpeg,19-9-1953,0.058420734,Dyrehaven,0.733637466
1743491.jpeg,3/6. 1870.,0.405089421,Bo | Byaa ved Rønne,0.075650197
1709592.jpeg,7. 96,0.094364959,Næsbyhoved,0.208732949
1709445.jpeg,18.V.1930,0.138032737,Madum Sø,0.328448015
1743836.jpeg,13-8-36.,0.370036375,Hindsholm,0.709278569
1709927.jpeg,20/8 88 | 19/6.86,0.016535314,Bognæs | Fredriksværk Karsemose,0.018911791
1742774.jpeg,MISSING,0.428260079,SS,0.950193998
1705419.jpeg,25.6.1913,0.989702940,Ermelunden,0.048320703
1706445.jpeg,14/6.1871,0.285671416,Dronninglund,0.281809639
1706981.jpeg,MISSING,0.807605335,MISSING,0.514704456
1709988.jpeg,5-8-1953,0.030794180,Horbelev,0.017723553
1709530.jpeg,MISSING,0.517972113,MISSING,0.158529858
1708759.jpeg,10/1873,0.138626857,Rask Horsens | Ho,0.377462868
1709640.jpeg,12/5 46,0.228933010,Uvelse Skov,0.310921491
1708416.jpeg,25-9-1960,0.189424068,Jægerspr. N.sk.,0.334983328
1707317.jpeg,22.5.22,0.764234617,Søllerød,0.826320097
1707898.jpeg,2.IV.1983,0.682840255,Sandmilen v Skagen NEJ,0.123773871
1705756.jpeg,7-6-1964,0.939796908,Øle å,0.389642316
1709491.jpeg,MISSING,0.525398606,Dyrehaven,0.260421340
1707984.jpeg,8/5. 1870.,0.670660806,Dyrehaven | Kb,0.858105487
1728488.jpeg,1.6.14,0.147538648,Silkeborg,0.054856017
1706137.jpeg,MISSING,0.886326159,Bo,0.976632313
1710373.jpeg,14.6.1990,0.468660200,Hammershus,0.360827523
1709298.jpeg,11/5. 1896,0.233388906,Nørlem Hede,0.148132768
1709479.jpeg,MISSING,0.528369203,Dyrehaven,0.241706578
1706404.jpeg,21.VII.2004,0.850084874,Lodskovvad NEJ,0.373601091
1705437.jpeg,27.5.22,0.986435283,Søllerød,0.603525311
1744707.jpeg,4.5.1978,0.320427402,Tissø,0.585404668
1743756.jpeg,6/8 1930.,0.381324644,Ribe.,0.585701728
1743576.jpeg,MISSING,0.392612913,SS,0.949896938
1707230.jpeg,13.8.88,0.018317672,Bognæs,0.026635344
1707324.jpeg,MISSING,0.762749318,Bornholm,0.819190664
1707858.jpeg,MISSING,0.690563807,MISSING,0.492127918
1705855.jpeg,2.5.1913,0.926429221,Silkeborg,0.769581691
1742740.jpeg,MISSING,0.435092452,Dyrehaven,0.287156714
1706199.jpeg,6/7 1922,0.067035465,Sandvig,0.216159442
1706757.jpeg,7/7 1930,0.281809639,Langø,0.064361928
1709932.jpeg,6.8.81,0.223288875,Tjustrup,0.252994847
1744446.jpeg,14.5.1947,0.184671112,Juelsminde,0.047429524
1743011.jpeg,19.V.2022,0.414595332,"Denmark: Samsø: EJ: Følsdal Bakke, 55.9922N, 10.5515E, h30m",0.562234010
1707631.jpeg,MISSING,0.720566838,Bornholm,0.825428918
1706491.jpeg,MISSING,0.841173083,Al,0.985247045
1708823.jpeg,MISSING,0.617190058,MISSING,0.471333737
1743918.jpeg,21-4. 1963,0.067629585,Tisvilde Hegn Nordsjælland,0.185859351
1743967.jpeg,MISSING,0.353698090,MISSING,0.427071840
1708439.jpeg,oktober 1964,0.649272507,Bornholm,0.369739315
1709219.jpeg,28.9.1913,0.166550470,Dyrehaven,0.414892392
1709915.jpeg,MISSING,0.486483783,MISSING,0.445192483
1707843.jpeg,MISSING,0.692346166,MISSING,0.493316156
1705910.jpeg,31-5-1917,0.920488027,Vraa,0.937420430
1707059.jpeg,1.7.28.,0.796020006,Eremitagen,0.678384359
1709835.jpeg,7. 1883,0.150806305,Faaborg,0.850678994
1706000.jpeg,26.VI 2004,0.017129433,Hald Ege EJ,0.014158836
1709067.jpeg,11/9 1935. | 11/9 35,0.090503183,Thurø Svendborg Amt | Tø,0.278839042
1707565.jpeg,21-6-1956,0.728587451,V.f. Høvblege Møn,0.221506517
1743710.jpeg,3/4 1890,0.387265838,Skibby,0.655807821
1707150.jpeg,13/8.1888,0.270521370,Bognæs i Hjørring amt | NS,0.019208851
1707196.jpeg,27/7.18,0.785622916,Dyrehaven,0.754134586
1705619.jpeg,14-5-1954,0.962373446,Kulhuse,0.876820249
1743527.jpeg,4/6 92,0.035547135,Kulhuse Jægerspris,0.094364959
1728467.jpeg,MISSING,0.458857229,MISSING,0.443113065
1706262.jpeg,23/8 80,0.086938466,Faaborg,0.019802971
1706171.jpeg,MISSING,0.878602607,MISSING,0.523616247
1706146.jpeg,MISSING,0.883652622,Bo,0.545301607
1728537.jpeg,23-5-1915,0.449054259,Skagen,0.899099727
1706999.jpeg,MISSING,0.802852380,Lolland,0.863155502
1709372.jpeg,12-10-1952,0.547381025,Dyrehaven,0.722646256
1705695.jpeg,3/6.1870.,0.950491058,Byå ved Rønne. | Bo,0.590751743
1705420.jpeg,25.6.1913,0.989405881,rg.Ermelunden,0.100306153
1707170.jpeg,MISSING,0.788593513,MS,0.984652925
1709168.jpeg,MISSING,0.572036981,MISSING,0.457966050
1707982.jpeg,15/5.1870.,0.670957866,Kb | Dyrehaven,0.858402546
1706867.jpeg,27.7.72,0.821567142,Jægerspris,0.035547135
1706790.jpeg,16-6-1908,0.281512580,Tidsvilde,0.761858139
1709429.jpeg,27.IV.2022,0.534310397,"DENMARK: NEZ: Hellebæk Avlsgård, Kohave, 56.0554N, 12.5439E",0.631151864
1708937.jpeg,MISSING,0.597584116,Øbjerggård,0.366471658
1706210.jpeg,5-6-1922,0.293394968,Dyrehaven,0.765125796
1708925.jpeg,22.8.22,0.086047287,Thorsager,0.350727493
1743726.jpeg,23-8-1953,0.385483480,"Ørgaard Nors, Thy",0.291909670
1708426.jpeg,8-9-1970,0.651648985,Læsø,0.696505002
1708672.jpeg,7/10 1930,0.640360715,København,0.738390421
1709357.jpeg,MISSING,0.548569263,MISSING,0.158826917
1708993.jpeg,16/4 1870,0.189127008,Dyrehaven,0.736608063
1705575.jpeg,12-6-50.,0.307653834,Jægerspris,0.684622613
1708356.jpeg,25-5-1914,0.253886026,Vamdrup,0.856026069
1744696.jpeg,10-5-1956,0.322506820,Kongelunden,0.617190058
1707865.jpeg,MISSING,0.689078509,MISSING,0.490642619
1709517.jpeg,MISSING,0.520348590,Kb,0.958214610
1708866.jpeg,26.10.72.,0.158529858,Marselisb. Sk.,0.182294635
1706266.jpeg,MISSING,0.135953319,MISSING,0.337953925
1707923.jpeg,5. 7. 1905,0.058717793,Dyreborg,0.046835405
1705898.jpeg,1/8 1930.,0.921973325,Dybbøl,0.304386178
1706835.jpeg,22-5-1965,0.826617157,V.Sjælland Røsnæs Kongstrup Kl,0.140706275
1708451.jpeg,4.81.,0.250321309,Vesterfælled,0.200712337
1708671.jpeg,28/9 89,0.044755987,Tebbestrup Randers,0.018614732
1707878.jpeg,MISSING,0.687593210,Sorø.,0.057529554
1709735.jpeg,10-5-63,0.509357381,Faxe,0.892861473
1707035.jpeg,29-5-38,0.800475902,Grib,0.559857533
1707667.jpeg,MISSING,0.716110943,SS,0.982573507
1708897.jpeg,9-10-1972,0.602931191,MARSELISBORG,0.567581085
1706843.jpeg,16.7.1976,0.825131858,LIVØ LIMFJORDEN | DANMARK,0.221803577
1705598.jpeg,13/6 86,0.306762655,Tisvilde,0.295177326
1709347.jpeg,MISSING,0.550054562,MISSING,0.455589573
1709293.jpeg,MISSING,0.558669294,Kb,0.960591088
1708858.jpeg,1-11-1959,0.120803274,Silkeborg,0.737796302
1709005.jpeg,MISSING,0.589563504,Lolland,0.854540770
1728457.jpeg,MISSING,0.461233707,Kb,0.953461655
1707340.jpeg,MISSING,0.758590482,Øbjerg=gaard,0.093770840
1709284.jpeg,MISSING,0.560748712,Kb,0.962670506
1707458.jpeg,5-6-50.,0.740172780,Tisvilde Hegn.,0.372412852
1709322.jpeg,10-5-1915,0.553619279,Skagen,0.901476205
1707361.jpeg,29/5.1870,0.755322825,Kb | Dyrehaven,0.862264323
1705654.jpeg,15.7.37,0.957323431,Sose,0.833449530
1707498.jpeg,5.6.22,0.119615035,Dyrehaven,0.232794786
1744628.jpeg,23/1 1936. | 23/1 36,0.090800242,Rudkøbing Svendborg Amt | Ru,0.557778115
1705674.jpeg,3/6.1870,0.172194604,Rønne,0.928211579
1709368.jpeg,6-4-1952,0.548272204,Dyrehaven,0.723537436
1742822.jpeg,27/6.1908,0.164471052,Kjeldskov,0.776414065
1706942.jpeg,19/5.1870,0.277056684,Dyrehaven,0.793643528
1744637.jpeg,25-5-53,0.327259776,Tisvilde Strand,0.239330100
1709409.jpeg,27.IV.2022,0.539063353,"DENMARK: NEZ: Helsingør, Grønne Vestkile, 56.0375N, 12.5598E",0.623428312
1706401.jpeg,21.VII.2004,0.850381934,Lodskovvad NEJ,0.373898151
1708430.jpeg,21.X. 1976,0.650460746,"Sjælland Røsnæs, Kongstrup",0.192691725
1742995.jpeg,13-7-1951,0.213782965,Dragstrup,0.776117005
1707752.jpeg,8.VI.2003,0.703040315,Tofte Skov NEJ,0.371224614
1710379.jpeg,29. august 1993,0.467471961,"DK, NWZ, PG 27 Kongstrup, Røsnæs",0.187641710
1707718.jpeg,17-6-1908,0.263094877,Tidsvilde,0.791564110
1707085.jpeg,29-5-1951,0.792455289,Dyrehaven,0.755619885
1708848.jpeg,12-IV-1976,0.610951804,Ejstrupholm,0.627290088
1710410.jpeg,8.6.1929.,0.219427099,Yg. Draved,0.033764777
1705669.jpeg,MISSING,0.954352834,Veilø Bugt,0.321912701
1707413.jpeg,21/5 86,0.097929676,MISSING,0.502227948
1708686.jpeg,23.10.32,0.638578357,Grib Skov,0.660857836
1706211.jpeg,30-6-1912,0.293097908,Sandbjerg,0.764828736
1708727.jpeg,20.10.1946,0.631448924,Salten,0.662046075
1743575.jpeg,3/7. 1872,0.211406487,SS | Næstved,0.773740527
1709972.jpeg,17-7-51,0.480542589,"Stubbergaard, Sevel",0.105653228
1705685.jpeg,3/6.1870,0.305277357,Rønne,0.882167323
1709623.jpeg,4/12.1942,0.089017884,Peterslund Mors.,0.125556229
1707371.jpeg,MISSING,0.752946347,MISSING,0.164768112
1705624.jpeg,14-5-1954,0.961779327,Kulhuse,0.876523189
1707908.jpeg,26.9.1922,0.681057896,Dyrehaven,0.742549257
1706386.jpeg,MISSING,0.853055471,MISSING,0.517675053
1709788.jpeg,14.IV.1995,0.501633828,LFM PFG7 MALTRUP,0.102979691
1743745.jpeg,25-8-1920,0.383404062,Faxe Ladeplads,0.200415277
1709043.jpeg,MISSING,0.130309185,MISSING,0.334092149
1705688.jpeg,3/8.1870,0.951976356,Kjøbenhavn,0.321615641
1709389.jpeg,30.5. 1947,0.544410427,Vedersø Jylland,0.242003637
1707748.jpeg,5-5-1974,0.703634435,SKALLINGEN,0.674225523
1707129.jpeg,28.7.18 | 4.9.70,0.270818430,Dyrehaven | Dyrehaven,0.659669597
1709249.jpeg,16/4.1870,0.234280085,Dyrehaven,0.784731737
1742752.jpeg,MISSING,0.432418915,Øbjerggård,0.375680509
1706492.jpeg,MISSING,0.840876023,Al,0.918705668
1706104.jpeg,MISSING,0.891970294,Veilø Bugt,0.590454683
1709844.jpeg,7.1883,0.225071234,Faaborg,0.850084874
1707635.jpeg,6/1871,0.074461958,Vendsyssel,0.209030009
1742725.jpeg,5.6.22,0.215862383,Dyrehaven,0.357262807
1743722.jpeg,V.97.,0.210218248,Sandbg,0.059906032
1742808.jpeg,MISSING,0.127635647,MISSING,0.332606851
1709745.jpeg,30/5-71,0.019802971,MISSING,0.014752955
1708938.jpeg,9/9 1872,0.242597757,Dyrehaven,0.576492877
1743702.jpeg,MISSING,0.388751137,Boserup,0.841173083
1707651.jpeg,6/1871,0.074164898,Vendsyssel,0.599366475
1743858.jpeg,10-5-63,0.366174598,Faxe,0.930290997
1706166.jpeg,1/8.1901,0.294880267,Sandager Lolland,0.320724462
1708748.jpeg,MISSING,0.628181267,Ve,0.965641103
1705972.jpeg,86.,0.012970597,MISSING,0.526883904
1709283.jpeg,MISSING,0.561045771,Kb,0.962967566
1706500.jpeg,MISSING,0.839984844,MISSING,0.516783874
1707372.jpeg,13/5.1870,0.191206426,Aldershvile,0.367362837
1706513.jpeg,Septbr.1887,0.838202486,Aalborg,0.867611397
1744593.jpeg,MISSING,0.330527433,MISSING,0.422913004
1707225.jpeg,17-7-1977,0.781464080,Jægerspr. N.sk.,0.102385571
1708336.jpeg,Juli 1931.,0.255074265,"Vuusgrd, Aalbæk",0.049211882
1707698.jpeg,MISSING,0.710466808,MISSING,0.498069112
1706996.jpeg,MISSING,0.803743559,Lolland,0.864046681
1706267.jpeg,MISSING,0.868502577,MISSING,0.522725068
1742765.jpeg,MISSING,0.430042437,Kb,0.951679297
1709253.jpeg,16/4.1870,0.138329797,Dyrehaven,0.395583510
1743742.jpeg,9.7.96.,0.383701122,blingskovgaard,0.058123674
1707280.jpeg,17-6.1924,0.269036072,Slotved Skov,0.588969385
1707045.jpeg,25-5-1914,0.273789027,Vamdrup,0.862858442
1709001.jpeg,MISSING,0.590157624,MISSING,0.159421037
1709906.jpeg,MISSING,0.488266141,MISSING,0.446380721
1709098.jpeg,22.8.22.,0.239330100,Thorsager,0.786514095
1743568.jpeg,MISSING,0.394395271,MISSING,0.431824795
1743983.jpeg,11.VI.1987,0.351618672,SJ:Frøslev Plt.,0.065253107
1707693.jpeg,MISSING,0.711357987,Boserup,0.859887845
1708756.jpeg,10/1873.,0.083967869,Raske Horsens | Ho,0.108326766
1707342.jpeg,4/6.1870,0.159718096,Bekkegård ved Blykobbe | Bo.,0.112188542
1744478.jpeg,MISSING,0.344192179,Øbjerggård,0.419645347
1743006.jpeg,25-8-17,0.155559260,Raageleje,0.712249166
1728604.jpeg,22/5.1917 | 1911,0.024258866,Vester Ulslev Vestermosen,0.089909063
1707499.jpeg,23.7.72,0.122288572,Tisvilde,0.649272507
1743565.jpeg,MISSING,0.394989391,Ryt,0.035250076
1744629.jpeg,23/1 1936. | 23/1 36,0.106841467,Rudkøbing Svendborg Amt | Ru,0.581839952
1743541.jpeg,MISSING,0.399445286,Øbjerggaard,0.198929979
1705647.jpeg,8.8.1936.,0.958214610,Arnager,0.037329494
1707302.jpeg,19. 7. 1928.,0.766016975,Dronninglund,0.356965747
1728587.jpeg,10. 6. 1979.,0.442221885,Østrig,0.897614429
1707596.jpeg,6.6.1924,0.159123977,Skagen,0.707199151
1707376.jpeg,MISSING,0.751758109,MISSING,0.505198545
1709402.jpeg,27.IV.2022,0.541142771,"DENMARK: NEZ: Helsingør, Grønne Vestkile, 56.0375N, 12.5598E",0.640954835
1707070.jpeg,29/6 71,0.037923613,MISSING,0.406277660
1743892.jpeg,23-8-1953,0.360530464,"Ørgaard Nors, Thy",0.291315550
1709277.jpeg,MISSING,0.562234010,Kb,0.963858745
1706379.jpeg,11.8.68,0.288939072,Nykjøb. Lyng.,0.220912398
1709085.jpeg,3-9-1915,0.580948772,Lersøen,0.339439224
1706469.jpeg,MISSING,0.845628978,Al,0.986435283
1744560.jpeg,MISSING,0.336765687,Kb,0.945143983
1743920.jpeg,2/7 1961,0.357559867,Tisvilde Hegn Nordsjælland,0.185265232
1708043.jpeg,8/5-1936. | 8/5-36,0.255371325,Tranekær Svendborg Amt | Tr,0.076838436
1707067.jpeg,25.8.87,0.272303728,Hals,0.023961807
1743874.jpeg,6-9-49.,0.363204001,Sønderskov. Høvelte,0.209921188
1705711.jpeg,MISSING,0.946926341,Kb,0.976929373
1709131.jpeg,25.9.1969,0.576789936,Turø Rev,0.249430130
1705924.jpeg,29.6.1948,0.918111549,"Jydelejet, MØN",0.228041831
1706031.jpeg,19.V.2022,0.904149742,"Denmark: Samsø: EJ: Følsdal Bakke, 55.9922N, 10.5515E, h30m",0.563125189
1709485.jpeg,MISSING,0.526883904,Dyrehaven,0.782058199
1706092.jpeg,MISSING,0.894643831,Møen,0.884246741
1705750.jpeg,8-7-60.,0.940985147,Vstr. Sømark,0.412515914
1707223.jpeg,28-8-1976,0.781761140,Krenkerup,0.751461049
1705851.jpeg,25/5.1896,0.300821461,Ålbæk,0.881870264
1744670.jpeg,19/5 78,0.011188239,V.F.,0.012376478
1706881.jpeg,30.7.44,0.818893604,Kongelund | DANMARK,0.639469536
1707849.jpeg,6/6 92,0.261906638,Kulhuset,0.020100030
1707007.jpeg,18/5-1901,0.275274326,Vester Ulslev,0.345380418
1706156.jpeg,MISSING,0.881276144,Lolland,0.870581995
1710383.jpeg,? - VII - 1976,0.220615338,Agernæs Nordfyn,0.240815399
1709838.jpeg,7. 1883,0.225962413,Faaborg,0.798990603
1743830.jpeg,juni. 1933,0.206950591,Hillerød,0.697693240
1742794.jpeg,MISSING,0.424695362,Boserup,0.844737799
1743750.jpeg,27.7.03,0.382512883,Funder,0.895832070
1742736.jpeg,MISSING,0.436280691,Dyrehaven,0.689969688
1707753.jpeg,21 Mai 1950,0.702743256,"Kagerup, Sjæll.",0.224180055
1705586.jpeg,8-6-1958,0.967126402,Stensbæk pl.,0.288939072
1705836.jpeg,MISSING,0.929696878,Boserup,0.875037890
1705705.jpeg,17/8.1902,0.948114580,Vester Ulslev Haven,0.108029706
1706421.jpeg,17/6.1871,0.287750834,Dronninglund Vendsyssel,0.023070627
1743888.jpeg,1/8 1938.,0.361421643,Arnum Sønderjl,0.245865414
1709415.jpeg,27.IV.2022,0.537280994,"DENMARK: NEZ: Helsingør, Grønne Vestkile, 56.0375N, 12.5598E",0.622537132
1706153.jpeg,MISSING,0.882167323,MISSING,0.523913307
1709226.jpeg,10. 1904,0.235468324,Silkeborg,0.651054865
1742776.jpeg,MISSING,0.427963019,MISSING,0.156153380
1706848.jpeg,17.8.1974,0.823943619,OMØ | DANMARK,0.565798727
1707294.jpeg,2.8.1931.,0.767205214,Tg. Vejrs,0.029903001
1707220.jpeg,28-8-1976,0.782652319,Krenkerup,0.653431343
1707453.jpeg,21-5-49.,0.741658078,Eremitagen,0.677493180
1707049.jpeg,21-5-49.,0.798396484,Eremitagen,0.613031222
1707838.jpeg,MISSING,0.693534404,MISSING,0.494207336
1707528.jpeg,23/6 88 | 1/8 87 | 27/5 85,0.063173689,Ferring | Harb. | Bvld,0.061688390
1705753.jpeg,22-7-60.,0.940391028,Vstr. Sømark,0.394098212
1710349.jpeg,19-7-1959,0.473116096,S.Sjælland Mogenstrup,0.212000606
1707947.jpeg,6/1870,0.121694453,Dyrehaven,0.740469839
1707687.jpeg,MISSING,0.712546226,MISSING,0.498366172
1710339.jpeg,23-6-1961,0.475492574,"MidtJylland Galgehøj, Hjarbæk",0.188829948
1706135.jpeg,MISSING,0.886623219,Bo,0.987920582
1705715.jpeg,MISSING,0.946035162,MISSING,0.532528039
1707469.jpeg,5-6-1922,0.738687481,Dyrehaven,0.747005153
1708870.jpeg,26-10-1972,0.608872386,Marselisborg Dyreh,0.262797818
1705866.jpeg,20.5.1918 | 23.5.96,0.019505911,Trekroner | TR,0.050697181
1744645.jpeg,9-3-1958,0.052479539,Skallingen,0.663828433
1709761.jpeg,12-10-1952,0.506386784,Dyrehaven,0.718784480
1706297.jpeg,19.V.2022,0.863155502,"Denmark: Samsø: EJ: Følsdal Bakke, 55.9922N, 10.5515E, h30m",0.553916338
1706416.jpeg,16.5.1896,0.288047893,Friis's Mark,0.309733253
1743941.jpeg,23-5-1965,0.354886329,V.Sjælland Røsnæs Kongstrup Kl,0.184671112
1709461.jpeg,26.9.1931,0.531042740,Virklund,0.257450743
1706810.jpeg,10 /8 1968,0.280918460,Jylland Ringkøbing: Vedersø Klit,0.195959382
1705594.jpeg,5.6.1976,0.965938163,ENDELAVE | DANMARK,0.391127614
1744556.jpeg,MISSING,0.337359806,Kb,0.945738102
1707559.jpeg,26-6-1955,0.730369809,Lindholm,0.816814186
1707414.jpeg,20.5.95,0.267253713,Funder,0.775522886
1743513.jpeg,MISSING,0.402712943,MISSING,0.433904213
1707437.jpeg,9/5-20.,0.744628675,Børstinge Mose,0.373304032
1705458.jpeg,MISSING,0.983761746,Veilø Bugt,0.346271597
1743041.jpeg,26.9.1922,0.409545317,Dyreh.,0.703337375
1708886.jpeg,13.10.1991,0.605901788,Marselisborg,0.570551682
1708834.jpeg,MISSING,0.614516520,MISSING,0.468957260
1707855.jpeg,23-5-1965,0.261015459,Kongstrup Klint,0.232497727
1707557.jpeg,26-6-1955,0.730666869,Lindholm,0.817111246
1707255.jpeg,MISSING,0.774631707,Dyrehaven,0.084859048
1707850.jpeg,23 Mai 1888,0.261609579,Skanderborg,0.326071537
1706028.jpeg,19.V.2022,0.904743862,"Denmark: Samsø: EJ: Følsdal Bakke, 55.9922N, 10.5515E, h30m",0.554213398
1708909.jpeg,22.8.1915,0.601445893,Horsens,0.887514398
1706932.jpeg,19/5 1870,0.277650803,Dyrehaven,0.794237648
1710335.jpeg,23-6-1961,0.476680812,"MidtJylland Galgehøj, Hjarbæk",0.190018187
1707069.jpeg,25/6 41,0.067926644,MISSING,0.512327978
1742747.jpeg,MISSING,0.433310094,Øbjerggård,0.413704153
1707379.jpeg,MISSING,0.134468021,MISSING,0.336765687
1742762.jpeg,8/5.1870,0.157044559,Dyrehaven | Kb,0.698287360
1707709.jpeg,Juli 1877,0.263391937,Esbjerg,0.172194604
1708660.jpeg,MISSING,0.640954835,MISSING,0.482324947
1705759.jpeg,24-5-1915,0.939499848,Skagen,0.910685056
1709031.jpeg,29/8.1902,0.241112458,Strandbyskoven - ved Østersøen,0.121991513
1707545.jpeg,MISSING,0.732449227,MISSING,0.499257351
1707456.jpeg,12-6-50.,0.740766899,Jægerspris,0.676899060
1706147.jpeg,MISSING,0.883355562,Danmark | Bo,0.774334647
1705970.jpeg,MISSING,0.136844498,MISSING,0.527478024
1707896.jpeg,15-10-1974,0.683434374,Østbirk,0.593722340
1709286.jpeg,MISSING,0.560451652,Kb,0.962373446
1743755.jpeg,13/7 1930.,0.381621704,Tærø.,0.318645044
1706437.jpeg,14/6.1871,0.286859654,Dronninglund Agerndal,0.024852986
1707902.jpeg,12.IV.2011,0.681949075,Sukkertoppen EJ,0.285077296
1744610.jpeg,Jun 96 | 15/4 97 | 5/7 02,0.010297060,Nykjøbing F.,0.015050015
1705765.jpeg,23-5-1915,0.938311610,Skagen,0.909496817
1743495.jpeg,6/1862.,0.212891785,Ti | Kulhuset Jægerspris,0.269333131
1708758.jpeg,10/1873,0.119317975,Rask Horsens | Ho,0.378948166
1743984.jpeg,29.V.1986,0.351321613,WJ: Nørholm Skov,0.214080024
1708883.jpeg,26-10-1972,0.606495908,Marselisborg Dyrh.,0.107732646
1705516.jpeg,MISSING,0.974849955,MISSING,0.536983935
1707766.jpeg,MISSING,0.701852076,Øbjerggård,0.041191270
1709160.jpeg,MISSING,0.574413459,MISSING,0.460342528
1709814.jpeg,12.IV.2011,0.497772052,Sukkertoppen EJ,0.283591998
1707073.jpeg,MISSING,0.795128827,MISSING,0.511733859
1709328.jpeg,13-4-49.,0.551836920,Dyrehaven,0.660560776
1743866.jpeg,26-6-1909,0.364986360,Silkeborg,0.708684450
1706906.jpeg,5-5.1916,0.278839042,Hansted Skov,0.339736284
1708679.jpeg,11/10 1925,0.195662322,"Sjæll., Gladsaxe",0.148726887
1707114.jpeg,17-19.8.1934.,0.790969991,Dyrehaven,0.754728706
1706449.jpeg,17/6 1871.,0.118723856,Jydske Aas.,0.303494998
1743046.jpeg,25.9.1921,0.408357078,Dyrehaven,0.710763868
1743938.jpeg,30.10 1964,0.355183389,V.Sjælland Røsnæs Kongstrup Kl,0.181106396
1743835.jpeg,1931,0.206653531,Vorsø,0.600851773
1707866.jpeg,MISSING,0.688781449,MISSING,0.490345559
1709812.jpeg,16.1.1988,0.498366172,Klostermølle EJ,0.241112458
1706249.jpeg,9-6-1971,0.291909670,Kringelrøn | Læsø,0.369145196
1705500.jpeg,13/5.1870,0.310624432,Aldershvile,0.398851167
1709000.jpeg,MISSING,0.590454683,MISSING,0.465392543
1708002.jpeg,MISSING,0.667096090,Lolland,0.857214307
1707050.jpeg,21-5-49.,0.798099424,Eremitagen,0.612734162
1709308.jpeg,MISSING,0.129715065,MISSING,0.333200970
1742993.jpeg,14.5-1953,0.214080024,Kulhuse,0.843252501
1709080.jpeg,19-9-26,0.042082449,Klosterhed,0.055450136
1707901.jpeg,12.IV.2011,0.682246135,Sukkertoppen EJ,0.348351015
1708831.jpeg,MISSING,0.615407699,MISSING,0.469848439
1709371.jpeg,12-10-1952,0.547678084,Dyrehaven,0.722943316
1742767.jpeg,MISSING,0.429448318,Kb,0.951382237
1707419.jpeg,7/7.1906,0.017723553,Lønstrup,0.017129433
1744690.jpeg,10-5-1956,0.198335859,Kongelunden,0.618081237
1709943.jpeg,16/7.1907,0.483513186,Kjeldskov ved stranden,0.137735677
1743773.jpeg,9/8 1930.,0.379245226,"Jyll., Velling",0.184076993
1710352.jpeg,26-8-1956,0.472224917,Nekselø S.,0.668581388
1705421.jpeg,25.6.1913.,0.989108821,Ermelunden,0.048023644
1710376.jpeg,30.7-44,0.220912398,DANMARK | Kongelund,0.308545014
1743032.jpeg,11. 5. 1982.,0.411030615,Grib skov,0.711655047
1706074.jpeg,17.6.1934,0.192691725,Halk,0.940688087
1742830.jpeg,11-5-84,0.044161867,MISSING,0.135359200
1708678.jpeg,MISSING,0.639469536,Asbo Esbjerg,0.229527129
1743774.jpeg,11/7 1926,0.378948166,"Skagen, Grenen",0.227744771
1706213.jpeg,17-6-1922,0.292800849,Dyrehaven,0.764531676
1709362.jpeg,16/4. 70,0.041191270,Dyreh.,0.015941194
1707075.jpeg,MISSING,0.794534707,MISSING,0.511139739
1705901.jpeg,2/6 1929. | 2/6 29,0.117238557,Kirkeby Svendborg Amt | K,0.289236132
1709750.jpeg,MISSING,0.508466202,MISSING,0.449054259
1706261.jpeg,26.8.87.,0.869393756,Harboør,0.890782055
1707533.jpeg,14/9/72,0.029308881,MISSING,0.501930888
1709833.jpeg,28.7.1923,0.496286754,Thorsager,0.717596241
1743926.jpeg,1974 maj 5-15,0.016238254,Vestjyll. Tipperne,0.266362534
1707909.jpeg,10. 6. 30,0.680760837,Frejlev,0.358748105
1706204.jpeg,7-6-1922,0.078026675,Dyrehaven,0.540845711
1708471.jpeg,MISSING,0.643925432,MISSING,0.484404365
1709299.jpeg,2/5. 1910,0.557778115,Vester Ulslev,0.392909973
1708792.jpeg,10/73,0.246459533,Rask Horsens,0.351618672
1743782.jpeg,13-8-36.,0.378354047,Hindsholm,0.631448924
1707689.jpeg,MISSING,0.313892089,Tiis-Sø,0.215862383
1728591.jpeg,27-V-1978,0.441330706,Halk,0.032279479
1707112.jpeg,3.9.1924.,0.272006669,Dyrehaven,0.329339194
1709213.jpeg,21.10.31,0.095256138,Dyrehaven,0.555401637
1708047.jpeg,27.4.57.,0.046538345,Dyreh.,0.829884814
1744589.jpeg,Juli 1820.,0.201009397,Sielland,0.708090330
1728522.jpeg,10/5-1935. | 10/5 35,0.217644741,Rudkøbing Svendborg Amt | Ru,0.639766596
1706448.jpeg,14/6.1871,0.285374356,Dronninglund,0.381621704
1707316.jpeg,30.5.12,0.122585632,Søllerød,0.826617157
1707043.jpeg,5-6-1922,0.798990603,Dyrehaven,0.757699303
1709793.jpeg,6.5.1978.,0.500742649,Svinø strand,0.408951197
1706794.jpeg,10/8 1945,0.173382843,Roden Skov Lolland,0.178135799
1743499.jpeg,26/1862,0.041785390,Ti | Kulhuset Jægerspris,0.256262504
1706772.jpeg,29-7-1908,0.056935435,Rungsted,0.635607760
1709383.jpeg,1.5.1997,0.545301607,Dyrehaven,0.720863898
1709486.jpeg,MISSING,0.526586844,Dyrehaven,0.370630494
1742978.jpeg,MISSING,0.420239467,MISSING,0.435686572
1707046.jpeg,7-6-1922,0.273491967,Dyrehaven,0.757402243
1707945.jpeg,26/18.70,0.031685359,Dyrehaven,0.791267051
1705707.jpeg,17/8 1902,0.947817520,Vester Ulslev Haven,0.236656563
1709069.jpeg,11/9 1935. | 11/9 35,0.108326766,Thurø Svendborg Amt | To,0.110406184
1705999.jpeg,16/V 1998,0.193285844,Roslev NWJ,0.363204001
1743508.jpeg,MISSING,0.403010003,MISSING,0.434201273
1706767.jpeg,2/8 1922,0.050994241,"Vendsyssel, Dronninglund Storskov",0.119615035
1743592.jpeg,MISSING,0.389048196,MISSING,0.430339497
1707904.jpeg,26.9.1922,0.190315247,Dyrehaven,0.743440436
1708010.jpeg,4/5 1888,0.666204911,København,0.686107911
1708910.jpeg,22.8.1915,0.243785996,Tg. Horsens,0.036735374
1743548.jpeg,MISSING,0.397959988,Øbjerggård,0.308842073
1707185.jpeg,MISSING,0.785919976,MISSING,0.510248560
1707025.jpeg,12/7 1939. | 12/7 39,0.274383146,Ærø Svendborg Amt,0.081591391
1708783.jpeg,MISSING,0.622240073,V.-B.,0.011782358
1709059.jpeg,MISSING,0.582731131,Horsens,0.853055471
1705451.jpeg,29/5: 1870,0.063470749,Dyrehaven,0.691157927
1709925.jpeg,MISSING,0.484404365,MISSING,0.444598363
1707276.jpeg,20-VIII-1976,0.769878751,Maltrup,0.594910579
1707851.jpeg,23 Mai 1888,0.691454986,Skanderborg,0.325774477
1708440.jpeg,13-4-1963,0.648975447,Nødebohuse Halsnæs,0.252103668
1707820.jpeg,MISSING,0.696802061,Ti,0.968611701
1706462.jpeg,14/6.1871,0.142488633,Jydske As,0.633528342
1706026.jpeg,19.V.2022,0.905337981,"Denmark: Samsø: EJ: Følsdal Bakke, 55.9922N, 10.5515E, h30m",0.564016369
1743865.jpeg,12-5-1907,0.365283419,Donse,0.923458624
1744699.jpeg,5.11-6-1960,0.197147620,SV.Jylland Skallingen,0.211406487
1709996.jpeg,12.9.88,0.047429524,Stenvænge,0.110703243
1709555.jpeg,MISSING,0.512030918,MISSING,0.450242498
1709386.jpeg,12.IV.2011,0.544707487,Sukkertoppen EJ,0.348053956
1708346.jpeg,13/9 41,0.661154895,Ø. Assels Mors,0.254183086
1706518.jpeg,MISSING,0.837905426,S.,0.011188239
1708857.jpeg,1-11.1959,0.245568354,Silkeborg,0.788593513
1709325.jpeg,13-4-49,0.552728099,Dyrehaven,0.726508033
1706338.jpeg,MISSING,0.859293725,Ti,0.831370112
1743719.jpeg,11/5.1896,0.163876932,Nørlem Hede,0.267253713
1743806.jpeg,25-7-42,0.374789330,Kongsøre ved Isefj.,0.119020915
1708017.jpeg,MISSING,0.665907851,MISSING,0.488860261
1705957.jpeg,16.6.1929,0.913655653,Lellinge skov,0.380433465
1743932.jpeg,24.4.41.,0.356371628,Herlev,0.895535011
1709330.jpeg,23-10-57.,0.551242801,Eremitagen,0.670363747
1709966.jpeg,12.8.1937 | 12/8 37,0.178729918,Ærø Svendborg Amt,0.082185511
1707258.jpeg,MISSING,0.774037587,Dyrehaven,0.076244316
1743803.jpeg,20/7-1932,0.375383450,Skallingen,0.665016672
1708689.jpeg,18.10.41.,0.638281297,Herlev,0.902070324
1706472.jpeg,MISSING,0.845034859,Al,0.830775993
1708998.jpeg,MISSING,0.590751743,MISSING,0.465689603
1709318.jpeg,12-5-1907,0.554510458,Donse,0.924646863
1705897.jpeg,7/7 1930.,0.922270385,Langø.,0.694425584
1707706.jpeg,20/6 75,0.097335556,Jydske hede,0.032873598
1708830.jpeg,MISSING,0.615704759,MISSING,0.470145499
1705843.jpeg,MISSING,0.927914520,Lolland,0.873552592
1706219.jpeg,17-6-1922,0.079214914,Dyrehaven,0.763937557
1705995.jpeg,23-7-44,0.909793877,Stasevang | DANMARK,0.706307972
1708815.jpeg,MISSING,0.618972416,MISSING,0.473116096
1708874.jpeg,26-10-1972,0.195068202,Marselisborg Dyreh.,0.226556532
1706022.jpeg,19.V.2022,0.905932101,"Denmark: Samsø: EJ: Følsdal Bakke, 55.9922N, 10.5515E, h30m",0.564313428
1743584.jpeg,MISSING,0.390830555,Boserup,0.886029100
1708455.jpeg,26/9 75,0.067332525,MISSING,0.487374962
1743814.jpeg,16.6.1929,0.373304032,Lellinge skov,0.380136405
1705448.jpeg,29/5.1870,0.985544104,Dyrehaven,0.556589876
1743545.jpeg,MISSING,0.398554107,Øbjerggård,0.259827220
1707461.jpeg,2.6.1943,0.739578660,Dyrehaven,0.747896332
1709440.jpeg,26.9.1917,0.231309488,Aagesholm,0.783246438
1743785.jpeg,2/9 1944,0.377759927,Sose Odde,0.397959988
1744459.jpeg,27.6.1903,0.163282813,Esbjerg,0.885137921
1705983.jpeg,8-7-1951,0.911873295,Nivå,0.937123371
1707988.jpeg,MISSING,0.670066687,Kb,0.967126402
1743567.jpeg,3/7.1872,0.162688694,Næstved,0.842064262
1709759.jpeg,10/97,0.151103365,Klakring,0.349836314
1707764.jpeg,MISSING,0.702149136,Øbjerggård,0.038220673
1706975.jpeg,MISSING,0.808496514,Kb,0.973364656
1743196.jpeg,5.11-6-1960,0.213188845,SV.Jylland Skallingen,0.211703547
1710325.jpeg,13-7-1951,0.477571992,Dragstrup,0.602337072
1707101.jpeg,31.V.1986,0.791564110,Høstemark sk. NEJ,0.205762352
1742858.jpeg,1/6 1933,0.214377084,Saltholm,0.809090634
1709736.jpeg,10-5-63,0.509060321,Faxe,0.933558654
1708084.jpeg,9-5-1971,0.662343134,Jægerspr. N.Sj,0.064956047
