image_file,verbatimDate,verbatimDate_confidence,verbatimLocality,verbatimLocality_confidence
1709398.jpeg,27.IV.2022,0.443707184,"DENMARK: NEZ: Helsingør, Grønne Vestkile, 56.0375N, 12.5598E",0.216753562
1705937.jpeg,18.7 1965,0.298742043,V.Sjælland Røsnæs Kongstrup Kl,0.154668081
1705822.jpeg,MISSING,0.964155805,Øbjerggaard,0.622537132
1742998.jpeg,21-5-1956,0.376868748,JægersprisNord skov,0.251806608
1728459.jpeg,MISSING,0.772552289,Kb,0.953164595
1707402.jpeg,4/5 70,0.027823583,Bekkeskov,0.022179448
1707293.jpeg,19.5.1931,0.568769324,Sondrup,0.619269476
1744483.jpeg,MISSING,0.723834495,Øbjerggaard,0.443410124
1708366.jpeg,9-5-1914,0.120506214,Vamdrup,0.802555320
1705671.jpeg,MISSING,0.976335253,Veilø Bugt,0.383701122
1706305.jpeg,10-6.1957,0.099414974,Ratholme Jyll.,0.133873901
1705435.jpeg,27.5.22,0.702149136,Søllerød,0.830181873
1744708.jpeg,16.6.1984,0.316862686,Svinø strand,0.594019400
1707266.jpeg,23.7.1998,0.573522279,Dyrehaven,0.661451955
1707732.jpeg,MISSING,0.873849651,MISSING,0.531042740
1706407.jpeg,MISSING,0.935043953,Dronninglund,0.269036072
1707492.jpeg,21-6-1908,0.122882692,Tidsvilde,0.749975750
1706769.jpeg,15/8 1945,0.613031222,Gurre,0.325774477
1706988.jpeg,MISSING,0.920785086,Lolland,0.867017278
1707847.jpeg,6/6 92,0.077729615,Jægerspris,0.632043043
1706811.jpeg,15/8 1968,0.607684147,Jylland Ringkøbing: Vedersø Klit,0.250024250
1705914.jpeg,30-6-1912,0.665907851,Sandbjerg,0.773146408
1708046.jpeg,22/5 1928,0.062579570,Jægersborg Hegn,0.104464989
1706310.jpeg,1883,0.126744468,Nykøbing,0.108326766
1709011.jpeg,MISSING,0.818596544,Lolland,0.855431949
1709933.jpeg,9.4.1884,0.049508942,N. f. Sæby,0.290721431
1743557.jpeg,MISSING,0.737796302,Falster,0.807011216
1743005.jpeg,14.6.1990,0.375086390,Hammershus,0.397662928
1705495.jpeg,MISSING,0.986435283,MISSING,0.187344650
1708876.jpeg,26-10.1972,0.244380115,Marselisborg Dyreh,0.275274326
1706389.jpeg,1.7.2000,0.623131252,Lodskovvad,0.610357684
1706354.jpeg,MISSING,0.939202789,Ti,0.986732343
1708730.jpeg,24.9.1884,0.248241891,Randers,0.698584420
1728563.jpeg,MISSING,0.084561988,60f.,0.010594119
1705652.jpeg,7/1883,0.028120643,Vojens,0.914843892
1707536.jpeg,MISSING,0.889593816,MISSING,0.536983935
1707973.jpeg,Juni 1820,0.522428008,Sielland,0.817111246
1708746.jpeg,MISSING,0.841173083,Veile | Ve,0.291612610
1707717.jpeg,25-5-1914,0.539360412,Vamdrup,0.630260685
1742786.jpeg,MISSING,0.750569870,MISSING,0.473116096
1707615.jpeg,20.7.1929,0.179918157,Gml. Skagen,0.255965444
1706774.jpeg,18-6-1908,0.612140042,Tidsvilde,0.797802364
1708478.jpeg,MISSING,0.845926038,MISSING,0.518566232
1707621.jpeg,19.5.29,0.540548651,Faarhus,0.075947257
1708973.jpeg,7/9.1870,0.241706578,Hammeren Bornholm | Bo,0.132091543
1743757.jpeg,7/7 1930,0.053370718,Langø,0.064064868
1706130.jpeg,MISSING,0.951976356,Ti,0.988217642
1709922.jpeg,MISSING,0.775819945,Boserup,0.887514398
1709338.jpeg,19-9-1953,0.060797211,Dyrehaven,0.786811155
1707433.jpeg,29/5-19,0.561342831,Str. n. f. Røn.,0.288642013
1744572.jpeg,MISSING,0.186453471,Kb,0.943064565
1743797.jpeg,3/5-1942,0.354589269,Tisvilde Hegn ved Asserbo,0.222991816
1709425.jpeg,27.IV.2022,0.436577751,"DENMARK: NEZ: Helsingør, Grønne Vestkile, 56.0375N, 12.5598E",0.228041831
1705902.jpeg,2/6 1929. | 2/6 29,0.111000303,Kirkeby Svendborg Amt,0.087235526
1744537.jpeg,MISSING,0.187047590,SS,0.948411640
1709220.jpeg,28.9.1913,0.460342528,Dyrehaven,0.585998788
1708731.jpeg,24. 9. 1884,0.494801455,Randers,0.857808427
1743586.jpeg,MISSING,0.187938769,MISSING,0.369442255
1707808.jpeg,MISSING,0.193285844,Tl,0.027229463
1708004.jpeg,MISSING,0.192394665,Lolland,0.858699606
1707490.jpeg,30-6-1912 | 1829,0.026338284,Sandbjerg,0.750272810
1743925.jpeg,19.4.1973,0.334686269,Østjylland Klattrup syd f. Vejle,0.220615338
1707457.jpeg,10-5-50.,0.556292816,Dyrehaven,0.752352228
1705691.jpeg,MISSING,0.196850561,Bo,0.977523492
1709406.jpeg,27.IV.2022,0.441330706,"DENMARK: NEZ: Helsingør, Grønne Vestkile, 56.0375N, 12.5598E",0.230715368
1708473.jpeg,MISSING,0.192097605,MISSING,0.373006972
1707979.jpeg,MISSING,0.192691725,Kb,0.968017581
1707115.jpeg,27.7.1918,0.580651713,Dyrehaven,0.587187026
1706764.jpeg,18/8 1930.,0.613625341,"Jyll., Fellsted",0.054558957
1707247.jpeg,MISSING,0.194771143,MISSING,0.375086390
1744538.jpeg,MISSING,0.186750530,SS,0.916329191
1743973.jpeg,MISSING,0.187344650,MISSING,0.368551076
1708429.jpeg,21.X. 1976,0.506386784,"Sjælland Røsnæs, Kongstrup",0.234577145
1707676.jpeg,MISSING,0.193582904,MISSING,0.373898151
1706789.jpeg,26.6.1943,0.609466505,Vaserne Furesøen,0.338250985
1708764.jpeg,MISSING,0.838202486,MISSING,0.513219157
1706420.jpeg,17/6.1871,0.618972416,Dronninglund.,0.099414974
1743870.jpeg,29-7-49.,0.341815702,Asserbo,0.841470142
1710350.jpeg,26-8-1956,0.403901182,Nekselø S.,0.677196120
1706089.jpeg,MISSING,0.958511670,Veilø Bugt,0.395880570
1709876.jpeg,12/7.1870,0.135062140,Ørholm,0.899990906
1705615.jpeg,23-6-1961,0.691157927,"MidtJylland Galgehøj, Hjarbæk",0.242003637
1707975.jpeg,MISSING,0.855729009,MISSING,0.524804486
1710338.jpeg,23-6-1961,0.406871779,"MidtJylland Galgehøj, Hjarbæk",0.225665353
1708424.jpeg,10.9.1970,0.507575023,Læsø,0.893752652
1709166.jpeg,MISSING,0.812952410,MISSING,0.493910276
1728573.jpeg,MISSING,0.763640497,MISSING,0.474601394
1728514.jpeg,28/5 1916,0.391127614,Dragør,0.899396787
1707465.jpeg,18.5.34.,0.142488633,Herlev,0.913061534
1707636.jpeg,6/1871,0.263986056,Vendsyssel,0.130012125
1743864.jpeg,12-5-1907,0.343301000,Donse,0.923755684
1743768.jpeg,10/8 1930.,0.209030009,"Jyll., Holmsld",0.326962716
1708445.jpeg,23.10.1971,0.503416187,"N-JYLLAND SKAGEN, STRANDKANT",0.043864808
1706086.jpeg,3/6.1870,0.642737193,Rørvig,0.018317672
1706783.jpeg,26.6.1943,0.610654744,Vaserne Furesøen,0.342706881
1743763.jpeg,9/8 1930.,0.209327069,"Jyll., Sdr. Bork.",0.244083055
1706254.jpeg,23.6.1973,0.631448924,FEDDET PRÆSTØ | DANMARK,0.154073962
1705871.jpeg,27/6 1938,0.054856017,Skallingen,0.691752046
1707451.jpeg,21-5-49.,0.558075174,Eremitagen,0.686107911
1705454.jpeg,MISSING,0.989702940,Veilø Bugt,0.450836617
1707537.jpeg,MISSING,0.889296757,MISSING,0.536686875
1705563.jpeg,30-6 1912 | 1802,0.026041225,Sandbjerg,0.451430737
1706049.jpeg,2.8.1925,0.647787208,Borum Bæk,0.403604122
1709823.jpeg,25.6.32,0.226259473,Kandestederne,0.045944226
1708734.jpeg,24.9.1884,0.131200364,Randers,0.857214307
1708003.jpeg,MISSING,0.851570173,Lolland,0.858996666
1728528.jpeg,7/6-1941,0.390533495,Saltholm,0.812952410
1744687.jpeg,10-5-1956,0.319833283,Kongelunden,0.638281297
1744704.jpeg,19-6-1954,0.318050925,Dragsholm Str.,0.273789027
1706523.jpeg,MISSING,0.928211579,MISSING,0.551539861
1709066.jpeg,11/9 1935 | 11/9 35,0.168332828,Thurø Svendborg Amt | Tø,0.140409215
1706771.jpeg,19-7-1908,0.612734162,Rungsted,0.707496211
1744574.jpeg,MISSING,0.715516823,Kb,0.942470446
1709380.jpeg,23-10-1955,0.447271901,Dyrehaven,0.725616854
1744640.jpeg,7.5.33,0.200415277,Frederiksdal p. Harpelunde,0.088423765
1706255.jpeg,24.6.1975,0.631151864,GRØNNINGEN FANØ | DANMARK,0.148132768
1718184.jpeg,MISSING,0.774334647,Dyrehaven,0.780869961
1708907.jpeg,22.8.1915,0.479354350,Horsens,0.652837223
1707053.jpeg,21-5-49,0.585701728,Eremitagen,0.687593210
1705779.jpeg,22.5.1984,0.674522583,Bøtø plt.,0.340033343
1708927.jpeg,22.8.25,0.042379509,Thorsager,0.582731131
1706870.jpeg,22.6.72,0.143082752,Liseleje vest,0.033467717
1709118.jpeg,11.10.31,0.468066081,Eremitagen,0.591048803
1709091.jpeg,11-9-1910,0.469848439,Dyrehaven,0.738687481
1708777.jpeg,MISSING,0.835826008,MISSING,0.510545620
1709146.jpeg,26.8.87,0.465689603,Harboør,0.656104880
1708026.jpeg,12/10.1908,0.519754471,Kjeldskov,0.693831464
1709441.jpeg,24.9. 1922,0.433607154,Holte,0.921676266
1705800.jpeg,4.6.19,0.672740224,Thorsager,0.800772962
1706034.jpeg,20.VII.2021,0.649866626,"DENMARK: NWJ, Hjelm Hede (west), 56.48N, 8.89E, 16 m",0.240221279
1706235.jpeg,30.5 1964,0.181106396,V.Sjælland Røsnæs Kongstrup Kl,0.250321309
1742741.jpeg,MISSING,0.759481661,Dyrehaven,0.357559867
1708745.jpeg,10/1872,0.120209154,Veile,0.622240073
1728531.jpeg,24-9-60.,0.389642316,Eremitagen,0.675116702
1709116.jpeg,14-9-58.,0.468363140,Dyrehaven,0.738093362
1709109.jpeg,6-9-49.,0.238438921,Sønderskov. Høvelte,0.272303728
1706458.jpeg,14/6.1871.,0.284483177,Jydske As,0.090503183
1705766.jpeg,23-5-1915,0.161203395,Skagen,0.909199758
1743555.jpeg,MISSING,0.738390421,MISSING,0.467769021
1709580.jpeg,MISSING,0.785622916,MISSING,0.485295544
1706114.jpeg,MISSING,0.954649894,MISSING,0.186453471
1707924.jpeg,5.7.1905,0.055450136,Øreborg,0.044458927
1709072.jpeg,8/9.1895 | 20/8,0.022773568,Dyrehaven,0.739281600
1707486.jpeg,25-5-1914 | 1829,0.025150045,Vamdrup,0.861967263
1707889.jpeg,30.3.1975.,0.531933919,Harrild hede,0.600851773
1709874.jpeg,12/7.1870,0.416080630,Ørholm,0.900287966
1707582.jpeg,16-VII-1978,0.064361928,GL.-Rye JØ,0.406871779
1707714.jpeg,MISSING,0.874740831,MISSING,0.531933919
1709926.jpeg,MISSING,0.073273719,Røgbølle,0.035844195
1707439.jpeg,9/5-20.,0.559857533,Børstinge Mose,0.411030615
1709114.jpeg,27-9-58.,0.468660200,Eremitagen,0.679869657
1707238.jpeg,MISSING,0.909496817,MISSING,0.543519248
1706792.jpeg,27-8-1911 | 1855-,0.025744165,Asminderød,0.633528342
1743943.jpeg,d. 12 VIII 1972,0.165362231,Jæ.Dyrehave Sj.,0.106841467
1707707.jpeg,21/6 83,0.148132768,Esbjerg,0.165065171
1705522.jpeg,30.5.96,0.310327372,Tandskov,0.202791755
1707526.jpeg,1/6 86.,0.037032434,Harboør,0.321912701
1705413.jpeg,14.6.1898,0.705416793,Tisvilde,0.825428918
1706208.jpeg,17-6-1924,0.051885420,Dyrehaven,0.662937254
1705701.jpeg,MISSING,0.973661716,SS,0.989108821
1707036.jpeg,1/6 1930,0.048617763,Dyrehaven,0.763046378
1707563.jpeg,21-6-1956,0.547381025,V.F. Høvblege Møn,0.159123977
1743881.jpeg,Aug 1934,0.204871173,Tange v. Ribe,0.061688390
1744529.jpeg,MISSING,0.722943316,Falster,0.840876023
1705885.jpeg,24/8-1941,0.669472567,Hampen,0.654619582
1706145.jpeg,3/6.1870.,0.640657775,Rønne | Bo,0.367065778
1706116.jpeg,MISSING,0.954352834,MISSING,0.186156411
1705503.jpeg,MISSING,0.985247045,MISSING,0.573819339
1743977.jpeg,19.9.75.,0.331418612,MISSING,0.461233707
1708836.jpeg,MISSING,0.828399515,MISSING,0.503713246
1705606.jpeg,MISSING,0.978711731,MISSING,0.569660503
1709278.jpeg,MISSING,0.810575932,Kb,0.963561685
1708753.jpeg,MISSING,0.839687784,Veile Bøije. | Ve,0.026932404
1728594.jpeg,9.V.1992,0.383404062,Høstemark NEJ,0.319536223
1707390.jpeg,MISSING,0.891376175,Boserup,0.313892089
1708681.jpeg,1.11.33.,0.500445590,Ingemannsvej Frederiksberg,0.138923916
1742745.jpeg,MISSING,0.758590482,Dyrehaven,0.779384662
1707538.jpeg,MISSING,0.888999697,MISSING,0.536389815
1709045.jpeg,MISSING,0.816517126,MISSING,0.498663231
1705870.jpeg,27/6 1984,0.059014853,Skallingen,0.692049106
1707310.jpeg,4. 5. 1938,0.566689906,Vesterris,0.583028190
1728490.jpeg,1. 6. 14,0.136547439,Silkeby,0.064658988
1709456.jpeg,15. 10. 1928.,0.433013034,Estrup Skov,0.354292210
1706854.jpeg,27/6 71,0.029605941,MISSING,0.551242801
1742818.jpeg,29/5. 1917,0.154073962,Vester Ulslev - Kjeldskov,0.152588663
1706272.jpeg,6/7 15,0.034655956,MISSING,0.557481055
1709245.jpeg,16/4.1870,0.234874204,Dyrehaven,0.787702334
1706077.jpeg,4. 5. 1938.,0.643331313,Vesterris,0.422318885
1707999.jpeg,MISSING,0.852461352,Danmark,0.859887845
1744646.jpeg,12.5-1957,0.322209761,Saltholm,0.808199454
1708955.jpeg,9/9.1872,0.147241588,Dyrehaven,0.789781752
1709778.jpeg,28.IX.1988,0.426180661,NEZ UB58 HARESKOV,0.101197333
1743753.jpeg,26/5 27,0.081888451,Gandløse Ore,0.129715065
1705644.jpeg,8.8.1936,0.686702031,Arnager,0.037626554
1709004.jpeg,16/4.1870,0.178135799,Dyrehaven,0.659669597
1708747.jpeg,MISSING,0.840876023,Ve,0.965938163
1705744.jpeg,28-6-53,0.678978478,Vestr. Sømark,0.305574416
1709463.jpeg,26. 9. 1931,0.432121855,Virklund,0.626993028
1705812.jpeg,MISSING,0.966235223,Dyrehaven,0.408654138
1744706.jpeg,27. 3. 1978.,0.317456805,Myrthue,0.577384056
1708425.jpeg,8-9-1970 | 8-9-1970 | 8-9-1970,0.028714762,Løsø | Løsø | Løsø,0.023070627
1705790.jpeg,25.6.1913,0.673631403,Ermelunden,0.424398303
1707569.jpeg,21-6-1956,0.545895726,V.f. Høvblege Møn,0.281809639
1709804.jpeg,1.5.1949,0.227150652,Jonstrup Sjæll.,0.131200364
1705545.jpeg,13/6 1929 | 13/6 29,0.109217945,"Engene, Svb. Svendborg Amt | E",0.088126705
1707993.jpeg,8/5.1870,0.520942710,Dyrehaven,0.359639285
1744705.jpeg,7.5.1977,0.317753865,Svinø strand,0.443707184
1705746.jpeg,8-7-60,0.678681419,Vstr. Sømark,0.581245832
1708819.jpeg,MISSING,0.832855411,MISSING,0.507872082
1708470.jpeg,MISSING,0.847411337,MISSING,0.520051531
1710374.jpeg,23.7-44,0.221209457,DANMARK | Stasevang,0.300524401
1707913.jpeg,13.6.1913,0.526883904,Ermelunden,0.435983631
1708697.jpeg,MISSING,0.843549560,MISSING,0.516486814
1743820.jpeg,16.6.1929,0.207247651,Lellinge skov,0.463313125
1744652.jpeg,11.5-1913,0.087235526,Avedøre,0.616298878
1710395.jpeg,7-5.1911,0.219724159,Dyreh.,0.341815702
1705861.jpeg,8.1900,0.083967869,Gelsskov,0.324289179
1705592.jpeg,2/6-19.,0.691752046,Hammeren,0.824834798
1705450.jpeg,29/5.1870,0.183185814,Dyrehaven,0.776711125
1709908.jpeg,MISSING,0.778493483,MISSING,0.481730828
1743035.jpeg,27.IV.2022,0.370333434,"DENMARK: NEZ: Helsingør, Grønne Vestkile, 56.0375N, 12.5598E",0.223585935
1705919.jpeg,24-7-61.,0.665313731,Jydelejet. Møn.,0.289830252
1708774.jpeg,94.9.,0.012376478,MISSING,0.511436799
1709899.jpeg,MISSING,0.780275841,Kb,0.980494089
1707475.jpeg,8-6-1914,0.554213398,Vamdrup,0.862561382
1709749.jpeg,MISSING,0.785325856,MISSING,0.484998484
1705672.jpeg,MISSING,0.976038193,Veilø Bugt,0.116050318
1707935.jpeg,15.10.21,0.523319188,Dyrehaven,0.745816914
1706778.jpeg,19-7-1908 | 1835,0.024852986,Rungsted,0.707199151
1709037.jpeg,9/9 72,0.240518339,Dyrh,0.831370112
1744586.jpeg,MISSING,0.713437405,MISSING,0.459451349
1709203.jpeg,22.9.1996,0.461827827,Dyrehaven,0.733637466
1706222.jpeg,12-6-43,0.636498939,Sandbjerg,0.767205214
1743595.jpeg,19.4.89,0.092879661,Odense,0.896723249
1705481.jpeg,7/1865.,0.699475599,Dyrehaven | Kb,0.304386178
1706148.jpeg,MISSING,0.948114580,Kb,0.987029403
1705656.jpeg,15.7.37.,0.684622613,Sose,0.835231888
1706464.jpeg,5/1871.,0.037626554,Jydske Aas Vendsyssel,0.125853289
1709188.jpeg,29-8-1952,0.464501364,Dyrehaven,0.736311003
1709562.jpeg,V. 00.,0.094959079,Saaby.,0.015644135
1707248.jpeg,MISSING,0.907120339,Dyrehaven,0.795128827
1709940.jpeg,9/9. 1901,0.222694756,Kjeldskov Vester Ulslev,0.086641406
1744692.jpeg,lo-5-1956,0.034061837,Kongelunden,0.379542286
1707943.jpeg,6/1870,0.141894513,Dyrehaven,0.745222795
1709892.jpeg,MISSING,0.781761140,Kb,0.981088209
1743578.jpeg,MISSING,0.733934526,Sielland,0.826914216
1705996.jpeg,23.7.44,0.656104880,Stasevang | DANMARK,0.301415580
1705424.jpeg,29.7.1928.,0.703931494,rg. Østenfjeld,0.126744468
1707805.jpeg,6/1862.,0.125556229,Ti | Kulhuset Jægerspris,0.218832980
1705436.jpeg,27.5.22,0.144568051,Søllerød,0.593128221
1728475.jpeg,MISSING,0.769284632,MISSING,0.477869051
1707282.jpeg,17.6.1924,0.570254623,Slotved Skov,0.614219460
1707953.jpeg,6/1870,0.102979691,Dyrehaven,0.792752349
1708824.jpeg,MISSING,0.831370112,MISSING,0.506386784
1742785.jpeg,MISSING,0.750866929,MISSING,0.473413156
1705942.jpeg,23-6-1961,0.661451955,Hjarbæk,0.629072446
1705860.jpeg,MISSING,0.960294028,MISSING,0.563719309
1742994.jpeg,13-7-1951,0.377462868,Dragstrup,0.716705062
1706220.jpeg,17-6-1922,0.636795999,Dyrehaven,0.767799333
1743995.jpeg,26-7-1951,0.327853895,Nivå,0.928508639
1708704.jpeg,MISSING,0.842361322,MISSING,0.515001516
1706889.jpeg,20.VII.2021,0.596098818,"DENMARK: NWJ, Hjelm Hede (west), 56.48N, 8.89E, 16 m",0.236062443
1706876.jpeg,26-7-1951,0.598178236,Nivå,0.935043953
1709100.jpeg,Sptbr 1936,0.095850258,Saltholm,0.827508336
1707998.jpeg,MISSING,0.852758412,MISSING,0.181997575
1705428.jpeg,8.9.1883,0.703040315,Husum,0.777602304
1709206.jpeg,10-9-1972,0.460936647,VESTER MØLLE,0.344489239
1728534.jpeg,12-9-61.,0.388751137,Eremitagen,0.674225523
1709216.jpeg,28.9.1913,0.177244620,Dyrehaven,0.586295847
1708873.jpeg,26-10-1972,0.485295544,Marselisborg Dyreh,0.243785996
1706503.jpeg,MISSING,0.929102758,Tiis-Sø,0.434201273
1743737.jpeg,31-7-94,0.209624129,Fugelmosen,0.021585329
1743851.jpeg,10-5-63,0.345380418,Faxe,0.932073356
1744531.jpeg,3/6.1870.,0.323992119,Bo | Stranden ved Byå Rønne,0.105950288
1708379.jpeg,5-4-50.,0.512922098,Sønderskov. Høvelte,0.272897848
1744587.jpeg,Juni 1830.,0.323695059,Sielland,0.826617157
1709154.jpeg,17/9 75,0.036735374,MISSING,0.496583813
1709516.jpeg,MISSING,0.795128827,Kb,0.958511670
1709282.jpeg,MISSING,0.809981813,Kb,0.963264626
1706193.jpeg,7/6 1937 | 7/6 37,0.116941497,Ærø Svendborg Amt,0.077729615
1706063.jpeg,5.6.22,0.645113671,Dyrehaven,0.280918460
1708456.jpeg,14.9.09,0.250024250,Skagen,0.703337375
1709743.jpeg,12/7 86 | 11/4 91,0.064064868,MISSING,0.012970597
1706015.jpeg,13.6.1950,0.160312216,Langå Jyll.,0.046538345
1709762.jpeg,12-4-1952,0.428557139,Haveskov,0.076541376
1705936.jpeg,11.5.49.,0.299039103,Herlev,0.907120339
1709875.jpeg,12/7.1870,0.223882995,Ørholm,0.416971810
1708785.jpeg,MISSING,0.834637769,MISSING,0.509654441
1708985.jpeg,MISSING,0.823646560,MISSING,0.180512276
1708922.jpeg,10.10.1884,0.476977872,Erlev,0.741361018
1705492.jpeg,29/5. 1870,0.310921491,Dyrehaven,0.776414065
1742771.jpeg,MISSING,0.753243407,Kb,0.950491058
1742738.jpeg,MISSING,0.760372840,Dyrehaven,0.717893301
1743872.jpeg,16-4-49,0.341518642,Lillerød,0.425883601
1706173.jpeg,20/6 75,0.294286147,Jydske Ås,0.078917854
1708832.jpeg,MISSING,0.829587754,MISSING,0.504901485
1709088.jpeg,12-9-1914,0.470145499,Vamdrup,0.802258260
1710390.jpeg,7-5-1911,0.220318278,Dyreh,0.061391331
1709962.jpeg,12/7 1939. | 12/7 39,0.091691422,Ærø Svendborg Amt,0.079511973
1708860.jpeg,26.10.72,0.245271294,Marselisb. Sk.,0.340924523
1707002.jpeg,MISSING,0.917220370,MISSING,0.547975144
1709981.jpeg,26-7-1968,0.221803577,kragnos F 18,0.089909063
1742789.jpeg,MISSING,0.750272810,Lolland,0.847411337
1705956.jpeg,16.6.1929,0.659966657,Wellinge skov,0.330527433
1708722.jpeg,20.10.1946,0.496583813,Salten,0.422913004
1706473.jpeg,MISSING,0.933855714,Al,0.839093665
1706887.jpeg,20.VII.2021,0.596692937,"DENMARK: NWJ, Hjelm Hede (east), 56.48N, 8.91E, 20 m",0.140112155
1707564.jpeg,21-6-1956,0.547083965,V.F. Høvblege Møn,0.158826917
1744549.jpeg,MISSING,0.720566838,Kb,0.946926341
1707442.jpeg,3/7 1898,0.559560473,Kulhuse,0.612734162
1744475.jpeg,MISSING,0.725913913,Øbjerggård,0.647490149
1708841.jpeg,19.1.1990,0.490048500,Høgdal v. Them,0.283889057
1707828.jpeg,MISSING,0.865829039,SS | Øbjerggård Næstved,0.155262201
1707826.jpeg,MISSING,0.866126099,SS | Øbjerggård Næstved,0.150212186
1743019.jpeg,27.IV.2022,0.372115793,"DENMARK: NEZ: Helsingør, Grønne Vestkile, 56.0375N, 12.5598E",0.223882995
1728448.jpeg,3/6.1870,0.052182480,Bo | ved Byen Rønne,0.065550167
1706111.jpeg,7/6.1870,0.159718096,Rø Bornholm,0.615704759
1709904.jpeg,MISSING,0.779681722,MISSING,0.177838739
1707832.jpeg,6/62,0.103573810,Kulhuset Jægerspris,0.131497423
1707944.jpeg,6/1870,0.258638982,Dyrehaven,0.744925735
1743917.jpeg,13-7-1963,0.335577448,Nødebohuse Halsnæs,0.284483177
1709806.jpeg,26.9. 1948,0.422021825,Dyrehaven Själl.,0.254777205
1707645.jpeg,MISSING,0.883949682,Møen,0.446677781
1728582.jpeg,10.6.1979,0.385483480,Østrig,0.898505608
1705681.jpeg,3/6.1870,0.151103365,Rønne,0.927617460
1705622.jpeg,14-5-1954,0.689969688,Kulhuse,0.803743559
1706823.jpeg,24.3.1970,0.606495908,Østjylland Klattrup syd f. Vejle,0.249727190
1728460.jpeg,MISSING,0.772255229,Kb,0.952867536
1743573.jpeg,MISSING,0.734825705,SS,0.979305850
1706141.jpeg,MISSING,0.949896938,Bo,0.919596848
1707287.jpeg,22.5.1915,0.569363443,Tg. Ry Nørreskov,0.049508942
1706863.jpeg,19-8-1962,0.600554714,"NØ, KONGELUNDEN 46",0.059014853
1708911.jpeg,5.9.1918,0.478463171,Tg. Bøller,0.024852986
1709416.jpeg,27.IV.2022,0.438360109,"DENMARK: NEZ: Helsingør, Grønne Vestkile, 56.0375N, 12.5598E",0.173085784
1708674.jpeg,13/10-18,0.501039709,Rude Hegn,0.669175508
1744622.jpeg,23/7.1906,0.015347075,Handermølle Strand,0.099712034
1709041.jpeg,9/9.72,0.239924219,Dyrh,0.807605335
1709770.jpeg,20-5-1956,0.228635950,JægersprisNord skov,0.076244316
1708996.jpeg,MISSING,0.821270082,MISSING,0.501336769
1707930.jpeg,13.5.1938,0.523913307,Aasø,0.832261291
1743952.jpeg,8-9-1970,0.331715671,Læsø,0.053667778
1707893.jpeg,24-III-1975,0.530745681,Tykskov krat,0.600554714
1706331.jpeg,MISSING,0.942470446,MISSING,0.555995756
1709411.jpeg,27.IV.2022,0.439845408,"DENMARK: NEZ: Helsingør, Grønne Vestkile, 56.0375N, 12.5598E",0.229824189
1707242.jpeg,MISSING,0.908605638,MISSING,0.542628069
1743792.jpeg,11/9 1935 | 11/9 35,0.071788421,Thurø Svendborg Amt | Tø,0.128823886
1743848.jpeg,16/9.1940,0.346271597,St. Annae Plads,0.067926644
1707502.jpeg,23-6-1961,0.553025159,Hjarbæk,0.454698393
1706041.jpeg,20.5.34,0.296365565,Reersø,0.914249773
1705510.jpeg,MISSING,0.983761746,Lolland,0.879790846
1709084.jpeg,11-9-1910,0.080403152,Dyrehaven,0.738984541
1743018.jpeg,19.V.2022,0.372412852,"Denmark: Samsø: EJ: Følsdal Bakke, 55.9922N, 10.5515E, h30m",0.193879964
1709820.jpeg,18.7.1926,0.226853592,Thorsager,0.693534404
1708449.jpeg,22/6 87 | 6/5 88,0.065253107,Harb | Harb,0.116347378
1743727.jpeg,5-6-18,0.209921188,Lasaa. Bornh.,0.096147317
1709046.jpeg,MISSING,0.816220067,MISSING,0.498366172
1710333.jpeg,23-6-1961,0.408357078,"MidtJylland Galgehøj, Hjarbæk",0.227150652
1708677.jpeg,1/5.1942,0.249430130,Ø.Assels Mors,0.093176720
1705584.jpeg,13. vi. 1978,0.692940285,"NWZ, PG 27 Røsnæs, Kongstrup",0.112782661
1709400.jpeg,27.IV.2022,0.443113065,"DENMARK: NEZ: Helsingør, Grønne Vestkile, 56.0375N, 12.5598E",0.231903607
1706280.jpeg,26-8-1956,0.629369506,Nekselø V.,0.690563807
1705663.jpeg,MISSING,0.977523492,Veilø Bugt,0.097038497
1743715.jpeg,27/5.1901,0.210515308,Vester Ulslev Haven,0.209624129
1707044.jpeg,5-6-1921,0.048320703,Dyrehaven,0.662046075
1705842.jpeg,MISSING,0.961482267,Lolland,0.874443771
1709854.jpeg,12.8.22,0.044458927,Thorsager,0.781464080
1742781.jpeg,MISSING,0.751758109,MISSING,0.175165202
1744635.jpeg,27/7-1933 | 27.7.33,0.026932404,Skallingen,0.699475599
1707574.jpeg,12.6.1999,0.545004547,Tolne Bakker,0.447271901
1706124.jpeg,MISSING,0.952867536,MISSING,0.559857533
1709149.jpeg,19/9 75,0.073867839,MISSING,0.497474992
1707997.jpeg,MISSING,0.853055471,MISSING,0.182294635
1706883.jpeg,7-19/7 1997,0.596989997,"B, Almindingen, Svinemose",0.147538648
1708945.jpeg,17/9.1870,0.059906032,Bornholm,0.606198848
1709240.jpeg,16/4.1870,0.075947257,Dyrehaven,0.429151258
1743990.jpeg,26-7-1961,0.059311913,Nivå,0.929696878
1708349.jpeg,6/6-1942,0.515892695,Bornholm,0.408060018
1728533.jpeg,28-5-61.,0.389048196,Eremitagen,0.674522583
1709137.jpeg,23.9.1978,0.056044256,DANMARK | RISØ ROSKILDE,0.146647469
1706838.jpeg,19-9-1953,0.280027281,Dyrehaven,0.651946044
1709234.jpeg,8.10.21,0.458560170,Dyrehaven,0.788296453
1709547.jpeg,MISSING,0.788890573,MISSING,0.488266141
1705906.jpeg,17/6 1923,0.667096090,Ravneholm Ggr.,0.424101243
1708395.jpeg,19.10.28.,0.510545620,Grib Skov.,0.631151864
1728576.jpeg,MISSING,0.763046378,MISSING,0.474007275
1706136.jpeg,29/5.1870,0.295177326,Dyrehaven | Kb,0.348053956
1709939.jpeg,15/7.1900,0.154371022,Vester Ulslev Haven,0.282997878
1708009.jpeg,4/5 1888.,0.170709306,København,0.792455289
1707221.jpeg,28-8-1976,0.577086996,Krenkerup,0.694425584
1742739.jpeg,MISSING,0.760075781,Dyrehaven,0.286562595
1705523.jpeg,6/92,0.310030312,Rold,0.034953016
1706888.jpeg,20.VII.2021,0.596395878,"DENMARK: NWJ, Hjelm Hede (west), 56.48N, 8.89E, 16 m",0.236359503
1707704.jpeg,MISSING,0.875334950,MISSING,0.532230979
1706302.jpeg,18.6.1950,0.099712034,Langå Jyll.,0.388751137
1708382.jpeg,17-9-49.,0.512030918,Grib Skov.,0.681057896
1707246.jpeg,MISSING,0.907417399,MISSING,0.541439830
1705893.jpeg,Aug 1934,0.299633222,Tange v. Ribe.,0.403010003
1705637.jpeg,24-7-1972,0.687890270,EJSTRUPHOLM,0.642440133
1744445.jpeg,14.5.1947,0.201603516,Juelsminde,0.047726584
1707083.jpeg,29-5-1951,0.582731131,Dyrehaven,0.760075781
1709122.jpeg,19-9-1953,0.467174901,Dyrehaven,0.737202182
1707952.jpeg,6/1870,0.257747802,Dyrehaven,0.793049409
1705512.jpeg,MISSING,0.983167627,Lolland,0.879196726
1709477.jpeg,MISSING,0.802555320,Dyrehaven,0.785622916
1707236.jpeg,MISSING,0.910090937,MISSING,0.544113368
1706891.jpeg,20.VII.2021,0.595801758,"DENMARK: NWJ, Hjelm Hede (west), 56.48N, 8.89E, 16 m",0.214080024
1707995.jpeg,MISSING,0.853352531,MISSING,0.524507426
1709455.jpeg,4. 11. 1936,0.433310094,Starsbøl,0.070897242
1706181.jpeg,6. 73,0.029903001,Odense,0.905635041
1744627.jpeg,23/1 1936. | 23/1 36,0.091097302,Rudkøbing Svendborg Amt | Ru,0.199821158
1705534.jpeg,21/7.1920,0.309733253,Hammer Bakker Vendsyssel,0.119912095
1706052.jpeg,14.5.1938.,0.647193089,Orø,0.272006669
1743731.jpeg,MISSING,0.728290391,MISSING,0.464501364
1705595.jpeg,27/8 87 | 5/81.,0.063767808,Bornh. | K.,0.017723553
1709882.jpeg,MISSING,0.782949379,Falster,0.851867232
1708442.jpeg,13-4-1963,0.504010306,Nødebohuse Halsnæs,0.302900879
1706993.jpeg,MISSING,0.919596848,Lolland,0.865829039
1707525.jpeg,13/6 1954.,0.265174295,"Ørgaard Nors, Thy",0.318050925
1708969.jpeg,MISSING,0.825725978,Kb,0.964452865
1708717.jpeg,24-III-1975,0.496880873,Tykskov krat,0.599663534
1706318.jpeg,6/1869,0.290424371,Rørvig,0.432121855
1707700.jpeg,MISSING,0.876226129,MISSING,0.533122158
1706230.jpeg,1-6-50,0.635013640,Hestehaven. Hillerød,0.266659594
1709777.jpeg,23-9-1956,0.426477721,Boserup,0.853055471
1709242.jpeg,16/4.1870,0.457668991,Dyrehaven,0.362609882
1705560.jpeg,17-6-1922,0.696207942,Dyrehaven,0.775819945
1706128.jpeg,MISSING,0.952570476,Ti,0.839687784
1743540.jpeg,MISSING,0.740766899,Øbjerggård,0.648381328
1743944.jpeg,d. 12 VIII 1972.,0.165065171,Jæ. Dyrehave Sj.,0.264283116
1706488.jpeg,MISSING,0.931479236,Al,0.447568960
1705773.jpeg,3/6 70,0.081294332,MISSING,0.376868748
1707921.jpeg,13.5.1938,0.525101546,Tranekjær,0.586592907
1708675.jpeg,15/10 1893,0.500742649,Geels Skov,0.400039406
1706167.jpeg,1/8 -1901,0.639766596,Sandager Lolland,0.355777508
1743020.jpeg,18.5. 1947,0.174274022,Saltholm,0.811467111
1728562.jpeg,MISSING,0.766016975,MISSING,0.476977872
1705588.jpeg,25-7-97.,0.307059715,Rude Hegn,0.340627463
1707495.jpeg,5.6.72,0.039705972,Dyrehaven,0.429745377
1709237.jpeg,8.10.21,0.458263110,Dyrehaven,0.588375265
1709967.jpeg,17.9.1918,0.059608972,Ringkjøbing Fjord.,0.172194604
1708916.jpeg,10. 10. 1884,0.243488936,Erlev,0.881573204
1706187.jpeg,2/6 1895,0.023070627,Tiis Sø,0.621051834
1706864.jpeg,19-8-1962,0.600257654,"NØ,KONGELUNDEN",0.102088512
1705837.jpeg,MISSING,0.962670506,Boserup,0.875334950
1743532.jpeg,8.7.1883,0.146053349,Husum,0.118426796
1742825.jpeg,13/5 1892,0.380136405,Horsens,0.845628978
1709280.jpeg,MISSING,0.810278872,Kb,0.981385268
1709834.jpeg,28.7.1923,0.418457108,Thorsager,0.721458018
1728513.jpeg,1/6 1920,0.391424674,Gudhjem,0.847708396
1705543.jpeg,22/6 1939. | 22/6 39,0.309436193,Vornæs? Svendborg Amt | Vø,0.086047287
1710387.jpeg,5.VI.2011,0.397068809,Emborg EJ,0.427665959
1705678.jpeg,3/6.1870,0.132982722,Rønne,0.291018490
1708825.jpeg,MISSING,0.831073052,MISSING,0.506089724
1709047.jpeg,MISSING,0.815923007,MISSING,0.498069112
1707527.jpeg,19.5.86. | 29.5.88 | 4.6.95,0.162985753,K. | Harb. | Vindrup,0.068223704
1706425.jpeg,17/6.1871,0.618378296,Dronninglund,0.131794483
1743045.jpeg,19.9.1897,0.368551076,Dyrehaven,0.715219764
1709564.jpeg,22/4 1900,0.078620794,Geel skov,0.079809033
1708703.jpeg,MISSING,0.842658381,MISSING,0.515298575
1707640.jpeg,MISSING,0.884543801,Møen,0.939499848
1728487.jpeg,Juni. 14,0.146647469,Silkebg,0.354886329
1743850.jpeg,10-5-63,0.345677478,Faxe,0.932370415
1728578.jpeg,14-5-1954,0.386671719,Jægerspris Nordskov,0.168332828
1705580.jpeg,28-5-1965,0.693831464,V.Sjælland Røsnæs Kongstrup Kl,0.154371022
1707933.jpeg,15.10.21,0.523616247,Dyrehaven,0.575007578
1707556.jpeg,26-6-1955,0.549163383,Lindholm,0.820081843
1709377.jpeg,12-10-1952,0.448163080,Dyrehaven,0.726210973
1708906.jpeg,22.8.1915,0.156450440,Horsens,0.693237345
1710348.jpeg,19-7-1959,0.404495302,S.Sjælland Mogenstrup,0.258044862
1744638.jpeg,5-5-55.,0.322803880,Boserup Strand,0.303197939
1706991.jpeg,MISSING,0.920190967,Lolland,0.866423159
1707169.jpeg,MISSING,0.914546832,MS,0.838202486
1707164.jpeg,MISSING,0.915140952,MS,0.984949985
1709329.jpeg,23-10-57.,0.451133677,Eremitagen,0.678681419
1728567.jpeg,MISSING,0.765422855,MISSING,0.476383753
1706027.jpeg,19.V.2022,0.651648985,"Denmark: Samsø: EJ: Følsdal Bakke, 55.9922N, 10.5515E, h30m",0.196553501
1743705.jpeg,22/4 1900,0.363501061,Geelskov,0.426180661
1707398.jpeg,14.V.89.,0.563125189,Sondbg,0.041488330
1744472.jpeg,MISSING,0.726508033,Øbjerggaard,0.366768718
1708918.jpeg,25. 9. 1939,0.062282510,Tisvilde,0.656699000
1709326.jpeg,13-4-49,0.452024856,Dyrehaven,0.730369809
1706754.jpeg,29/8 1927.,0.614516520,Hareskov By.,0.351618672
1707848.jpeg,MISSING,0.192988784,MISSING,0.373601091
1708337.jpeg,4/4 1928,0.517675053,"Langeld., Rudkb.",0.154965141
1709977.jpeg,17-7-51.,0.411030615,Stubbergaard. Sevel.,0.152885723
1708733.jpeg,24. 9. 1884,0.494504395,Randers,0.857511367
1706971.jpeg,MISSING,0.923755684,Kb,0.973958775
1742980.jpeg,MISSING,0.746113974,MISSING,0.470739618
1744653.jpeg,10-6-1911,0.130309185,Sørup Hegn,0.341221582
1709938.jpeg,26/8.1896,0.222991816,Ålbæk,0.880979085
1706447.jpeg,14/6.1871,0.158826917,Dronninglund Sønderskov,0.021882389
1708882.jpeg,26-10-1972,0.134468021,Marselisborg Dyrh.,0.111891482
1744479.jpeg,MISSING,0.725022734,Øbjerggaard,0.621943013
1706161.jpeg,MISSING,0.945143983,Lolland,0.869690815
1707724.jpeg,24-5-1974,0.538766293,Skallingen,0.684028493
1708028.jpeg,22/5.1906,0.256856623,Kjeldskov,0.792158230
1705581.jpeg,10.6 1965,0.307356775,V.Sjælland Røsnæs Kongstrup Kl,0.250618369
1743535.jpeg,20. 7. 1910,0.364689300,Povlsens Have,0.204574113
1708808.jpeg,28/9 84.,0.103870870,Tebbestrup Bk.,0.310030312
1728470.jpeg,5/1870,0.393504092,Kjøbenhavns Omegn.,0.308247954
1706158.jpeg,MISSING,0.946035162,Lolland,0.870581995
1708842.jpeg,9. 4. 1977.,0.489751440,Harrild hede,0.599069415
1706024.jpeg,19.V.2022,0.652243104,"Denmark: Samsø: EJ: Følsdal Bakke, 55.9922N, 10.5515E, h30m",0.200712337
1707358.jpeg,MISSING,0.897614429,Kb,0.972176417
1709851.jpeg,18.6.21,0.224774174,Høbjerg,0.356668687
1708893.jpeg,9-10-1972,0.481136708,MARSELISBORG,0.595801758
1708736.jpeg,24.10.34,0.493910276,Tisvilde,0.815625947
1707781.jpeg,6/1862,0.121991513,Jægerspris,0.030497120
1742753.jpeg,MISSING,0.756808124,Øbjerggård,0.326665656
1707835.jpeg,MISSING,0.864937860,MISSING,0.530151561
1728520.jpeg,3/5-1934. | 3/5 34,0.116050318,Rudkøbing Svendborg Amt | Ru,0.190315247
1709403.jpeg,27.IV.2022,0.442221885,"DENMARK: NEZ: Helsingør, Grønne Vestkile, 56.0375N, 12.5598E",0.231309488
1742997.jpeg,18-6-1956,0.377165808,Redsle Fl.,0.700069718
1743038.jpeg,24.5.05,0.082185511,Odense,0.912764474
1708404.jpeg,28.5.18,0.509951500,Thorsager,0.743440436
1710361.jpeg,26-8-1956,0.401524704,Nekselø S.,0.675413762
1706424.jpeg,17/6.1871,0.287453774,Dronninglund,0.615407699
1707508.jpeg,4-8-1973,0.050697181,Høvblege,0.327259776
1707089.jpeg,6. 5. 1975.,0.581839952,Dyrehaven,0.759184601
1708406.jpeg,28.5.18,0.509654441,Thorsager,0.743143377
1705850.jpeg,31/5.1896,0.301118521,Ålbæk,0.927023340
1743517.jpeg,15/5 75,0.212000606,Skarrild Sø,0.032576538
1708364.jpeg,25-5-1914,0.253588966,Vamdrup,0.888405577
1705818.jpeg,MISSING,0.964749924,Dyrehaven,0.422615944
1706264.jpeg,MISSING,0.943955744,MISSING,0.558372234
1708847.jpeg,18-IV-1975,0.488563201,Tykskov krat,0.598475296
1709544.jpeg,MISSING,0.789484692,Lolland,0.853649591
1709523.jpeg,MISSING,0.793940588,Kb,0.957323431
1742803.jpeg,MISSING,0.747599273,MISSING,0.472224917
1706904.jpeg,19.5.1915,0.594613519,Jy. Boller,0.034061837
1709886.jpeg,MISSING,0.782355259,Falster,0.851570173
1708943.jpeg,17/9.1870,0.242300697,Bornholm,0.709872689
1708837.jpeg,12.4.1982.,0.490939679,Ugelbølle,0.403307063
1705973.jpeg,MISSING,0.959402849,MISSING,0.561936951
1708457.jpeg,20.6.08,0.502822067,Tidsv.,0.111297363
1707017.jpeg,29/5 70,0.274977266,Dyreh.,0.061094271
1707487.jpeg,14-5-1914,0.123179751,Vamdrup,0.803446499
1709133.jpeg,8-9-1970,0.466580782,Locø,0.023664747
1709543.jpeg,MISSING,0.789781752,Lolland,0.853946651
1707370.jpeg,5/1870,0.126447408,Dyrehaven,0.575304638
1743876.jpeg,6-9.49.,0.340330403,Sønderskov. Høvelte,0.256856623
1743915.jpeg,12/6 1955,0.204277054,Bommerlund Plantage DK Ap 36,0.152291604
1709774.jpeg,20-5-1956,0.426774780,JægersprisNord skov,0.073867839
1705921.jpeg,25.5.1947,0.664719612,Veddinge bakker,0.386374659
1708904.jpeg,1.9.1914,0.244083055,Horsens,0.856917248
1707081.jpeg,29-5-1951,0.583028190,Dyrehaven,0.760372840
1708869.jpeg,26.10.72.,0.147538648,Marselisb: Sk.,0.098820855
1708372.jpeg,26.-3.-45.,0.252994847,Rungsted Bolbrov,0.048914823
1708856.jpeg,III-1959,0.021585329,Silkeborg,0.791564110
1709071.jpeg,23/8.1943.,0.471927857,Hadsund,0.617487117
1705596.jpeg,MISSING,0.979899970,MISSING,0.570848742
1707054.jpeg,17-9-49,0.585404668,Grib Skov.,0.687296150
1706520.jpeg,MISSING,0.928508639,MISSING,0.551836920
1709147.jpeg,26.8.87,0.465392543,Harboøre,0.059608972
1706381.jpeg,2/6 69,0.070897242,MISSING,0.151400424
1706013.jpeg,11.v.1998,0.654025462,Skovsgaard | DK.F.PF17,0.115159139
1705838.jpeg,MISSING,0.962373446,Boserup,0.875037890
1706319.jpeg,6/1869,0.290127311,Rørvig,0.306465596
1707038.jpeg,13/6 1940,0.588672325,Dyrehaven,0.762749318
1709022.jpeg,MISSING,0.817408306,MISSING,0.499554410
1708029.jpeg,3/6 1902,0.256559564,Kjeldskov,0.422021825
1743017.jpeg,19.V.2022,0.372709912,"Denmark: Samsø: EJ: Følsdal Bakke, 55.9922N, 10.5515E, h30m",0.200118218
1706068.jpeg,17.6-22,0.296068506,Dyrehaven,0.395583510
1707432.jpeg,17/6 1923,0.561639891,Ravneholm Ggr.,0.252697787
1706369.jpeg,MISSING,0.936826311,MISSING,0.554510458
1743976.jpeg,MISSING,0.726805092,MISSING,0.461530767
1710380.jpeg,29. august 1993,0.398257048,"DK, NWZ, PG 27 Kongstrup, Røsnæs",0.212594726
1708716.jpeg,19.IX.1992,0.497177933,Høstemark Skov NEJ,0.293989088
1708340.jpeg,4/5 1927,0.049806002,"Sjæll., Gurre.",0.173679903
1707019.jpeg,MISSING,0.015050015,MISSING,0.014455896
1706017.jpeg,Juni 1947,0.185859351,Bornholm,0.824240679
1743012.jpeg,19.V.2022,0.374195211,"Denmark: Samsø: EJ: Følsdal Bakke, 55.9922N, 10.5515E, h30m",0.171006366
1706341.jpeg,6/7. 1870.,0.289533192,Ti | Nykjøbing,0.164471052
1742983.jpeg,10-6-1964,0.378948166,FREDERIKSDAL 45a,0.201306457
1706860.jpeg,MISSING,0.927320400,MISSING,0.550351622
1708971.jpeg,MISSING,0.825428918,Kb,0.964155805
1709839.jpeg,3. 6. 1899,0.225665353,Fredsted,0.323992119
1706072.jpeg,30.5.1903,0.643925432,Hasl,0.023961807
1707976.jpeg,15/5. 1870.,0.522130949,Dyrehaven | Kb,0.388157017
1709405.jpeg,27.IV.2022,0.441627766,"DENMARK: NEZ: Helsingør, Grønne Vestkile, 56.0375N, 12.5598E",0.248836011
1742809.jpeg,MISSING,0.189127008,MISSING,0.370630494
1707880.jpeg,23/10.1870,0.533122158,Dyrehaven,0.660560776
1728496.jpeg,17-5-91,0.392315853,Hanelø Damning,0.044161867
1706129.jpeg,MISSING,0.952273416,Ti,0.839390724
1707872.jpeg,4.1.60.,0.163876932,Silkeborg,0.748490452
1705717.jpeg,MISSING,0.970988178,MISSING,0.567284025
1743054.jpeg,15.10.21,0.367659897,Dyrehaven,0.714625644
1743846.jpeg,15/6 47,0.206059412,Lejre,0.920190967
1705632.jpeg,21.7.1974.,0.688484389,Rø,0.836123068
1742797.jpeg,2. VI. 79.,0.043270688,Augsbg,0.341518642
1743857.jpeg,10-5-63,0.344192179,Faxe,0.930588057
1705661.jpeg,15.7.37,0.683434374,Sose,0.609466505
1706392.jpeg,1. 7. 2000,0.622537132,Lodskovvad,0.592534101
1707383.jpeg,MISSING,0.892564413,MISSING,0.539360412
1744465.jpeg,13.6.26,0.041488330,Esbjerg,0.451727796
1707385.jpeg,MISSING,0.892267354,MISSING,0.539063353
1706909.jpeg,5. 5. 1916,0.594316460,Jy. Hansted Skov.,0.043567748
1708468.jpeg,MISSING,0.085750227,MISSING,0.520348590
1709878.jpeg,12/7.1870,0.415486511,Ørholm,0.711060928
1707736.jpeg,MISSING,0.873255532,MISSING,0.530448621
1707632.jpeg,MISSING,0.885434980,Bornholm,0.296662625
1707685.jpeg,MISSING,0.879196726,MISSING,0.534013337
1744552.jpeg,MISSING,0.719972719,Kb,0.946332222
1744613.jpeg,1.6.1888,0.145756290,Harboøre,0.333498030
1743728.jpeg,26 - 7 - 1969,0.362015762,Læsø. Klitplantagen,0.173976963
1707377.jpeg,MISSING,0.893455593,MISSING,0.540251591
1705553.jpeg,10.7-37,0.308545014,Rands,0.710763868
1708839.jpeg,30.3.1975.,0.490345559,Harrild hede,0.599366475
1709872.jpeg,12/7.1870,0.224180055,Ørholm,0.900585026
1706138.jpeg,MISSING,0.950788118,Bo,0.919002728
1728464.jpeg,MISSING,0.771364050,MISSING,0.479354350
1706121.jpeg,26/7.1870,0.181700515,Dyrehaven,0.770769930
1706007.jpeg,14-07-14,0.160609276,Raageleje,0.798396484
1706799.jpeg,24/9 1922,0.608575326,Dyrehaven,0.765719915
1708850.jpeg,27-IV-1976,0.487672022,Ejstrupholm,0.640360715
1743791.jpeg,18/4 1927. | 18/4 27,0.208138830,Høje Bøge Svendborg Amt | HB,0.143379812
1707078.jpeg,29-5-1951,0.583919370,Dyrehaven,0.761264019
1708770.jpeg,MISSING,0.836717187,MISSING,0.511733859
1705564.jpeg,7/7 1932,0.307950894,Sandvig Br.,0.259233101
1705991.jpeg,28.7.1972,0.657590179,Svinø Strand,0.448460139
1707239.jpeg,MISSING,0.909199758,MISSING,0.543222189
1705655.jpeg,15.7.37,0.684919673,Sose,0.941579266
1707669.jpeg,MISSING,0.880979085,SS,0.918111549
1709969.jpeg,25/6-9/7 1943,0.411921794,Æbelø,0.921082146
1709995.jpeg,7/81. | 24/6-87,0.068223704,Bognæs | Ferring,0.110703243
1707356.jpeg,15/5.1870,0.564016369,Kb | Dyrehaven,0.412218854
1708954.jpeg,9/9.1872,0.476086693,Dyrehaven,0.659966657
1744633.jpeg,9/1 1936.,0.168629888,Rudkøbing Svendborg Amt,0.220021219
1743526.jpeg,MISSING,0.741361018,MISSING,0.468363140
1707427.jpeg,MISSING,0.889890876,Svejbæk,0.889890876
1709586.jpeg,MISSING,0.190315247,MISSING,0.371224614
1705984.jpeg,8-7-1951,0.658184298,Nivå,0.936826311
1709554.jpeg,MISSING,0.786811155,MISSING,0.486186723
1706781.jpeg,18-6-49.,0.611248863,Hestehaven. Hillerød,0.265471355
1706226.jpeg,1-6-50.,0.635904820,Hestehaven. Hillerød,0.277353744
1743965.jpeg,26.8.87,0.202197636,Harboør,0.069709003
1706852.jpeg,1.8.84.,0.119912095,Hesteh,0.316268566
1708914.jpeg,10.10.1884,0.478166111,Erlev,0.925538042
1708413.jpeg,7-9-1958,0.508763262,Nekselø,0.617784177
1705714.jpeg,MISSING,0.971879357,MISSING,0.568175205
1707990.jpeg,MISSING,0.854243710,Kb,0.966829342
1709417.jpeg,27.IV.2022,0.438063049,"DENMARK: NEZ: Helsingør, Grønne Vestkile, 56.0375N, 12.5598E",0.245568354
1707357.jpeg,MISSING,0.897911488,Kb,0.972473477
1706143.jpeg,MISSING,0.949302819,Bo,0.987326463
1707679.jpeg,6/1870,0.164173992,Bornholm,0.817705365
1709438.jpeg,11-10.1914,0.231606547,Rude Hegn,0.635013640
1708779.jpeg,MISSING,0.835528948,MISSING,0.510248560
1709758.jpeg,MISSING,0.783246438,MISSING,0.482622007
1709792.jpeg,26.3.1978.,0.423507123,Øse,0.837608366
1707335.jpeg,MISSING,0.900882085,Bornholm,0.606495908
1708353.jpeg,20/4 1949.,0.515298575,Tinglev,0.618378296
1706223.jpeg,4-8-43.,0.636201879,Veddinge,0.580057593
1744464.jpeg,17.7.24,0.069709003,Esbjerg,0.841173083
1705577.jpeg,1-6-50.,0.694128524,Hestehaven. Hillerød,0.267550773
1743740.jpeg,1.8.1895,0.169224007,Aastrup,0.616892998
1706048.jpeg,20.5.34 | 7-8.1898,0.020397090,Reersø | Bognæs,0.021288269
1705931.jpeg,11.5.49.,0.662343134,Herlev,0.908011519
1744453.jpeg,27.6.1903,0.201306457,Esbjerg,0.199227038
1706290.jpeg,1.IX.2001,0.627290088,Æbelø F,0.454995453
1705480.jpeg,MISSING,0.987326463,Kb,0.978414671
1709450.jpeg,8.9.1917,0.053667778,Hansted,0.643331313
1706463.jpeg,14/6.1871,0.121397393,Jydske As,0.358451046
1706894.jpeg,3. VIII. 1991,0.595207639,NEJ:Høstemark Skov,0.207544711
1706413.jpeg,8.7.1883,0.171897545,Husum,0.628775386
1708724.jpeg,20.10.1946,0.495989694,Salten,0.670660806
1742817.jpeg,28/5.1902,0.214971203,Vester Ulslev Vestermosen,0.150509245
1705662.jpeg,15.7.37,0.683137314,Sose,0.940985147
1705659.jpeg,15.7.37,0.683731434,Sose,0.941282207
1707891.jpeg,13. xi. 2011,0.531339800,DANMARK. NEZ: UC 11 Melby Overdrev,0.146944529
1743980.jpeg,19-5-1964,0.331121552,RYGET 45a,0.198632919
1709809.jpeg,15-10-1974,0.421427705,Østbirk,0.617190058
1707970.jpeg,MISSING,0.856323128,Falster,0.452024856
1709003.jpeg,MISSING,0.820081843,MISSING,0.179026978
1709902.jpeg,MISSING,0.779978781,Kb,0.954649894
1706160.jpeg,MISSING,0.945441043,Lolland,0.869987875
1707626.jpeg,MISSING,0.708387390,Tisvilde,0.705416793
1706968.jpeg,MISSING,0.708684450,Kb,0.974552895
1709056.jpeg,23.8.03,0.314783268,Mølbæk,0.430933616
1709008.jpeg,MISSING,0.707496211,Lolland,0.837311306
1706430.jpeg,17/6.1871,0.105059109,Dronningelund,0.086344347
1708378.jpeg,5-4-50.,0.315080327,Sønderskov. Høvelte,0.250915429
1709945.jpeg,19/6-17.,0.172491664,Esbjerg,0.837014247
1707309.jpeg,4. 5. 1938,0.173085784,Vesterris,0.453807214
1705913.jpeg,30-5-1909,0.316268566,Dyrehaven,0.707793271
1706890.jpeg,20.VII.2021,0.315674447,"DENMARK: NWJ, Hjelm Hede (west), 56.48N, 8.89E, 16 m",0.211703547
1705948.jpeg,14-7-1973.,0.315971507,St.Klintesk.LFM.,0.074461958
1708778.jpeg,MISSING,0.708090330,MISSING,0.441330706
1708817.jpeg,MISSING,0.707793271,MISSING,0.441033647
1707899.jpeg,12.IV.2011,0.315377387,Sukkertoppen EJ,0.330230373
1709785.jpeg,14.IV.1995,0.314189148,LFM PF67 MALTRUP,0.355480449
1707481.jpeg,18-6-1910,0.138626857,Dyrehaven,0.706010912
1709801.jpeg,apr. 1948,0.172788724,Tystofte Sjælland,0.158529858
1705761.jpeg,1-7-1915,0.173679903,Skagen,0.892267354
1743029.jpeg,24.4.1999,0.313595029,Hornbæk - DK,0.343895120
1706952.jpeg,26/5.1870,0.072382540,Dyrehaven,0.417862989
1705748.jpeg,8-7-60,0.316565626,Vstr. Sømark,0.449054259
1728554.jpeg,3.7.1977,0.313892089,KLOBEN ENDELAVE | DANMARK,0.145459230
1728564.jpeg,MISSING,0.707199151,MISSING,0.440736587
1706326.jpeg,7/1862,0.173382843,Rørvig,0.643925432
1709424.jpeg,27.IV.2022,0.314486208,"DENMARK: NEZ: Helsingør, Grønne Vestkile, 56.0375N, 12.5598E",0.211109427
1743931.jpeg,26.8.28,0.334389209,Tisvilde Hegn,0.397365868
1706058.jpeg,19.6.1942,0.645707790,Femmøller,0.771958169
1705854.jpeg,14/7.1902,0.671254926,Ved Silkeborg,0.321615641
1706499.jpeg,MISSING,0.929993938,MISSING,0.552431040
1709290.jpeg,MISSING,0.808199454,Kb,0.961482267
1709942.jpeg,21/8.1901,0.414595332,Tebbestrup,0.399148227
1707598.jpeg,21.6.32,0.541736890,Skagen,0.903258563
1706385.jpeg,MISSING,0.935638072,MISSING,0.553322219
1709510.jpeg,MISSING,0.796020006,Kb,0.959402849
1706245.jpeg,9-6-1971,0.632340103,Læsø,0.884543801
1706869.jpeg,27-6-72,0.599663534,Ermelunden,0.022773568
1707295.jpeg,14.6.1942,0.568175205,Halk,0.934449833
1709756.jpeg,MISSING,0.783840558,MISSING,0.483216126
1706165.jpeg,1/8.1908,0.048914823,Sandager Lolland,0.361124583
1705920.jpeg,25.5.1947,0.665016672,Veddinge bakker,0.386671719
1709515.jpeg,MISSING,0.795425887,Kb,0.958808730
1710401.jpeg,22.5.1915,0.395880570,Ry Nørreskov,0.394395271
1709968.jpeg,25/6-9/7 1943,0.412218854,Æbelø,0.921379206
1708805.jpeg,13-10-46.,0.245865414,s.f. Rørbæk Sø.,0.102682631
1709773.jpeg,20-5-1956,0.228338891,JægersprisNord skov,0.074164898
1709499.jpeg,MISSING,0.796911185,Dyrehaven,0.782652319
1709993.jpeg,10/7-1948,0.408951197,"Fæstning, Rødovre",0.161500455
1707199.jpeg,MISSING,0.911279176,MISSING,0.545301607
1707215.jpeg,30-8-62,0.578275235,Dyrehaven,0.756808124
1707661.jpeg,MISSING,0.882464383,Al,0.022476508
1706243.jpeg,9-6-1971,0.632637163,Løsø,0.053964838
1744576.jpeg,MISSING,0.715219764,Kb,0.942173386
1744442.jpeg,6.6.37,0.325774477,Vedd. Bk.,0.084561988
1707887.jpeg,30. 3. 1975.,0.532230979,Harrild hede,0.601148833
1705517.jpeg,21/5-93,0.698287360,Hasede,0.358153986
1708692.jpeg,21.X. 1976,0.499257351,"Sjælland Røsnæs, Kongstrup",0.233685965
1705770.jpeg,31.7.1927,0.675116702,Rødovre,0.621645953
1705443.jpeg,15/5 1870,0.161797514,Dyrehaven,0.777305244
1709407.jpeg,27.IV.2022,0.441033647,"DENMARK: NEZ: Helsingør, Grønne Vestkile, 56.0375N, 12.5598E",0.216456502
1706298.jpeg,19.V.2022,0.625210670,"Denmark: Samsø: EJ: Følsdal Bakke, 55.9922N, 10.5515E, h30m",0.195662322
1728465.jpeg,5/1870,0.393801152,Kjøbenhavns Omegn,0.315674447
1706314.jpeg,6/1869,0.290721431,Rørvig,0.913655653
1709306.jpeg,MISSING,0.806120036,MISSING,0.491236738
1709221.jpeg,28.9.1913,0.460045468,Dyrehaven,0.585701728
1728483.jpeg,MISSING,0.767799333,Lolland,0.849193695
1707292.jpeg,19.5.1931,0.569066384,Sondrup,0.619566535
1705747.jpeg,8-7-60.,0.678384359,Vstr. Sømark,0.449351319
1706231.jpeg,1-6-50.,0.634716581,Hestehaven. Hillerød,0.266362534
1707343.jpeg,MISSING,0.899099727,Bo,0.972770537
1709150.jpeg,19/9 75,0.073570779,MISSING,0.497177933
1709893.jpeg,MISSING,0.781464080,Kb,0.955541073
1708859.jpeg,30.9.32,0.486780843,Marselisborg,0.322803880
1706315.jpeg,6/1869,0.624319491,Rørvig,0.579760533
1705971.jpeg,86.,0.013267657,MISSING,0.562531070
1707028.jpeg,16/9 1934,0.589563504,Hvidkilde Svendborg Amt,0.235468324
1709483.jpeg,MISSING,0.801070021,Dyrehaven,0.698287360
1709246.jpeg,16/4. 1870.,0.457371931,Dyrehaven,0.574710518
1743551.jpeg,3/7. 1872.,0.364392240,Næstved,0.394098212
1707895.jpeg,18-IV-1975,0.530151561,Tykskov krat,0.600257654
1709888.jpeg,12/7. 1870,0.414892392,NS | Ørholmsfælled,0.099117915
1706759.jpeg,23/8 1934.,0.614219460,Ebeltoft,0.579166414
1708983.jpeg,MISSING,0.823943619,MISSING,0.502822067
1707336.jpeg,MISSING,0.900585026,Bornholm,0.752649288
1709410.jpeg,27.IV.2022,0.440142467,"DENMARK: NEZ: Helsingør, Grønne Vestkile, 56.0375N, 12.5598E",0.214971203
1708427.jpeg,14-5-1965,0.506980903,V.Sjælland Røsnæs Kongstrup.Kl,0.203979994
1708767.jpeg,MISSING,0.837311306,MISSING,0.512327978
1743817.jpeg,16.6.1929,0.350133374,Lellinge skov,0.439845408
1708921.jpeg,10. 10. 1884,0.243191876,Erlev,0.806120036
1707040.jpeg,18-5-1910,0.588375265,Dyrehaven,0.662343134
1743761.jpeg,6/7. 1930.,0.358153986,Aabenraa,0.810575932
1705445.jpeg,15/5. 1870,0.311812671,Dyrehaven,0.590157624
1708833.jpeg,MISSING,0.829290694,MISSING,0.504604426
1743971.jpeg,4/4,0.010891179,MISSING,0.462421946
1707079.jpeg,29-5-1951,0.583622310,Dyrehaven,0.760966960
1705687.jpeg,MISSING,0.975741134,Øbjerggård. Næstved,0.119317975
1708479.jpeg,MISSING,0.845628978,MISSING,0.518269172
1744567.jpeg,MISSING,0.716705062,Kb,0.943955744
1706782.jpeg,31-8-49.,0.610951804,Folehave,0.578572295
1743960.jpeg,3.5.1974,0.202791755,KNUDSH.ODDE SJÆLLAND | DANMARK,0.123476811
1709552.jpeg,MISSING,0.787405274,MISSING,0.486780843
1708766.jpeg,MISSING,0.837608366,MISSING,0.512625038
1709238.jpeg,16/4.1870,0.457966050,Dyrehaven,0.381027584
1710354.jpeg,26-8-1956,0.402712943,Nekselø S.,0.676304941
1743880.jpeg,"Juli, Aug. 1933",0.023961807,Strandby v. Fr'havn,0.132982722
1707919.jpeg,13.5.1938,0.525398606,Tranekjær,0.586889967
1707240.jpeg,MISSING,0.908902698,MISSING,0.542925129
1743563.jpeg,MISSING,0.736905123,Ryt,0.039705972
1706935.jpeg,19/5.1870,0.591939982,Dyrehaven,0.764531676
1743877.jpeg,25.5.1947,0.340033343,Voddinge bakker,0.100306153
1709830.jpeg,28.7.1923,0.419645347,Thorsager,0.584810549
1709917.jpeg,MISSING,0.776711125,Boserup,0.850976053
1728555.jpeg,31.v. - 2.vi.1983,0.387562898,F: PF 07 Ristinge Klint,0.142488633
1705499.jpeg,13/5.1870,0.698584420,Aldershvile,0.576789936
1743935.jpeg,6-6-27,0.333498030,Liseleje,0.577681115
1708014.jpeg,4-96,0.257153683,Fr. Bøge,0.427071840
1744449.jpeg,2.4.1919,0.124070931,Esbjerg,0.038814792
1742764.jpeg,MISSING,0.755025765,Kb,0.951976356
1708988.jpeg,MISSING,0.822755380,MISSING,0.502525008
1709393.jpeg,27.IV.2022,0.444895423,"DENMARK: NEZ: Helsingør, Grønne Vestkile, 56.0375N, 12.5598E",0.217644741
1705679.jpeg,3/6.1870,0.133873901,Rønne,0.883355562
1705430.jpeg,22.5.1902,0.702743256,Halk,0.941876326
1709317.jpeg,30.5-1909,0.176650500,Dyrehaven,0.731855108
1706917.jpeg,10.8.1948,0.593128221,Ørshavn,0.024555926
1709910.jpeg,MISSING,0.777899363,MISSING,0.481136708
1705452.jpeg,29/5.1870,0.700663838,Dyrehaven,0.663531373
1706170.jpeg,1/8-1901,0.294583207,Sandager Lolland,0.360530464
1706106.jpeg,7/6.1870.,0.642440133,Rø. Bornholm,0.304980297
1709493.jpeg,MISSING,0.798693543,Dyrehaven,0.607387087
1707810.jpeg,MISSING,0.868799636,Ti,0.969205820
1706241.jpeg,5-6.1965,0.632934222,Knudshoved,0.650163686
1728580.jpeg,28.VI.1987,0.386077599,EJ: Strandkær,0.311218551
1706470.jpeg,MISSING,0.934449833,Al,0.974849955
1705951.jpeg,28.4.1973,0.660263716,LEJRE SJELLAND | DANMARK,0.104762049
1708786.jpeg,MISSING,0.834340709,MISSING,0.509357381
1707773.jpeg,MISSING,0.870581995,Øbjerggård Bugt,0.063173689
1707751.jpeg,8.VI.2003,0.185265232,Tofte Skov NEJ,0.409842376
1708018.jpeg,1888,0.520348590,Gaabense,0.816814186
1706456.jpeg,17/6.1871.,0.616892998,Jydske As,0.293394968
1709113.jpeg,27-9-58.,0.468957260,Eremitagen,0.680166717
1706179.jpeg,6.73,0.293989088,Tommerup,0.623725371
1708887.jpeg,13.10.1991,0.482919066,Marselisborg,0.597584116
1709439.jpeg,26.9.1907,0.051588360,Aagesholm,0.786217035
1706506.jpeg,17/6 71,0.143379812,Dronninglund bakker,0.192394665
1707455.jpeg,12-6-50.,0.556886935,Jægerspris,0.685216732
1743790.jpeg,24/5-1929 | 24/5-29,0.208435890,Ærø Svendborg Amt | Ærø,0.074759018
1706383.jpeg,MISSING,0.935935132,MISSING,0.553619279
1707415.jpeg,12.7.96. | 12.7.,0.075353137,Ry. | Ry.,0.062876629
1743002.jpeg,7.6.1990,0.375680509,Sose,0.938311610
1707894.jpeg,24-III-1975,0.530448621,Tykskov krat,0.613625341
1708822.jpeg,MISSING,0.831964232,MISSING,0.506980903
1709115.jpeg,14-9-58.,0.238141861,Dyrehaven,0.738390421
1744530.jpeg,3/6. 1870.,0.324289179,Bo | på Stranden ved Byå ved Rønne,0.115753259
1709571.jpeg,MISSING,0.786217035,Danmark,0.853352531
1707391.jpeg,MISSING,0.891079115,Boserup,0.863452561
1708428.jpeg,23-5-1965,0.506683844,V.Sjælland Røsnæs Kongstrup.Kl,0.211406487
1707401.jpeg,3/6 70,0.268144892,Rønne,0.882167323
1744658.jpeg,24-4-1915,0.320724462,Skagen,0.894940891
1707581.jpeg,31.V.1986,0.543519248,Høstemark sk. NEJ,0.251212489
1705686.jpeg,3/6.1870,0.682246135,Rønne,0.708090330
1744435.jpeg,6.6.1924,0.327259776,Skagen,0.895237951
1707374.jpeg,MISSING,0.894346772,MISSING,0.541142771
1706477.jpeg,MISSING,0.932964535,Al,0.985841164
1707659.jpeg,MISSING,0.883058503,Al,0.028120643
1709472.jpeg,MISSING,0.803743559,Dyrehaven,0.278541982
1705813.jpeg,MISSING,0.965938163,Dyrehaven,0.774037587
1705911.jpeg,30-5-1909,0.666204911,Dyrehaven,0.773443468
1705794.jpeg,1883,0.078323734,Ejsbøl,0.148726887
1708027.jpeg,4/7.1907,0.519457411,Sørup,0.710466808
1743906.jpeg,25/7 1948,0.336171567,Spandet Egekrat Sønderjylland,0.144270991
1706144.jpeg,MISSING,0.949005759,MISSING,0.559560473
1742737.jpeg,MISSING,0.760669900,Dyrehaven,0.780275841
1728500.jpeg,28/4 70,0.072976660,Ørholm,0.444598363
1742829.jpeg,MISSING,0.089612004,MISSING,0.174274022
1708928.jpeg,22.8.12,0.476383753,Thorsager,0.790375871
1728532.jpeg,28-5-61.,0.389345256,Eremitagen,0.674819642
1743741.jpeg,1/10 1893,0.361421643,Dyrehaven,0.713734465
1706073.jpeg,19. 7. 1928,0.182294635,Dronninglund,0.378056987
1709401.jpeg,27.IV.2022,0.442816005,"DENMARK: NEZ: Helsingør, Grønne Vestkile, 56.0375N, 12.5598E",0.231606547
1707042.jpeg,8-6-1919,0.587781146,Dyrehaven,0.762155199
1710405.jpeg,6.6.1927,0.394692331,Høbjerg,0.627884207
1706828.jpeg,12/6 1962,0.605604729,Tisvilde Hegn Nordsjælland,0.237250682
1709490.jpeg,MISSING,0.799584723,Dyrehaven,0.783840558
1707362.jpeg,MISSING,0.897020309,Kb,0.971582298
1744443.jpeg,11.8.1922,0.325477417,Sønderborg,0.045053046
1744595.jpeg,MISSING,0.712249166,MISSING,0.458263110
1706976.jpeg,6/1869.,0.590751743,Nykjøbing paa Lolland | Ti,0.048617763
1709337.jpeg,19-9-1953,0.449945438,Dyrehaven,0.729181570
1709578.jpeg,16 4 70,0.040597151,Dyrehaven,0.357262807
1705690.jpeg,MISSING,0.975444074,Bo,0.989702940
1709496.jpeg,MISSING,0.797802364,Dyrehaven,0.782949379
1744604.jpeg,MISSING,0.710763868,MISSING,0.456777811
1743953.jpeg,6-4-1970,0.052776599,Løsø,0.892564413
1707397.jpeg,14.V.89.,0.563422249,Sondbg,0.043270688
1708924.jpeg,22.8.22,0.476680812,Thorsager,0.790969991
1708019.jpeg,MISSING,0.850678994,MISSING,0.523913307
1707227.jpeg,17-7-1977,0.575898757,Jægerspr. N.Sk.,0.397068809
1742760.jpeg,MISSING,0.755619885,Møen,0.397959988
1709802.jpeg,14.9.1948,0.422615944,Rye Skov v. Borup Sjæll.,0.134170961
1708959.jpeg,7/9.1870,0.475789633,Bornholm,0.777899363
1708760.jpeg,10/1873,0.493019097,Rask Horsens | Ho,0.260421340
1706196.jpeg,27/6 1934,0.638281297,Skallingen,0.691157927
1705531.jpeg,MISSING,0.980791149,Danmark,0.878305547
1708031.jpeg,31/5.88.,0.519160352,Gaabense,0.816517126
1743937.jpeg,30.10 1964,0.203979994,V.Sjælland Røsnæs Kongstrup Kl,0.213485905
1706415.jpeg,16.5.1896,0.288344953,Friis's Mark,0.276759624
1705680.jpeg,3/6 1870.,0.117832677,Rønne,0.063470749
1707269.jpeg,17-VIII-1976,0.572631100,Krenkerup,0.753837527
1709870.jpeg,12/7.1870,0.135359200,Ørholm,0.900882085
1708809.jpeg,MISSING,0.085156108,Horsens Bøje Tebbstr,0.036438315
1709776.jpeg,20-5-1956,0.174571082,JægersprisNord skov,0.079214914
1709832.jpeg,28.7.1923,0.419051228,Thorsager,0.722052137
1743996.jpeg,23-9-1956,0.327556835,Boserup,0.582434071
1744647.jpeg,10-5-1956,0.321912701,Kongelunden,0.605010609
1743777.jpeg,19-9-36,0.014158836,Klosterh,0.246756593
1706163.jpeg,1/8.1901,0.150212186,Sandager Lolland,0.361421643
1744554.jpeg,MISSING,0.719378600,Kb,0.979008791
1709884.jpeg,MISSING,0.782652319,Falster,0.625507730
1707218.jpeg,30-8-62.,0.577681115,Dyrehaven,0.756214004
1706438.jpeg,14/6.1871,0.159421037,Dronninglund,0.163282813
1708755.jpeg,MISSING,0.839093665,Veile | Ve,0.191206426
1728462.jpeg,MISSING,0.771661109,Kb,0.952273416
1728571.jpeg,MISSING,0.764234617,MISSING,0.475195514
1708024.jpeg,10 Okt. 1884,0.520051531,Tebbestrup,0.353698090
1708034.jpeg,7/7 1907,0.518566232,Frederiksværk,0.307356775
1706487.jpeg,15/6 1871.,0.616001819,Nord for Storskoven Vendsyssel | Al,0.137438618
1710347.jpeg,26-8-1956,0.404792361,Nekselø S.,0.677493180
1743783.jpeg,13-8-36.,0.355777508,Hindsholm,0.627587148
1705912.jpeg,4-5-1914,0.299336162,Vamdrup,0.872958472
1742792.jpeg,MISSING,0.749975750,Lolland,0.847114277
1709204.jpeg,18.10.1997,0.461530767,Holmegårds Mose,0.292800849
1707695.jpeg,MISSING,0.876820249,Boserup,0.888999697
1707516.jpeg,19-6-1954,0.265768415,"Ørgaard Nors, Thy",0.337656866
1707252.jpeg,MISSING,0.905932101,Dyrehaven,0.069114883
1709786.jpeg,14. IV. 1995,0.424398303,LFM PF67 MALTRUP,0.355183389
1744545.jpeg,MISSING,0.720863898,Kb,0.947223401
1706123.jpeg,6/1870,0.138329797,Bornholm,0.823646560
1706969.jpeg,29/5 1870,0.157935738,Dyrehaven | Kb,0.412515914
1708930.jpeg,22.8.22,0.242894817,Thorsager,0.790078812
1705628.jpeg,30-V 1997,0.128823886,"DRAVED SKOV, SJ",0.205762352
1709808.jpeg,19.IX.1992,0.421724765,Høstemark Skov NEJ,0.302306760
1743030.jpeg,11.5.1982.,0.371224614,Grib skov,0.716110943
1728476.jpeg,MISSING,0.768987572,MISSING,0.477571992
1707436.jpeg,8/6-19.,0.266956654,Hammeren,0.820675962
1706139.jpeg,MISSING,0.950491058,Bo,0.976335253
1707006.jpeg,1/6.1899,0.275571385,Kjeldskov,0.389642316
1709428.jpeg,27.IV.2022,0.435983631,"DENMARK: NEZ: Hellebæk Avlsgård, Kohave, 56.0554N 12.5439E",0.140706275
1707561.jpeg,26-6-1955,0.547975144,Lindholm,0.818893604
1744614.jpeg,MISSING,0.710169748,Esbjerg,0.840578963
1707831.jpeg,MISSING,0.865234920,SS,0.981979388
1705945.jpeg,5.6.1965,0.298444983,Knudshoved,0.701555017
1706194.jpeg,13/6 1939. | 13/6 39,0.293692028,Ærø Svendborg Amt,0.078026675
1707775.jpeg,MISSING,0.869987875,Øbjerggård,0.039111852
1706841.jpeg,8-9-1970,0.602931191,Læsø,0.665907851
1708422.jpeg,17-5-1964,0.507872082,Jægerspr. N.Sk,0.357856926
1709333.jpeg,23-10-57.,0.450242498,Eremitagen,0.678087299
1707813.jpeg,6/1862,0.262203698,Ti | Kulhuset Jægerspris,0.161203395
1707008.jpeg,2/5-1910,0.149321006,Vester Ulslev,0.356371628
1743798.jpeg,3/5-1942,0.354292210,Tisvilde Hegn ved Asserbo,0.222694756
1705858.jpeg,MISSING,0.960888148,MISSING,0.564313428
1708799.jpeg,28/9 84,0.246162473,Tebbestrup bakker Randers,0.143082752
1707268.jpeg,17.VIII-1976,0.572928160,Krenkerup,0.754134586
1709128.jpeg,25-6-1960,0.056341316,Jægerspr. N.Sj.,0.102385571
1744691.jpeg,10-5-1956,0.198038800,Kongelunden,0.379839345
1708844.jpeg,14.10.1979.,0.489454380,Lindum skov,0.363501061
1705535.jpeg,21/7-1920,0.697099121,Hammer Bakker Vendsyssel,0.149023947
1706260.jpeg,4/6 87 | 6/80,0.060203092,Harb. Str. | Eremitag,0.053073659
1706945.jpeg,26/5.1870,0.276759624,Dyrehaven,0.280324341
1706091.jpeg,MISSING,0.957917551,Veilø Bugt,0.610654744
1709370.jpeg,12-10-1952,0.449351319,Dyrehaven,0.727399212
1744623.jpeg,22/5-1900,0.200712337,Vester Ulslev Kjeldskov,0.083076690
1744626.jpeg,MISSING,0.709872689,MISSING,0.456480752
1710351.jpeg,26-8-1956,0.403604122,Nekselø S.,0.676899060
1708001.jpeg,MISSING,0.852164292,Lolland,0.859590785
1706444.jpeg,14/6.1871,0.285968475,Dronninglund,0.156450440
1707168.jpeg,MISSING,0.914843892,MS,0.838499545
1708788.jpeg,10/73,0.247053653,Rask Horsens,0.393504092
1743591.jpeg,Juni 1817.,0.363798121,Sielland,0.810872992
1707388.jpeg,MISSING,0.194177023,MISSING,0.374492270
1706108.jpeg,17/6.1870,0.642143074,Rø Bornholm,0.651054865
1707672.jpeg,MISSING,0.193879964,MISSING,0.374195211
1708933.jpeg,MISSING,0.827508336,Øbjerggård,0.648975447
1708987.jpeg,MISSING,0.823052440,MISSING,0.179918157
1744661.jpeg,16-5-1991,0.320427402,Jylland Skallingen,0.206356472
1709192.jpeg,29-8-1952,0.463313125,Dyrehaven,0.735122764
1705892.jpeg,31/8 1944.,0.668581388,Ulfshale Møen,0.321318581
1706313.jpeg,6/1869,0.291018490,Agrivig Schulih,0.016535314
1709101.jpeg,11/9 -1965.,0.469551379,4 km. S.V. Gl. Skagen,0.142785693
1707562.jpeg,26-6-1955,0.547678084,Lindholm,0.818596544
1728572.jpeg,MISSING,0.763937557,MISSING,0.474898454
1707694.jpeg,MISSING,0.877117308,Boserup,0.861076084
1705784.jpeg,15.7.1908,0.674225523,Ordrup,0.655213701
1709505.jpeg,13/5. 1870,0.431527736,Aldershvile,0.576492877
1706252.jpeg,24.6.1975,0.631745984,GRØNNINGEN FANØ | DANMARK,0.148429827
1709034.jpeg,4/9.1905,0.240815399,Vester Ulslev Haven,0.253886026
1708376.jpeg,27.4-49,0.513516217,Frederikslund,0.442221885
1707265.jpeg,23.7.1998,0.573819339,Dyrehaven,0.754728706
1743711.jpeg,23/4 1891,0.211109427,Saltesø Skov,0.213188845
1743559.jpeg,MISSING,0.737202182,Skagen,0.912467414
1709060.jpeg,Aug 1934,0.152291604,Tange v. Ribe,0.430636557
1709921.jpeg,MISSING,0.776117005,Boserup,0.850678994
1705561.jpeg,7-6-1922,0.695910882,Dyrehaven,0.775522886
1707447.jpeg,13/6 1939. | 13/6 39,0.108623825,Ærø Svendborg Amt,0.081591391
1728471.jpeg,MISSING,0.769878751,MISSING,0.176353440
1705982.jpeg,6-1915.,0.658778418,Vorbasse,0.417268869
1743013.jpeg,19.V.2022,0.373898151,"Denmark: Samsø: EJ: Følsdal Bakke, 55.9922N, 10.5515E, h30m",0.194771143
1709502.jpeg,MISSING,0.796614125,Dyrehaven,0.782355259
1705698.jpeg,MISSING,0.974255835,Øbjerggård Næstved | SS,0.119020915
1744436.jpeg,8.5.25,0.326962716,Saltholm,0.809387693
1709384.jpeg,19.IX.1992,0.446380721,Høstemark Skov NEJ,0.302603819
1705994.jpeg,23.7.44,0.656699000,DANMARK | Stasevang,0.302009700
1706362.jpeg,MISSING,0.937717490,MISSING,0.185562292
1742761.jpeg,MISSING,0.755322825,Møen,0.608278266
1706316.jpeg,6/1869,0.099117915,Rørvig,0.833746590
1744562.jpeg,MISSING,0.717893301,Kb,0.944549864
1709791.jpeg,26.3.1978.,0.423804183,Øse,0.837905426
1705515.jpeg,MISSING,0.982276447,MISSING,0.572631100
1709394.jpeg,27.IV.2022,0.444598363,"DENMARK: NEZ: Helsingør, Grønne Vestkile, 56.0375N, 12.5598E",0.217347681
1709229.jpeg,8.10.21,0.459451349,Dyrehaven,0.384889360
1707178.jpeg,MISSING,0.913358594,MS,0.136844498
1709097.jpeg,22.8.22,0.166253410,Thorsager,0.624616550
1705814.jpeg,MISSING,0.965641103,Dyrehaven,0.799287663
1706101.jpeg,MISSING,0.955541073,Veilø Bugt,0.421724765
1709164.jpeg,MISSING,0.813546529,MISSING,0.494504395
1743905.jpeg,26/7 1948,0.105950288,Stensbæk Plantage Sønderjylland,0.212297666
1709139.jpeg,29-VIII 1985,0.237250682,SKIBBY. SJ.,0.091988481
1708958.jpeg,7/9.1870,0.242003637,Bornholm,0.696505002
1743044.jpeg,26.9.1922,0.368848136,Dyreh.,0.830775993
1706268.jpeg,MISSING,0.195068202,MISSING,0.375680509
1705574.jpeg,21-5-49.,0.694425584,Eremitagen,0.634122461
1707927.jpeg,13.5.1938.,0.524507426,Aasø,0.939202789
1705992.jpeg,3.8.1973,0.657293119,Svinø strand,0.602931191
1743522.jpeg,6.6.92,0.093176720,Kulhus,0.116644438
1744700.jpeg,12-5-1957,0.318645044,Saltholm,0.437468930
1743025.jpeg,1. 10-65,0.213485905,Tisvilde h.,0.092285541
1709488.jpeg,MISSING,0.799881782,Dyrehaven,0.784137617
1705864.jpeg,MISSING,0.959699909,Kostr. Banke,0.114267960
1728602.jpeg,11/6 1933 | 22/6 1933,0.070006062,Saltholm,0.333795089
1707052.jpeg,21-5-49.,0.585998788,Eremitagen,0.687890270
1706323.jpeg,7/8 62.,0.026635344,Rørvig,0.171303425
1709274.jpeg,MISSING,0.811170052,Kb,0.981682328
1707161.jpeg,20/8 1888,0.580057593,Bognæs Roeskilde | MS,0.126150349
1710382.jpeg,16-7-1972,0.397959988,EJSTRUPHOLM,0.639172477
1728501.jpeg,10/4 79,0.065550167,Kbh,0.107435587
1705979.jpeg,19.6.96.,0.297850864,Onsild,0.667393149
1707319.jpeg,22.5.22,0.564907548,Søllerød,0.828399515
1709052.jpeg,23.8.03,0.473710215,Mølbæk,0.711952107
1709895.jpeg,MISSING,0.780869961,Kb,0.980791149
1709353.jpeg,MISSING,0.804634738,MISSING,0.489751440
1707424.jpeg,31.5.1888,0.561936951,Gaabense,0.820973022
1705976.jpeg,86.,0.011782358,MISSING,0.186750530
1705459.jpeg,MISSING,0.988514701,Veilø Bugt,0.450539557
1707482.jpeg,30.5-1909 | 1829,0.025447105,Dyrehaven,0.750866929
1742981.jpeg,MISSING,0.745816914,MISSING,0.470442558
1743837.jpeg,13-8-36,0.347459836,Hindsholm,0.713140346
1705962.jpeg,maj 75 | 1975,0.163282813,Vestjyll. Tipperne,0.317456805
1743933.jpeg,29-4-28,0.333795089,Trørød Hegn,0.096741437
1705501.jpeg,MISSING,0.985841164,Odense,0.915438012
1708889.jpeg,13.10.1991,0.482324947,Marselisborg,0.596989997
1710377.jpeg,29. august 1993,0.399148227,"DK, NWZ, PG 27 Kongstrup, Røsnæs",0.205168233
1708725.jpeg,20.10.1946,0.495692634,Salten,0.670363747
1709136.jpeg,24.10.1976,0.466283722,DANMARK | RØLD SKOV SKØRPING,0.109812064
1706011.jpeg,4.VI.1988,0.654322522,Råbjerg K. | DK.NEJ.NJ88,0.068520764
1708838.jpeg,29.3.1975,0.490642619,Tykskov v. Brande,0.324883298
1743793.jpeg,21/9 1934 | 21/9 34,0.207841770,Rudkøbing Svendborg Amt | Ru,0.201900576
1707955.jpeg,76/1870,0.042973628,Dyrehaven,0.660263716
1708441.jpeg,13-4-1963,0.504307366,Nødebohuse Halsnæs,0.284780236
1707684.jpeg,15/6 1871,0.539657472,Jydske Aas Vendsyssel,0.141894513
1706270.jpeg,MISSING,0.943361625,MISSING,0.557778115
1706287.jpeg,13-5-1972,0.627884207,SKALLINGEN,0.690266747
1707418.jpeg,23/6 1905,0.014752955,Mylgård Vendsyssel,0.012673537
1742816.jpeg,MISSING,0.746708093,MISSING,0.471630797
1705525.jpeg,2/7 1898,0.697396181,Kulhuse,0.878899667
1705859.jpeg,MISSING,0.960591088,MISSING,0.564016369
1707649.jpeg,MISSING,0.883355562,Kjøbenhavns Omegn,0.122585632
1707728.jpeg,MISSING,0.874443771,MISSING,0.531636860
1707663.jpeg,MISSING,0.881870264,Mø,0.603525311
1705908.jpeg,8-6-1914,0.666799030,Vamdrup,0.873552592
1709040.jpeg,9/9 72,0.240221279,Dyrh,0.344786299
1709905.jpeg,MISSING,0.779384662,MISSING,0.482324947
1709295.jpeg,MISSING,0.806714156,Kb,0.959996969
1705783.jpeg,3. 6. 1907,0.047726584,København,0.774928766
1743759.jpeg,28/7 1930.,0.358748105,Ærø.,0.711655047
1707622.jpeg,MISSING,0.887217339,Tidsvilde,0.604416490
1705582.jpeg,4-6 1965,0.693534404,V.Sjælland Røsnæs Kongstrup. Kl,0.113376781
1709312.jpeg,10-5-1915,0.454995453,Skagen,0.901773265
1709300.jpeg,26/3 1902,0.233091846,Vester Ulslev,0.295771446
1707548.jpeg,15.7.06,0.036438315,Dyrehaven,0.010891179
1706846.jpeg,d. 6 VIII 1972,0.601742952,Liseleje N. Sj.,0.289236132
1705878.jpeg,6.7.37,0.104762049,Trelde,0.438360109
1706967.jpeg,19/5. 1870.,0.591048803,Dyrehaven | Kb,0.281215520
1709546.jpeg,MISSING,0.789187633,Boserup,0.887811458
1706877.jpeg,26-7-1951,0.597881176,Nivå,0.934746893
1742755.jpeg,MISSING,0.756214004,Øbjerggård,0.609763565
1705617.jpeg,14-5-1954,0.690563807,Kulhuse,0.877711428
1708385.jpeg,17-9-49.,0.511733859,Grib Skov.,0.680760837
1743509.jpeg,MISSING,0.188829948,MISSING,0.370333434
1709831.jpeg,28.7.1923,0.419348287,Thorsager,0.584513489
1743708.jpeg,MISSING,0.729775690,Kb,0.949599879
1705881.jpeg,6.7.37,0.670066687,Trelde,0.826320097
1743947.jpeg,4-4-1953,0.332309791,Glumsø øst-skv,0.105356169
1707814.jpeg,MISSING,0.868205517,Ti,0.649272507
1743590.jpeg,MISSING,0.731260988,MISSING,0.466283722
1707434.jpeg,28/5-16.,0.561045771,Dragør,0.904446802
1706320.jpeg,7/1862,0.624022431,Rørvig,0.323397999
1744643.jpeg,22-5-1955,0.322506820,Skallingen,0.672146105
1709366.jpeg,16.4.70.,0.231903607,Livend,0.198335859
1708797.jpeg,16/7 13,0.020991209,Veile | Rask Horsens,0.121694453
1706985.jpeg,MISSING,0.921676266,MISSING,0.549163383
1705453.jpeg,MISSING,0.990000000,Veilø Bugt,0.634419521
1743802.jpeg,20/7-1932,0.353401031,Skallingen,0.673334344
1705961.jpeg,24.3.1970,0.659075477,Østjylland Klattrup syd f. Vejle,0.241112458
1705762.jpeg,24-5-1915,0.676602001,Skagen,0.910387996
1709784.jpeg,14.IV.1991,0.184076993,LFM PF58 RAVNSBY BAKKE,0.132685662
1707338.jpeg,MISSING,0.899990906,Bornholm,0.416377690
1706775.jpeg,30-6-1912,0.611842983,Sandbjerg,0.766314035
1709375.jpeg,6-4-1952,0.448460139,Dyrehaven,0.726508033
1707690.jpeg,MISSING,0.878305547,Boserup,0.861670203
1707969.jpeg,MISSING,0.856620188,Falster,0.261906638
1707275.jpeg,20-VIII-1976,0.571442861,Maltrup,0.620160655
1744553.jpeg,MISSING,0.719675659,Kb,0.946035162
1709518.jpeg,MISSING,0.794534707,Kb,0.957917551
1743823.jpeg,16.6.1929,0.349242195,Lellinge skov.,0.390236435
1708665.jpeg,9.93 | 4.93,0.071491361,Hunderup,0.053370718
1708762.jpeg,MISSING,0.838796605,MISSING,0.513813277
1706291.jpeg,15.V.2011,0.626993028,Røsnæsgd. NWZ,0.297553804
1707812.jpeg,MISSING,0.868502577,Ti,0.968908760
1709561.jpeg,IV. 91.,0.229230070,Sondbg,0.416674750
1743781.jpeg,30/8 1940,0.111594423,Tange,0.299633222
1707987.jpeg,MISSING,0.854837830,Kb,0.967423462
1709553.jpeg,MISSING,0.787108215,MISSING,0.486483783
1708775.jpeg,MISSING,0.836420127,MISSING,0.511139739
1707769.jpeg,MISSING,0.871473174,Øbjerggård,0.040003031
1707389.jpeg,MISSING,0.891673234,Boserup,0.890484995
1707541.jpeg,MISSING,0.888405577,MISSING,0.535795696
1710340.jpeg,23-6-1961,0.406277660,"MidtJylland Galgehøj, Hjarbæk",0.225071234
1706140.jpeg,MISSING,0.950193998,Bo,0.987623522
1708691.jpeg,21.X. 1976,0.184671112,"Sjælland Røsnæs, Kongstrup",0.233983025
1706963.jpeg,MISSING,0.924349803,Dyrchaven,0.073273719
1709036.jpeg,MISSING,0.816814186,MISSING,0.498960291
1707450.jpeg,18-6-49.,0.558372234,Hestehaven,0.400633525
1744679.jpeg,MISSING,0.708981510,MISSING,0.455589573
1706972.jpeg,MISSING,0.923458624,Kb,0.973661716
1708769.jpeg,MISSING,0.837014247,MISSING,0.512030918
1709582.jpeg,24/7 77,0.020100030,Hareskov,0.017426493
1707703.jpeg,6. 94,0.263688997,Skagen,0.902664444
1708845.jpeg,15-XI-1976,0.489157320,Ejstrupholm,0.641251895
1743003.jpeg,7.6.1990,0.375383450,Sose,0.938014550
1744451.jpeg,14.5.1947,0.324883298,Juelsminde,0.047132464
1707633.jpeg,6/1871.,0.540251591,Vendsyssel,0.592831161
1709767.jpeg,13-9-1952,0.427665959,Laveskov,0.426774780
1707510.jpeg,26-5-1965,0.552728099,V.Sjælland Røsnæs Kongstrup Kl,0.249430130
1707454.jpeg,12-6-50.,0.557183995,Jægerspris,0.632637163
1744697.jpeg,10-5-1956,0.318942104,Kongelunden,0.378948166
1707422.jpeg,23/6.1905,0.562234010,Mølgård Wendsyssel,0.105653228
1708466.jpeg,MISSING,0.848005456,MISSING,0.520942710
1709924.jpeg,MISSING,0.775522886,MISSING,0.480542589
1705977.jpeg,MISSING,0.959105790,MISSING,0.561342831
1707249.jpeg,MISSING,0.906823280,Dyrehaven,0.067332525
1709143.jpeg,Sommer 1940,0.036141255,Pjedsted ved Vejle.,0.168629888
1707041.jpeg,17-6-1922,0.588078206,Dyrehaven,0.762452258
1705683.jpeg,3/6.1870,0.145459230,Rønne,0.927320400
1707692.jpeg,MISSING,0.877711428,Boserup,0.889296757
1744686.jpeg,10-5-1956,0.320130343,Kongelunden,0.380433465
1705498.jpeg,29/5.1870,0.698881479,Dyrehaven,0.663234313
1709427.jpeg,27.IV.2022,0.436280691,"DENMARK: NEZ: Hellebæk Avlsgård, Kohave, 56.0554N, 12.5439E",0.219724159
1706285.jpeg,18-6-1956,0.628478327,Redsle Fl.,0.391127614
1710409.jpeg,3. 6. 1934.,0.394098212,Saltholm,0.813546529
1709821.jpeg,25-6.32,0.226556532,Kandestederne,0.045647166
1706784.jpeg,23.7.22,0.610357684,Tisvilde,0.710169748
1707841.jpeg,MISSING,0.863749621,Jægerspris,0.264580176
1705657.jpeg,15.7.37,0.684325553,Sose,0.885137921
1708723.jpeg,20.10.1946,0.496286754,Salten,0.670957866
1708037.jpeg,5/6 1909,0.518269172,Geels Skov,0.400336466
1709803.jpeg,4.5.1947,0.227447711,Færgelunden Horns H.,0.141003334
1706103.jpeg,MISSING,0.955244013,Veilø Bugt,0.297256744
1743868.jpeg,29-7-49.,0.342409821,Asserbo,0.842064262
1707784.jpeg,6/1862,0.262500758,Jægerspris,0.029308881
1707868.jpeg,4.11.59,0.533716278,Svejbæk,0.452618975
1705958.jpeg,16.6.1929,0.659372537,Lellinge skov,0.563125189
1709341.jpeg,19-9-1953,0.232497727,Dyrehaven,0.728587451
1709007.jpeg,MISSING,0.819190664,Lolland,0.856026069
1743957.jpeg,3.6.1974,0.032576538,KNUDSHODDE SJÆLLAND | DANMARK,0.112485602
1705964.jpeg,maj 75 | 1975,0.081591391,Tipperne Vestj. | Vestjyll. Tipperne,0.026635344
1706422.jpeg,17/6.1871,0.618675356,Dronninglund,0.323100940
1709009.jpeg,MISSING,0.818893604,Lolland,0.855729009
1707299.jpeg,15.5.1947,0.567878145,Juelsminde,0.415486511
1709058.jpeg,23.8.03,0.472819036,Mølbæk,0.703040315
1706834.jpeg,28-5-1965,0.604416490,V.Sjælland Røsnæs Kongstrup Kl,0.236656563
1707407.jpeg,MISSING,0.890484995,MISSING,0.538172173
1706095.jpeg,MISSING,0.957026372,Dyrehaven,0.771364050
1705474.jpeg,7/1870,0.311218551,Ørholm,0.915735071
1708941.jpeg,17/9.1876,0.056638375,Bornholm,0.664422552
1707511.jpeg,26-5-1965,0.552431040,V.Sjælland Røsnæs Kongstrup Kl,0.235171264
1708791.jpeg,10/73,0.246756593,Rask Horsens,0.353995150
1743844.jpeg,10-5-63,0.139220976,Faxe,0.932964535
1743751.jpeg,MISSING,0.727993331,MISSING,0.464204304
1706892.jpeg,20.VII.2021,0.595504698,"DENMARK: NWJ, Hjelm Hede (west), 56.48N, 8.89E, 16 m",0.235765383
1707409.jpeg,21/6 83,0.134170961,Esbjerg,0.433904213
1705524.jpeg,2/7 1898,0.697693240,Kulhuse,0.891376175
1707646.jpeg,MISSING,0.706307972,Møen,0.325477417
1743942.jpeg,d. 12 VIII 1972,0.165659291,Jæ. Dyrehave Sj.,0.270521370
1710336.jpeg,23-6-1961,0.407465899,"MidtJylland Galgehøj, Hjarbæk",0.226259473
1706205.jpeg,17-6-1922,0.637093059,Dyrehaven,0.769581691
1709842.jpeg,19.7.1928,0.417268869,Dronninglund,0.315080327
1744612.jpeg,6. 98,0.032279479,Esbjerg,0.616595938
1709877.jpeg,12/7.1870,0.415783571,Ørholm,0.402118824
1743900.jpeg,19-6-1954,0.336765687,"Ørgaard Nors, Thy",0.334092149
1707873.jpeg,4.1.60,0.260124280,Silkeborg,0.660857836
1706186.jpeg,9/6-19.,0.638875417,Nexø,0.804337678
1709348.jpeg,MISSING,0.805525917,MISSING,0.490642619
1707946.jpeg,6/1870,0.078917854,Dyrehaven,0.793643528
1710385.jpeg,4. VII. 1984,0.397662928,"Kås, Salling NWJ",0.190018187
1706117.jpeg,MISSING,0.954055774,MISSING,0.561045771
1743494.jpeg,6/6.1870,0.153479842,Bo | Østerlars,0.275868445
1742798.jpeg,MISSING,0.748490452,Sondbg,0.120506214
1706064.jpeg,5.6.12,0.644816611,Dyrehaven,0.771661109
1706329.jpeg,MISSING,0.943064565,MISSING,0.556589876
1708405.jpeg,"28.5,18",0.251509548,Thorsager,0.624913610
1743589.jpeg,MISSING,0.731558048,MISSING,0.466580782
1744673.jpeg,MISSING,0.709278569,MISSING,0.455886632
1708423.jpeg,18-9-1965 | 18-9-1965,0.112485602,Bokel | Bokel,0.120803274
1728592.jpeg,9-VI-1979,0.383701122,Røsnæs SNV,0.405980600
1709532.jpeg,MISSING,0.791861170,MISSING,0.489157320
1707404.jpeg,1/6 70,0.038517733,Rø,0.649569567
1707243.jpeg,MISSING,0.908308578,MISSING,0.542331009
1705802.jpeg,4.6.19,0.672443165,Thorsager,0.774631707
1706183.jpeg,8/6-19.,0.639172477,Hammeren,0.823349500
1705713.jpeg,MISSING,0.972176417,MISSING,0.568472264
1728466.jpeg,MISSING,0.771066990,MISSING,0.479057290
1709379.jpeg,6-4-1952 | 6-4-1952,0.447568960,Dyrehaven | Dyrehaven,0.258638982
1707245.jpeg,MISSING,0.907714459,MISSING,0.541736890
1707625.jpeg,MISSING,0.886326159,Tidsvilde,0.749381631
1744682.jpeg,1/6 1933,0.017426493,Saltholm,0.807902395
1706793.jpeg,26.6.1943,0.609169445,Vaserne Furesøen,0.309139133
1708892.jpeg,9-10-1972,0.481433768,MARSELISBORG,0.596098818
1709949.jpeg,24/7 1898,0.413407093,Færgelunden v. stranden,0.153182783
1709155.jpeg,MISSING,0.815328888,MISSING,0.371818733
1709550.jpeg,MISSING,0.787999394,MISSING,0.487374962
1709076.jpeg,17/8 1930.,0.471630797,Viborg-Silkebg,0.304089118
1728597.jpeg,1-5.1949.,0.093473780,Jonstrup Sjæll.,0.243191876
1709388.jpeg,18.5. 1947,0.176353440,Saltholm,0.813843589
1709190.jpeg,29-8-1952,0.463907245,Dyrehaven,0.735716884
1707438.jpeg,9/5-20.,0.560154592,Børstinge Mose,0.411327675
1706490.jpeg,MISSING,0.931182176,Al,0.919299788
1707348.jpeg,MISSING,0.898505608,Bo,0.983761746
1708821.jpeg,MISSING,0.832261291,MISSING,0.507277963
1709480.jpeg,MISSING,0.801961200,Dyrehaven,0.785325856
1728590.jpeg,6.VI.1978,0.384295241,Korod Lol.,0.406277660
1709797.jpeg,26.9.1947,0.227744771,Råbjerg Mile Jyll.,0.155856320
1708450.jpeg,4. 81.,0.250618369,Vesterø,0.066144286
1707235.jpeg,MISSING,0.910387996,MISSING,0.544410427
1743873.jpeg,13-4-49,0.341221582,Dyrehaven,0.712546226
1707870.jpeg,4.1.60,0.533419218,Silkeborg,0.661154895
1706997.jpeg,MISSING,0.918408609,Lolland,0.864640800
1709232.jpeg,8.10.21,0.458857229,Dyrehaven,0.788593513
1709019.jpeg,MISSING,0.818002425,MISSING,0.500148530
1707217.jpeg,30-8-62.,0.577978175,Dyrehaven,0.756511064
1708720.jpeg,14. 3. 1915.,0.248836011,Hansted Sk.,0.345974538
1708388.jpeg,30.-3.-45.,0.510842680,Eskemose Sk,0.083670809
1705562.jpeg,30-6-1912,0.118426796,Sandbjerg,0.775225826
1705848.jpeg,26/5 1891,0.672146105,Egholm. Horns Herred,0.138626857
1708982.jpeg,MISSING,0.824240679,MISSING,0.503119127
1742989.jpeg,29-5-1952,0.378056987,Dyrehaven,0.717299182
1708829.jpeg,MISSING,0.830478933,MISSING,0.505792664
1707681.jpeg,MISSING,0.879790846,MISSING,0.534310397
1707768.jpeg,MISSING,0.871770233,Øbjerggaard,0.028417702
1743961.jpeg,20/5 71,0.010000000,MISSING,0.368848136
1743831.jpeg,Juni 1933,0.348053956,Hillerød,0.809684753
1709170.jpeg,MISSING,0.811764171,MISSING,0.492722037
1707288.jpeg,22. 5. 1915,0.268739012,Ry Nørreskov,0.602337072
1705627.jpeg,20-5-1956,0.182888754,JægersprisNord skov,0.209030009
1709124.jpeg,19-9-1953,0.088126705,Dyrehaven,0.788890573
1708354.jpeg,3-10-1913,0.515001516,København,0.744034556
1743887.jpeg,22/7-4/8 1941,0.339439224,Gindeskov v. Skive,0.206653531
1743065.jpeg,MISSING,0.745222795,Dyrehaven,0.407465899
1705742.jpeg,5/8 95,0.679275538,Rfs,0.158232798
1707570.jpeg,21-6-1956,0.545598666,V.f. Høvblege Møn,0.282106699
1707543.jpeg,MISSING,0.888108518,MISSING,0.535201576
1709291.jpeg,MISSING,0.807902395,Kb,0.961185208
1742796.jpeg,MISSING,0.748787511,Sondbg,0.437765990
1707897.jpeg,2.IV. 1983,0.529557442,Sandmilen v. Skagen NEJ,0.135062140
1705602.jpeg,MISSING,0.979602910,MISSING,0.570551682
1706197.jpeg,13-8-36.,0.637984238,Hindsholm,0.770175811
1708826.jpeg,MISSING,0.830775993,MISSING,0.181403456
1709987.jpeg,9-8-1973,0.409842376,Høvblege,0.720566838
1744534.jpeg,MISSING,0.722646256,SS,0.949302819
1705735.jpeg,MISSING,0.969205820,Danmark,0.876226129
1709433.jpeg,27.IV.2022,0.435092452,"DENMARK: NEZ: Hellebæk Avlsgård, Kohave, 56.0554N, 12.5439E",0.248241891
1706786.jpeg,29-7-49.,0.609763565,Asserbo,0.867611397
1705478.jpeg,MISSING,0.987623522,Danmark,0.880384965
1705777.jpeg,22.5.1984.,0.674819642,Bøtø pld.,0.075650197
1708804.jpeg,13-10-46.,0.491830858,S.J. Rørbæk Sø.,0.067035465
1708668.jpeg,1872,0.021882389,Veile,0.925835102
1743502.jpeg,MISSING,0.744331616,SS | Øbjerggård Næstved,0.161797514
1708030.jpeg,26/8.1899,0.256262504,Kjeldskov,0.635310700
1708931.jpeg,MISSING,0.828102455,Øbjerggaard,0.650460746
1742768.jpeg,MISSING,0.753837527,Kb,0.951085177
1706227.jpeg,1-6-50.,0.635607760,Hestehaven. Hillerød,0.266956654
1728518.jpeg,7/5-1940. | 7/5-40,0.110109124,Ærø Svendborg Amt,0.083967869
1728569.jpeg,MISSING,0.764828736,MISSING,0.475789633
1709986.jpeg,9-8-1973,0.410139436,Høvblege,0.720863898
1744462.jpeg,17.7.74,0.045350106,Esbjerg,0.885434980
1707512.jpeg,22-5-1965,0.552133980,V.Sjælland Røsnæs Kongstrup. Kl,0.149321006
1744528.jpeg,MISSING,0.723240376,Falster,0.658184298
1744631.jpeg,15/2 1934. | 15/2 34,0.114565020,Rudkøbing Svendborg Amt | Ru,0.168035768
1706120.jpeg,MISSING,0.953461655,MISSING,0.560451652
1707981.jpeg,MISSING,0.855134889,Kb,0.967720521
1743528.jpeg,MISSING,0.741063959,MISSING,0.468066081
1710397.jpeg,13.5.1915,0.396177630,rg. Elbæk Strandsk,0.050697181
1707493.jpeg,4-6-1916.,0.553619279,Hjørring,0.820378903
1706259.jpeg,15. 6. 90,0.630854804,Jægerspris,0.633825402
1708463.jpeg,MISSING,0.848599576,MISSING,0.521239770
1709551.jpeg,MISSING,0.787702334,MISSING,0.487077902
1743765.jpeg,10/8 1930.,0.357856926,"Jyll., Holmsld",0.403901182
1706818.jpeg,24-VIII-1967,0.313000909,SJÆLLAND NYKØBING: RØRVIG V. DYBESØ,0.134765080
1705504.jpeg,MISSING,0.984949985,MISSING,0.573522279
1708880.jpeg,26-10-1972,0.484107305,Marselisborg Dyrh.,0.111594423
1705716.jpeg,MISSING,0.971285238,MISSING,0.567581085
1708891.jpeg,4-10-1972,0.481730828,MARSELISBORG,0.596395878
1743897.jpeg,13/6 1954,0.337656866,"Ørgaard Nors, Thy",0.334983328
1707489.jpeg,14.5-1914,0.266065474,Vamdrup,0.802852380
1709172.jpeg,MISSING,0.811467111,MISSING,0.492424977
1706374.jpeg,MISSING,0.936232192,MISSING,0.553916338
1705872.jpeg,8.4.1933,0.018911791,Agersø,0.654916641
1707337.jpeg,MISSING,0.900287966,Bornholm,0.643034253
1709287.jpeg,MISSING,0.808793574,Kb,0.962076387
1706118.jpeg,MISSING,0.953758715,MISSING,0.560748712
1744685.jpeg,10-5-1956,0.198632919,Kongelunden,0.638578357
1743055.jpeg,15.10.21,0.367362837,Dyrehaven,0.085750227
1706351.jpeg,MISSING,0.939796908,Ti,0.579463474
1705817.jpeg,MISSING,0.965046984,Dyrehaven,0.798990603
1708453.jpeg,MISSING,0.014455896,MISSING,0.523022128
1707074.jpeg,MISSING,0.916329191,MISSING,0.546786905
1709790.jpeg,25.4.1986,0.154668081,Svinø strand,0.445489542
1706363.jpeg,MISSING,0.937420430,MISSING,0.185265232
1708738.jpeg,MISSING,0.841470142,MISSING,0.514110336
1744439.jpeg,8.5.25,0.040300091,Saltholm,0.808793574
1709321.jpeg,5-6-1922,0.453510155,Dyrehaven,0.659075477
1705916.jpeg,1-7-1917,0.079511973,Tornby,0.654322522
1709320.jpeg,12-5-1913,0.453807214,Dyrehaven,0.731260988
1742824.jpeg,13/5-1892,0.380433465,Horsens,0.845926038
1705768.jpeg,23-5-1915,0.303494998,Skagen,0.908605638
1707029.jpeg,16/9 1934. | 16/9 34,0.108920885,Hvidkilde Svendborg Amt | Hv,0.134468021
1707033.jpeg,29-5-38,0.274086087,Grib,0.665610791
1707076.jpeg,MISSING,0.915735071,MISSING,0.546192786
1707244.jpeg,MISSING,0.908011519,MISSING,0.542033950
1728469.jpeg,MISSING,0.770175811,MISSING,0.176650500
1708667.jpeg,MISSING,0.844737799,MISSING,0.517377993
1743504.jpeg,4/6 1870,0.030497120,Bækkegård Bornholm,0.097929676
1707978.jpeg,29/5.1870,0.521833889,Dyrehaven | Kb,0.423210064
1709588.jpeg,16/4 96,0.094662019,Utterslev,0.336171567
1707122.jpeg,19.7.10 | 27.7.1918,0.271412549,Dyreh. | Fortunens Indl,0.115456199
1706218.jpeg,17-6-1922,0.181403456,Dyrehaven,0.768393453
1708735.jpeg,24. 9. 1884,0.494207336,Randers,0.668284329
1705660.jpeg,15.7.37,0.305871476,Sose,0.667690209
1707327.jpeg,MISSING,0.902664444,Bornholm,0.697693240
1706157.jpeg,MISSING,0.946332222,Lolland,0.870879054
1709163.jpeg,MISSING,0.813843589,MISSING,0.494801455
1705509.jpeg,MISSING,0.984058806,Boserup,0.891673234
1709590.jpeg,11-5,0.065847226,Dyrehaven,0.109217945
1709121.jpeg,19-9-1953,0.467471961,Dyrehaven,0.737499242
1706954.jpeg,26/5.1870,0.276165505,Dyrehaven,0.764234617
1743853.jpeg,10-6-63,0.345083359,Faxe,0.931479236
1705736.jpeg,MISSING,0.968908760,MISSING,0.565501667
1744571.jpeg,MISSING,0.716110943,Kb,0.943361625
1709334.jpeg,14-9-1953,0.130606244,Dyrehaven,0.729775690
1705874.jpeg,8.9.1933,0.018614732,Agersø,0.584216429
1743569.jpeg,3/7.1872,0.364095180,SS | Næstved,0.387859958
1743572.jpeg,MISSING,0.735122764,SS,0.979602910
1705676.jpeg,3/6.1870,0.682543195,Rønne,0.922864504
1706855.jpeg,MISSING,0.927914520,MISSING,0.550945741
1706992.jpeg,MISSING,0.919893907,Lolland,0.866126099
1709420.jpeg,27.IV.2022,0.437765990,"DENMARK: NEZ: Helsingør, Grønne Vestkile, 56.0375N, 12.5598E",0.228933010
1743039.jpeg,28/5-16.,0.369739315,Dragør,0.897317369
1708719.jpeg,1-10.37,0.249133071,Ravneholm,0.392909973
1710372.jpeg,22.7.1986,0.400039406,Uglestrup Mose,0.309436193
1743571.jpeg,MISSING,0.735419824,SS,0.979899970
1707229.jpeg,30-8-1978,0.575304638,Wedellsborg,0.382215823
1710353.jpeg,26-8-1956,0.403010003,Nekselø S.,0.390830555
1708401.jpeg,22.9.18,0.097038497,Holte,0.881870264
1709782.jpeg,14.IV.1995,0.424992422,LFM PF67 MALTRUP,0.360233404
1709119.jpeg,8-9-1970,0.467769021,Løsø,0.052776599
1707279.jpeg,17.6.1924,0.570848742,Slotved Skov,0.614813580
1706005.jpeg,14.V.2011,0.655213701,Røsnæsgd. NWZ,0.285077296
1705557.jpeg,31/5.1896,0.308247954,Ålbæk,0.883652622
1707339.jpeg,MISSING,0.899693847,Bornholm,0.296959685
1743916.jpeg,3.6.1963,0.124367990,Frederikhøj. nord. f. Hadsund,0.136547439
1705677.jpeg,3/6.1870,0.151400424,Rønne,0.927914520
1709086.jpeg,15-9-1912,0.470739618,Holte,0.922270385
1709244.jpeg,16/4.1870,0.235171264,Dyrehaven,0.787999394
1709944.jpeg,22/7 1922,0.414001212,København,0.721160958
1707861.jpeg,MISSING,0.861373143,MISSING,0.526883904
1707701.jpeg,MISSING,0.875929069,MISSING,0.532825099
1706057.jpeg,19.6.1942,0.646004850,Femmøller,0.772255229
1709199.jpeg,26.9.1977.,0.462124886,Dyrehaven,0.733934526
1707974.jpeg,MISSING,0.856026069,MISSING,0.525101546
1744441.jpeg,8.5.25,0.326071537,Saltholm,0.808496514
1707311.jpeg,5.6.22,0.566392846,Dyrehaven,0.332309791
1707519.jpeg,13/6 1954,0.551539861,"Ørgaard Nors, Thy",0.337062746
1705975.jpeg,86.,0.012673537,MISSING,0.561639891
1709145.jpeg,26.8.87,0.236953622,Harboør,0.656401940
1707121.jpeg,28.7.18,0.271709609,Dyrehaven,0.795425887
1744565.jpeg,MISSING,0.717002122,Kb,0.830478933
1706486.jpeg,MISSING,0.931776296,Al,0.838796605
1708481.jpeg,28-8-1963,0.502227948,GANLØSE EGEDE,0.320427402
1706504.jpeg,15/6 1871,0.615704759,Dronninglund,0.425586541
1706457.jpeg,14/6 1871,0.145162170,Jydske Aas.,0.382809942
1706372.jpeg,62,0.289236132,Rørvig,0.700366778
1710364.jpeg,26-8-1956,0.401227645,Nekselø S.,0.401524704
1742766.jpeg,MISSING,0.754431646,Kb,0.916626250
1728581.jpeg,10. 6. 1979.,0.385780540,Østrig,0.898802667
1708485.jpeg,12.IV.1984,0.501633828,NWZ: Sanddobberne,0.255668384
1743580.jpeg,MISSING,0.733340406,Boserup,0.843846620
1709156.jpeg,19.9.75,0.236656563,MISSING,0.496286754
1708713.jpeg,29.3.1975.,0.498069112,Tykskov v. Brande,0.313595029
1706087.jpeg,3/6.1870,0.150509245,Rønne,0.926132161
1708035.jpeg,12/5 1922,0.255965444,Dyrehaven,0.744331616
1705782.jpeg,4-8.1912,0.303197939,Frederikslund,0.443113065
1706763.jpeg,24/7 1934.,0.613922401,Ebeltoft,0.578869354
1742743.jpeg,MISSING,0.759184601,Dyrehaven,0.779978781
1743826.jpeg,16.6.1929,0.348945135,Lellinge skov,0.439251288
1706770.jpeg,31/7 1948,0.106247348,Stensbæk Plantage Sønderjylland,0.239033040
1709766.jpeg,23-10-1955,0.427963019,Dyrehaven,0.722349197
1706002.jpeg,26/V 2004,0.029011822,Moesgård Skov EJ,0.013564717
1708032.jpeg,17/8-19.,0.518863292,Ørholm St.,0.366174598
1706913.jpeg,25.9.21,0.278244923,Dyrehaven,0.350727493
1710345.jpeg,19-7-1959,0.405089421,S.Sjælland Mogenstrup,0.258341922
1706378.jpeg,8/6 62,0.028417702,Rørvig,0.913358594
1742795.jpeg,MISSING,0.749084571,Boserup,0.846520158
1708714.jpeg,29.3.1975.,0.497772052,Tykskov v. Brande,0.308545014
1706346.jpeg,MISSING,0.940688087,Ti,0.975741134
1708852.jpeg,15-XI-1976,0.487374962,Ejstrupholm,0.640063656
1707577.jpeg,12.6.1999,0.544113368,Tolne Bakker,0.446974841
1705831.jpeg,5/1870,0.301415580,Dyrehaven,0.612437102
1707634.jpeg,6/1871,0.105356169,Vendsyssel,0.394692331
1705541.jpeg,31-5-1917,0.696802061,Vraa,0.937717490
1728479.jpeg,MISSING,0.768393453,Lolland,0.849787814
1706096.jpeg,MISSING,0.956729312,Dyrehaven,0.798099424
1709404.jpeg,27.IV.2022,0.441924826,"DENMARK: NEZ: Helsingør, Grønne Vestkile, 56.0375N, 12.5598E",0.231012428
1709542.jpeg,MISSING,0.790078812,Lolland,0.854243710
1706995.jpeg,MISSING,0.919002728,Lolland,0.865234920
1707892.jpeg,7-3-1972,0.531042740,EJSTRUPHOLM,0.641548954
1708374.jpeg,5-5-49,0.513813277,''Østerlide'',0.061985450
1707682.jpeg,MISSING,0.879493786,MISSING,0.182888754
1742746.jpeg,MISSING,0.758293422,Øbjerggaard,0.638875417
1708863.jpeg,26.10.72,0.086344347,Marselisb. Sk.,0.291909670
1707023.jpeg,27/8 1911,0.590157624,Dyrehaven,0.763343437
1706056.jpeg,22.6.1942,0.646301910,Femmøller,0.612140042
1707837.jpeg,MISSING,0.864640800,MISSING,0.529854501
1742775.jpeg,5/1870,0.124665050,Dyrehaven,0.367362837
1708683.jpeg,14.10.28.,0.500148530,Springforbi,0.363798121
1742992.jpeg,29-5-1952,0.377759927,Dyrehaven,0.717002122
1743713.jpeg,MISSING,0.729478630,MISSING,0.465689603
1708012.jpeg,11-5-84,0.022179448,Klampenborg Dyrehave,0.019505911
1743966.jpeg,26.8.87,0.201900576,Harboør,0.069411943
1707326.jpeg,MISSING,0.902961503,Bornholm,0.821567142
1708855.jpeg,1-11-1959,0.156747499,Silkeborg,0.742252198
1744619.jpeg,18/5/890,0.060500152,Seloø Strand,0.058420734
1710357.jpeg,26-8-1956,0.402415884,Nekselø S.,0.676007881
1708790.jpeg,MISSING,0.191800546,MISSING,0.509060321
1707885.jpeg,1-11-1964,0.259827220,Silkeborg,0.748193392
1744681.jpeg,9.5.86,0.013564717,Donse,0.013861776
1705727.jpeg,MISSING,0.970096999,MISSING,0.566392846
1744616.jpeg,29/5-98,0.138923916,ydre Bjerrum,0.091097302
1709448.jpeg,20.V. 1916,0.154965141,Tg. Madum Sø,0.040300091
1705692.jpeg,MISSING,0.975147014,Bo,0.977226432
1707906.jpeg,26.9.1922,0.528072143,Dyrehaven,0.747005153
1709017.jpeg,MISSING,0.818299485,MISSING,0.500445590
1709914.jpeg,MISSING,0.189721128,Amserin. Son.,0.010000000
1706361.jpeg,MISSING,0.938014550,MISSING,0.185859351
1709414.jpeg,27.IV.2022,0.438954229,"DENMARK: NEZ: Helsingør, Grønne Vestkile, 56.0375N, 12.5598E",0.216159442
1707788.jpeg,6/1862,0.103276751,Jægerspris,0.030794180
1707555.jpeg,9-6-1954,0.549460443,Paradisbakkerne Bornh.,0.138032737
1707162.jpeg,MISSING,0.915438012,MS,0.918408609
1708403.jpeg,21.9.19,0.251806608,Holte,0.804931798
1706242.jpeg,9-6-1971,0.292206729,Læsø,0.894346772
1709528.jpeg,MISSING,0.792752349,Kb,0.956135192
1706360.jpeg,MISSING,0.938311610,MISSING,0.555104577
1709531.jpeg,MISSING,0.792158230,MISSING,0.489454380
1708729.jpeg,20.10.1946,0.495098515,rø. Salten,0.034655956
1705611.jpeg,MISSING,0.977820552,MISSING,0.568769324
1708020.jpeg,MISSING,0.850381934,MISSING,0.523616247
1707966.jpeg,MISSING,0.857511367,Falster,0.888702637
1705905.jpeg,31/5-1930 | 31/5-30,0.667393149,Ærø Svendborg Amt,0.325180358
1743587.jpeg,MISSING,0.731855108,MISSING,0.466877842
1744644.jpeg,22-5-1955 | 22-5-1955 | 22-5-1955 | 22-5-1955,0.088720824,Skallingen | Skallingen | Skallingen | Skallingen,0.123773871
1710343.jpeg,26-8-1956,0.405683540,Nekselø S.,0.677790239
1706021.jpeg,19.V.2022,0.652837223,"Denmark: Samsø: EJ: Følsdal Bakke, 55.9922N, 10.5515E, h30m",0.197444680
1743972.jpeg,MISSING,0.727399212,MISSING,0.462124886
1708476.jpeg,MISSING,0.846223098,MISSING,0.518863292
1707790.jpeg,76/1862,0.040003031,Jægerspris,0.591345862
1709436.jpeg,27.IV.2022,0.434201273,"DENMARK: NEZ: Hellebæk Avlsgård, Kohave, 56.0554N, 12.5439E",0.227447711
1705987.jpeg,8-7-1951,0.657887239,Nivå,0.936529251
1705626.jpeg,26-6-1955,0.689375568,Lindholm,0.708684450
1743747.jpeg,27.7.03,0.165956350,Funder,0.702743256
1705653.jpeg,7 1883,0.027526523,Vojens,0.911576235
1744563.jpeg,MISSING,0.717596241,Kb,0.944252804
1709894.jpeg,MISSING,0.781167020,Kb,0.955244013
1744672.jpeg,MISSING,0.709575629,MISSING,0.456183692
1706142.jpeg,MISSING,0.949599879,Bo,0.834340709
1705832.jpeg,MISSING,0.963561685,Odense,0.914546832
1707785.jpeg,76/1862,0.038814792,Jægerspris,0.030200061
1706865.jpeg,4.7-72,0.279730221,Buresø NS,0.020694150
1709167.jpeg,MISSING,0.812655350,MISSING,0.493613216
1708467.jpeg,MISSING,0.847708396,MISSING,0.520645650
1728601.jpeg,17.7.1949,0.382512883,Saltholm,0.812358290
1708812.jpeg,MISSING,0.833746590,MISSING,0.508763262
1707321.jpeg,MISSING,0.904149742,Dyrehaven,0.577086996
1706295.jpeg,23.VII.2021,0.626101849,"DENMARK: NWJ, Sundsøre, 56.71N, 9.17E, 10 m",0.147835708
1706405.jpeg,21.VII.2004 | 21.VII.2004,0.102385571,Lodskovvad NEJ | Lodskovvad NEJ,0.135953319
1709574.jpeg,5/5 1890,0.170115186,Saltesø Skov.,0.297850864
1742769.jpeg,MISSING,0.753540467,Kb,0.950788118
1710337.jpeg,23-6-1961,0.407168839,"MidtJylland Galgehøj, Hjarbæk",0.225962413
1742810.jpeg,4.79,0.215268263,Nasby,0.170115186
1709534.jpeg,5/1870,0.230418309,Dyrehaven,0.723537436
1706088.jpeg,MISSING,0.958808730,Veilø Bugt.,0.092879661
1707128.jpeg,28.7.18,0.271115490,Dyrehaven,0.694722643
1709165.jpeg,MISSING,0.813249470,MISSING,0.494207336
1706400.jpeg,21.VII.2004,0.621051834,Lodskovvad NEJ,0.352509851
1709481.jpeg,MISSING,0.801664141,Dyrehaven,0.785028797
1708342.jpeg,22-9-36,0.254777205,Bovbj.,0.062579570
1709549.jpeg,MISSING,0.788296453,MISSING,0.487672022
1705926.jpeg,29-7-49.,0.663531373,Asserbo,0.872364353
1706943.jpeg,26/5 1870,0.591642922,Dyrehaven,0.604713550
1707373.jpeg,MISSING,0.894643831,MISSING,0.184374053
1708960.jpeg,7/9.1870,0.061094271,Bornholm,0.316862686
1709560.jpeg,IV. 91.,0.229527129,Sondbg,0.114862079
1706440.jpeg,14/6.1871,0.159123977,Dronninglund,0.119615035
1706265.jpeg,MISSING,0.195662322,MISSING,0.376274629
1706442.jpeg,14/6.1871,0.132091543,Dronninglund,0.203385875
1707420.jpeg,7/7.1906,0.562828130,Lønstrup,0.312703850
1706517.jpeg,15/6 71,0.083373750,Dronninglund,0.351915732
1707237.jpeg,MISSING,0.909793877,MISSING,0.543816308
1706403.jpeg,21.VII.2004 | 21.VII.2004,0.102682631,Lodskovvad NEJ | Lodskovvad NEJ,0.136250379
1728585.jpeg,10.6.1979,0.385186420,Østrig,0.897911488
1706070.jpeg,30.5.1903,0.644222492,Halk,0.666799030
1707879.jpeg,MISSING,0.859590785,Sorø,0.424992422
1705473.jpeg,7/1870,0.700069718,Ørholm,0.339439224
1706873.jpeg,26-7-1951,0.598772355,Nivå,0.935638072
1706821.jpeg,Juni 1942,0.606792968,Rønshoved Rinkenæs,0.172491664
1708433.jpeg,21-X 1983,0.505495605,BOVBJERG,0.577978175
1708964.jpeg,MISSING,0.826617157,Kb,0.965344044
1709324.jpeg,13-4-49,0.452618975,Dyrehaven,0.730963928
1709840.jpeg,19.7.1928,0.417862989,Dronninglund,0.419051228
1707705.jpeg,Juli 77,0.066441346,MISSING,0.151103365
1743772.jpeg,28/7 1930,0.357262807,Orø,0.025447105
1706044.jpeg,20.5.34,0.648678387,Reersø,0.906229160
1743056.jpeg,15.10.21,0.367065778,Dyrehaven,0.778493483
1743542.jpeg,MISSING,0.740172780,Øbjerggård,0.414595332
1709346.jpeg,7/6 1949,0.072085480,Stensbæk Plantage Sønderjylland,0.232497727
1708771.jpeg,MISSING,0.705713853,MISSING,0.117832677
1705442.jpeg,4.6.19,0.312406790,Thorsager,0.801367081
1707846.jpeg,MISSING,0.862561382,MISSING,0.528072143
1744663.jpeg,29/5 98,0.199227038,ydre Bjerrum,0.275571385
1709769.jpeg,2o-5-1956,0.174868142,JægersprisNord skov,0.300821461
1707648.jpeg,MISSING,0.883652622,Kjøbenhavns Omegn,0.246162473
1706328.jpeg,5/1857,0.075056078,Rørvig,0.259530161
1707941.jpeg,15.10.21,0.522725068,Dyrehaven,0.588969385
1707071.jpeg,MISSING,0.916923310,MISSING,0.547381025
1707907.jpeg,26.9.1922,0.527775083,Dyrehaven,0.364392240
1743986.jpeg,13.IX.1986,0.329636253,NWZ: Audebo,0.345677478
1706159.jpeg,MISSING,0.945738102,Lolland,0.870284935
1709024.jpeg,13/9 1887.,0.474898454,København,0.740469839
1709412.jpeg,27.IV.2022,0.439548348,"DENMARK: NEZ: Helsingør, Grønne Vestkile, 56.0375N, 12.5598E",0.248538951
1706164.jpeg,1/8.1901,0.640063656,Sandager Lolland,0.348945135
1707962.jpeg,MISSING,0.858402546,Falster,0.171600485
1705929.jpeg,7-6-49.,0.662640194,Tisvilde,0.824537739
1728519.jpeg,10/4 1935. | 10/4 35,0.107732646,Ærø Svendborg Amt,0.081294332
1708776.jpeg,MISSING,0.836123068,MISSING,0.510842680
1707782.jpeg,16/1862,0.045053046,Jægerspris,0.029605941
1709495.jpeg,MISSING,0.798099424,Dyrehaven,0.783246438
1708357.jpeg,13-5-1910,0.514704456,Knudshoved,0.631745984
1708868.jpeg,26.10.72,0.244677175,Marselisb.Sk.,0.098226735
1708980.jpeg,MISSING,0.824834798,MISSING,0.180809336
1707400.jpeg,MISSING,0.890782055,MISSING,0.538469233
1709302.jpeg,9/5.1901,0.456183692,Ved Kjeldskov,0.329339194
1707552.jpeg,19-6-1955,0.550054562,Hvorup,0.903852683
1728456.jpeg,MISSING,0.773146408,Kb,0.953758715
1707860.jpeg,MISSING,0.861670203,MISSING,0.527180964
1708461.jpeg,MISSING,0.849193695,MISSING,0.521833889
1707130.jpeg,18.8.61 | 28.7.18 | 4.9.62 | 3.8.63,0.068520764,Dyrehaven | Dyrehaven | Dyrehaven | Dyrehaven,0.114565020
1728517.jpeg,3/5 1934 | 3/5-34,0.217941801,Rudkøbing Svendborg Amt | Ru,0.190612307
1709511.jpeg,MISSING,0.795722946,Kb,0.959105790
1743789.jpeg,31/7 1934 | 31/7 34,0.107138527,Ærø Svendborg Amt | Æ,0.169224007
1709444.jpeg,26.9.1922 | 21.4.1912,0.102088512,Dyrehaven | Holte,0.166253410
1709869.jpeg,12/7.1870,0.416971810,Ørholm,0.901179145
1710371.jpeg,22. 7. 1986,0.400336466,Uglestrup Mose,0.309733253
1743493.jpeg,6/6.1870,0.365283419,Bo | Østerlars,0.347459836
1709350.jpeg,MISSING,0.805228857,MISSING,0.490345559
1743760.jpeg,25/7 1930,0.358451046,Taasinge,0.421130646
1707743.jpeg,9.VI.1982,0.537280994,Skallingen WJ,0.051291300
1728530.jpeg,1-3-59,0.389939376,Dyrehaven,0.719378600
1743807.jpeg,30.6.1924,0.054261898,Hjørring,0.809981813
1705769.jpeg,23-5-1915,0.675413762,Skagen,0.908308578
1706980.jpeg,MISSING,0.922864504,MISSING,0.184968172
1707524.jpeg,13/6 1954,0.550945741,"Ørgaard Nors, Thy",0.336765687
1708780.jpeg,MISSING,0.835231888,MISSING,0.509951500
1706880.jpeg,22.9.1996,0.597584116,Dyrehaven,0.765125796
1728583.jpeg,10.6.1979,0.217050621,Østrig,0.898208548
1707058.jpeg,1.7.28,0.584810549,Eremitagen,0.686702031
1707261.jpeg,11.8. 1993,0.574710518,"Lindeskov, Falster",0.207247651
1705764.jpeg,24-5-1915,0.676007881,Skagen,0.909793877
1708434.jpeg,21-X-1983,0.068817824,TRANS,0.274977266
1709781.jpeg,14.IV.1995,0.425289482,LFM PF67 MALTRUP,0.342409821
1728570.jpeg,MISSING,0.764531676,MISSING,0.475492574
1705811.jpeg,MISSING,0.966532283,Dyrehaven,0.799584723
1705959.jpeg,16.6.1929,0.298147924,Bellinge skov,0.094662019
1743546.jpeg,MISSING,0.739281600,Øbjerggaard,0.605307669
1708715.jpeg,30.3.1975.,0.497474992,Harrild hede,0.599960594
1707179.jpeg,MISSING,0.913061534,MS,0.244974235
1728516.jpeg,3/5 1934. | 3/5-34,0.218238860,Rudkøbing Svendborg Amt | Ru,0.219427099
1705650.jpeg,1883,0.306168536,Vojens,0.915140952
1707573.jpeg,23/5 1981,0.545301607,DYREHAVEN,0.749678691
1706406.jpeg,21.VII.2004 | 21.VII.2004,0.112188542,Lodskovvad NEJ | Lodskovvad NEJ,0.129418005
1710358.jpeg,26-7-1951,0.402118824,Nivå,0.933261594
1709473.jpeg,MISSING,0.803446499,Dyrehaven,0.278244923
1743712.jpeg,13/5 1892,0.362906941,Horsens,0.842658381
1705927.jpeg,12-6-43,0.663234313,Sandbjerg,0.772849348
1705882.jpeg,6-7.37,0.100009094,Trelde,0.345380418
1705631.jpeg,21.7.1974.,0.688781449,Rø,0.977820552
1709292.jpeg,MISSING,0.807605335,Kb,0.960888148
1707303.jpeg,18.5.1929,0.566986966,Hovslund,0.381324644
1708419.jpeg,25.-9.-1960,0.251212489,Jægerspr. N.sk.,0.171897545
1743811.jpeg,16.6.1929,0.207544711,Bellinge skov,0.094364959
1743585.jpeg,MISSING,0.732152167,Boserup,0.886326159
1706075.jpeg,26.5.1937,0.295771446,Hovslund,0.396177630
1709850.jpeg,23-7.22,0.093770840,Tisvilde,0.705119733
1728521.jpeg,3/5 1934. | 3/5-34,0.109812064,Rudkøbing Svendborg Amt | Ru,0.188532889
1708871.jpeg,26-10-1972,0.485889664,Marselisborg Dyreh,0.247350712
1709880.jpeg,12/7.1870,0.415189451,Ørholm,0.433310094
1707857.jpeg,6.6.92,0.260718400,Kulhuus,0.108920885
1705884.jpeg,6/7 1932,0.669769627,Sandvig,0.873849651
1743749.jpeg,27.7.03,0.360233404,Funder,0.896129130
1706236.jpeg,30.5 1964,0.633825402,V.Sjælland Røsnæs Kongstrup Kl,0.239924219
1710402.jpeg,5. 5. 1916,0.395583510,Hansted Sk.,0.310624432
1709423.jpeg,27.IV.2022,0.436874811,"DENMARK: NEZ: Helsingør, Grønne Vestkile, 56.0375N, 12.5598E",0.214674144
1708929.jpeg,22.8.02,0.046241285,Horsager,0.062282510
1707086.jpeg,29-5-1951,0.582137011,Dyrehaven,0.759481661
1744689.jpeg,10-5-1956,0.319536223,Kongelunden,0.380136405
1706426.jpeg,17/6.1871,0.618081237,Dronninglund,0.345083359
1706391.jpeg,1.7.2000,0.622834192,Lodskovvad,0.689969688
1743904.jpeg,24/7 1948,0.336468627,Stensbæk Plantage Sønderjylland,0.221803577
1709006.jpeg,MISSING,0.819487724,Lolland,0.856323128
1708371.jpeg,17.-4.-45.,0.253291907,''Svinget'' ov.,0.046241285
1708458.jpeg,14.9.09,0.502525008,Skagen,0.607090027
1706348.jpeg,MISSING,0.940391028,Ti,0.917814489
1706059.jpeg,7. 6. 1914,0.645410731,Gentofte,0.580651713
1709340.jpeg,19-9-1953,0.058123674,Dyrehaven,0.728884510
1706431.jpeg,17/6.1871,0.118129736,Dronninglund,0.343003941
1706099.jpeg,MISSING,0.956135192,Veilø Bugt,0.268739012
1707182.jpeg,MISSING,0.912170355,MS,0.164173992
1708480.jpeg,MISSING,0.845331919,MISSING,0.517972113
1706831.jpeg,1.7.28.,0.604713550,Eremitagen,0.688781449
1707883.jpeg,7-11-1965,0.532528039,Grejs Jylland,0.311515611
1743955.jpeg,7-6-1971,0.203682934,Læsø,0.050994241
1708992.jpeg,MISSING,0.822161261,MISSING,0.501930888
1709452.jpeg,8.V. 1917,0.170412246,Hansted,0.692940285
1743822.jpeg,16.6.1929,0.349539254,Lellinge skov,0.418160048
1707678.jpeg,MISSING,0.880087905,MISSING,0.183185814
1708915.jpeg,10. 10. 1884,0.477869051,Erlev,0.804634738
1707677.jpeg,6/1870,0.137141558,Bornholm,0.623428312
1706395.jpeg,2.7.2000,0.621943013,Lodskovvad,0.689375568
1709381.jpeg,26.3.1973,0.446974841,Dyrehaven,0.725319794
1707412.jpeg,21-5-86,0.267550773,Esbjerg,0.890187936
1742819.jpeg,22/5.1917,0.214674144,Vester Ulslev Vestermosen,0.209327069
1728486.jpeg,6.1914,0.393207032,Silkeborg,0.780572901
1705997.jpeg,23-7-44,0.167738709,DANMARK | Stasevang,0.301118521
1709104.jpeg,10-9 1935,0.238735981,Jy. Herning Brændgaard,0.232794786
1707435.jpeg,28/5 1911,0.560748712,Hornbæk,0.618972416
1705636.jpeg,5-6-18.,0.306465596,Læsaa. Bornh.,0.285374356
1743875.jpeg,6-9-49,0.340627463,Sønderskov. Høvelte,0.282403759
1707688.jpeg,MISSING,0.089909063,Tiis-Sø,0.348648075
1705826.jpeg,13/5..1870.,0.301712640,Aldershvile | NS,0.063767808
1709957.jpeg,MISSING,0.774631707,MISSING,0.479651410
1707779.jpeg,6/1862,0.142191573,Jægerspris,0.028714762
1709021.jpeg,MISSING,0.817705365,MISSING,0.499851470
1707065.jpeg,7/6 89,0.137735677,Harboør,0.629666566
1706998.jpeg,MISSING,0.918111549,Lolland,0.864343741
1705567.jpeg,7. Sep. 1942,0.695613822,Ø. Assels Mors,0.413704153
1742799.jpeg,MISSING,0.748193392,MISSING,0.472819036
1706765.jpeg,10/8 1930.,0.613328281,"Jyll, Holmsland",0.259827220
1709048.jpeg,19-9-86,0.140706275,Klitmuller,0.084859048
1708957.jpeg,7/9 870.,0.048023644,Bornholm,0.089017884
1708462.jpeg,MISSING,0.848896635,MISSING,0.521536829
1709973.jpeg,17-7-51.,0.411327675,Stubbergaard Sevel,0.193285844
1707060.jpeg,23-9-1973,0.272897848,Dyrehaven,0.589266444
1707180.jpeg,MISSING,0.912764474,NS,0.026041225
1707778.jpeg,8 6/1862,0.030200061,Jægerspris,0.031685359
1707200.jpeg,MISSING,0.910982116,MISSING,0.545004547
1706884.jpeg,14-7-14,0.149618066,Raageleje,0.797505305
1728454.jpeg,MISSING,0.773443468,Kb,0.980197029
1707560.jpeg,26-6-1955,0.548272204,Lindholm,0.819190664
1708465.jpeg,MISSING,0.848302516,MISSING,0.169818127
1706994.jpeg,MISSING,0.919299788,Lolland,0.865531979
1743908.jpeg,23/6-29/6 1942,0.335874507,Hagebro v. Skive,0.055153077
1707018.jpeg,25/5 85,0.274680206,Lorup,0.442816005
1707480.jpeg,5-6-1922,0.126150349,Dyrehaven,0.794534707
1705643.jpeg,8.8.1936,0.686999091,Arnager,0.037923613
1708932.jpeg,MISSING,0.827805396,Øbjerggård,0.420536526
1706474.jpeg,MISSING,0.933558654,Al,0.986138224
1705616.jpeg,21-6-1956,0.690860867,V.F. Høvblege Møn,0.343301000
1707061.jpeg,23-6-1977,0.272600788,Dyrehaven,0.695019703
1707595.jpeg,21.6.32,0.542033950,Skagen,0.903555623
1708742.jpeg,10/1872,0.166550470,Veile,0.331121552
1742802.jpeg,MISSING,0.747896332,MISSING,0.472521976
1705527.jpeg,MISSING,0.981682328,Falster,0.878602607
1706018.jpeg,19.V.2022,0.653431343,"Denmark: Samsø: EJ: Følsdal Bakke, 55.9922N, 10.5515E, h30m",0.198038800
1706957.jpeg,MISSING,0.925538042,Dyrehaven,0.763937557
1743816.jpeg,16.6.1929,0.350430433,Hellinge skov,0.095850258
1744702.jpeg,10-5-1956,0.129418005,Kongelunden,0.636498939
1743804.jpeg,19.8.1941,0.352806911,Als - Hurup,0.057826614
1709815.jpeg,12.IV.2011,0.419942407,Sukkertoppen EJ,0.327853895
1707515.jpeg,22-5-1965,0.551836920,V.Sjælland Røsnæs Kongstrup Kl,0.113673841
1706505.jpeg,15/6 71,0.282997878,Dronninglund bakker,0.162688694
1728504.jpeg,7/5 96,0.139518036,Damhus-mosen,0.097335556
1705441.jpeg,27.5.22,0.701257957,Søllerød,0.829884814
1707501.jpeg,16-5-1976,0.553322219,Jægerspr. NSJ,0.056638375
1709765.jpeg,23-10-1955,0.428260079,Dyrehaven,0.722646256
1707281.jpeg,18.6.32,0.570551682,Skagen,0.904743862
1742710.jpeg,18.5.1929,0.382215823,Hovslund,0.383404062
1744641.jpeg,22-5-1962,0.200118218,Skallingen,0.672443165
1705675.jpeg,3/6.1870,0.133279782,Rønne,0.708387390
1706330.jpeg,MISSING,0.942767505,MISSING,0.556292816
1706397.jpeg,21.VII.2004,0.621645953,Lodskovvad NEJ,0.381621704
1706085.jpeg,13/6.1870,0.061391331,Rønne,0.805525917
1707733.jpeg,MISSING,0.873552592,MISSING,0.530745681
1705909.jpeg,8-6-1914,0.150806305,Vamdrup,0.873255532
1742826.jpeg,13/5 1892,0.379839345,Dyrehaven,0.717596241
1705856.jpeg,26.7.1903,0.670660806,Fandskov,0.072679600
1707842.jpeg,MISSING,0.863452561,MISSING,0.528963322
1708905.jpeg,22.8.1915,0.479651410,Horsens,0.653134283
1709498.jpeg,MISSING,0.797208245,Dyrehaven,0.723834495
1728495.jpeg,15/4 1910,0.218832980,Vester Ulslev,0.432418915
1706974.jpeg,29/5 1870,0.157638678,Dyrehaven | Kb,0.342112761
1708696.jpeg,MISSING,0.843846620,MISSING,0.516783874
1706332.jpeg,MISSING,0.942173386,MISSING,0.555698697
1705638.jpeg,2-VI-1975,0.687593210,Ejstrupholm,0.642143074
1706836.jpeg,19-9-1953,0.603822370,Dyrehaven,0.635607760
1744463.jpeg,17.7. 24,0.113970900,Esbjerg,0.806714156
1708705.jpeg,MISSING,0.842064262,MISSING,0.514704456
1706001.jpeg,10.VIII 1997,0.297256744,Esbær,0.056935435
1706036.jpeg,5-10.47,0.296662625,Kongelunden,0.605901788
1706278.jpeg,18-6-1956,0.629963625,Redsle Fl.,0.392018794
1709959.jpeg,12/7 1939,0.412515914,Ærø Svendborg Amt,0.324586238
1706365.jpeg,MISSING,0.937123371,MISSING,0.554807517
1743936.jpeg,22-5-1965,0.333200970,V.Sjælland Røsnæs Kongstrup Kl,0.242597757
1707881.jpeg,23/10 1870,0.532825099,Dyrehaven,0.628181267
1706930.jpeg,19/5.1870,0.277947863,Dyrehaven,0.375383450
1706923.jpeg,5.6.22,0.037329494,Dyrehaven,0.797208245
1744655.jpeg,17-6-1911,0.321318581,Asminderød,0.671254926
1707254.jpeg,MISSING,0.905337981,Dyrehaven,0.575601697
1707031.jpeg,27-6-37,0.589266444,Grib,0.703931494
1709247.jpeg,16/4 1870,0.234577145,Dyrehaven,0.732746287
1706434.jpeg,14/6/871,0.033467717,Dronninglund.,0.296068506
1707363.jpeg,MISSING,0.896723249,Kb,0.971285238
1744438.jpeg,8.5.25,0.326665656,Saltholm,0.809090634
1709514.jpeg,16/4.1870,0.431230676,Ko | Dyrehaven,0.049211882
1706008.jpeg,4.VI.1988,0.654916641,Råbjerg K. | DK.NEJ. NJ88,0.088720824
1744543.jpeg,MISSING,0.721160958,Kb,0.947520461
1706288.jpeg,12.V.1990,0.627587148,Høstemark Skov NEJ,0.294286147
1707181.jpeg,MISSING,0.912467414,MS,0.984355865
1707638.jpeg,MISSING,0.885137921,Møen,0.884246741
1709887.jpeg,12/7.1870,0.223585935,NS | Ørholms-fælled,0.095256138
1706429.jpeg,17/6.1871,0.128229767,Dronninglund,0.218238860
1707312.jpeg,5.6.12,0.566095787,Dyrehaven,0.752946347
1709177.jpeg,MISSING,0.190909366,MISSING,0.491830858
1706802.jpeg,16/7 1937,0.281215520,Gudhjem,0.867314338
1707278.jpeg,17.6.1924,0.269333131,Slotved Skov,0.602634132
1709783.jpeg,14.IV.1995,0.424695362,LFM PF67 MALTRUP,0.359936344
1743956.jpeg,23.VII 1983,0.203385875,SKIBBY SJ.,0.092582601
1709540.jpeg,MISSING,0.790672931,Sorø,0.893158533
1707575.jpeg,12.6.1999,0.544707487,Tolne Bakker,0.602040012
1742730.jpeg,MISSING,0.762452258,Dyrehaven,0.611545923
1705689.jpeg,9/6 1870,0.304980297,Bo | Byå ved Rønne,0.202494695
1743808.jpeg,22.5.1933,0.352212792,Ristinge Klint,0.303494998
1707840.jpeg,MISSING,0.864046681,MISSING,0.529260382
1742986.jpeg,22.XII.1985,0.378354047,"NWZ: Tissø, NØ.",0.286265535
1706134.jpeg,MISSING,0.951679297,Bo,0.834637769
1706987.jpeg,MISSING,0.921082146,MISSING,0.548569263
1707712.jpeg,MISSING,0.875037890,Svejbæk,0.860779024
1705719.jpeg,MISSING,0.196553501,MISSING,0.377165808
1744561.jpeg,MISSING,0.718190361,Kb,0.944846923
1709191.jpeg,29-8-1952,0.463610185,Dyrehaven,0.735419824
1743786.jpeg,31/7 1938,0.355183389,Strandby Klit Frederikshavn,0.144865111
1709494.jpeg,MISSING,0.798396484,Dyrehaven,0.287750834
1744695.jpeg,10-5-1956,0.197444680,Kongelunden,0.379245226
1706871.jpeg,26-7-1964,0.599366475,NO.Sjælland Ganløse Hessel,0.139518036
1708861.jpeg,26.10.12,0.050400121,Marselisb.Sk.,0.097632616
1708345.jpeg,20-9.36,0.254183086,Vrist,0.806417096
1744636.jpeg,25-5-53,0.323397999,Tisvilde Strand,0.269630191
1709127.jpeg,25.9-1960,0.237547742,Jægerspr. N-sk.,0.103870870
1743729.jpeg,1-6-14,0.361718703,Raageleje,0.714031525
1743919.jpeg,5-5 1963,0.091988481,Tisvilde Hegn Nordsjælland,0.221209457
1709108.jpeg,6-9-49,0.469254319,"Sønderskov, Høvelte",0.107138527
1708702.jpeg,MISSING,0.842955441,MISSING,0.515595635
1707284.jpeg,17.6.1924,0.569957563,Slotved Skov,0.613922401
1744601.jpeg,MISSING,0.711357987,MISSING,0.457371931
1743062.jpeg,15.10.21,0.365877539,Dyrehaven,0.080997272
1707172.jpeg,MISSING,0.913952713,MS,0.973067596
1708362.jpeg,13-5-1910,0.157044559,Knudshoved,0.681652016
1742982.jpeg,19-5-1964,0.379245226,RYGET 45a,0.310921491
1743512.jpeg,MISSING,0.188235829,MISSING,0.369739315
1707301.jpeg,3.6.1899,0.567581085,Fredsted,0.591939982
1706408.jpeg,16.6.71.,0.288642013,Jyske Aas,0.307653834
1743566.jpeg,MISSING,0.736013944,Horsens,0.844440740
1709211.jpeg,21.10.31,0.236062443,Dyrehaven,0.624319491
1707762.jpeg,4.6.45,0.038220673,Røsnæs,0.601445893
1707346.jpeg,MISSING,0.898802667,Bo,0.984058806
1709026.jpeg,13/9 1887.,0.474304335,København,0.739875720
1743552.jpeg,23/7.1872,0.051291300,Næstved,0.420239467
1706921.jpeg,25.9.21,0.592534101,Dyrehaven,0.385186420
1707459.jpeg,1-6-50.,0.555698697,Hillerød,0.706307972
1708701.jpeg,MISSING,0.085453168,MISSING,0.515892695
1743964.jpeg,26.8.87,0.202494695,Harboør,0.070303122
1743889.jpeg,23-8-1953,0.338845105,"Ørgaard Nors, Thy",0.335577448
1707431.jpeg,17/6 1923,0.180215217,Ravneholm Ggr.,0.314486208
1743878.jpeg,17.3.1943,0.339736284,Frederikslund,0.438657169
1706475.jpeg,16/6 1871.,0.283294938,Nord for storskoven jydske ås. | Al,0.123179751
1706032.jpeg,22.VII.2021,0.650460746,"DENMARK: WJ, Poulsens Minde, 56.35N, 8.96E, 27 m",0.240815399
1708040.jpeg,5/7 1938. | 5/7 38,0.255668384,Tranekær Svendborg Amt,0.070600182
1708994.jpeg,MISSING,0.821864201,MISSING,0.501633828
1705774.jpeg,MISSING,0.968017581,Bornholm,0.829587754
1707922.jpeg,13.5.1938,0.524804486,Tranekjær,0.604119430
1706344.jpeg,MISSING,0.940985147,Ti,0.271709609
1705879.jpeg,19.6.38,0.670363747,Jægersp,0.298444983
1728527.jpeg,7/6-1941,0.390830555,Saltholm,0.813249470
1743001.jpeg,29.6.1986,0.375977569,Dybsø,0.359045165
1744460.jpeg,4.5.1938,0.324586238,Vestorris,0.059906032
1706950.jpeg,26/5.1870,0.276462564,Dyrehaven,0.332606851
1708459.jpeg,MISSING,0.849787814,MISSING,0.522428008
1709798.jpeg,24.5. 1949,0.422913004,Vedersø Jylland,0.269927251
1742823.jpeg,13/5 1892,0.380730524,Horsens,0.846223098
1742780.jpeg,MISSING,0.752055168,MISSING,0.175462261
1744440.jpeg,8.5.25,0.326368597,Saltholm,0.704525614
1706355.jpeg,MISSING,0.938905729,Ti,0.975444074
1706232.jpeg,1-6-50,0.634419521,Hestehaven. Hillerød,0.266065474
1705720.jpeg,5.72,0.304386178,Odense,0.911279176
1707494.jpeg,5.6.22,0.164471052,Dyrehaven,0.279730221
1706284.jpeg,18-6-1956,0.628775386,Redsle Fl.,0.391424674
1706411.jpeg,19.5.1941,0.619566535,Bygholm,0.653431343
1706188.jpeg,13-8-36,0.638578357,Hindsholm,0.770472871
1709303.jpeg,MISSING,0.806417096,MISSING,0.491533798
1707863.jpeg,MISSING,0.861076084,MISSING,0.526586844
1706476.jpeg,MISSING,0.933261594,Al,0.447866020
1707066.jpeg,25.V.87,0.042676569,Harboør,0.188235829
1706045.jpeg,12.9.37,0.143676872,Salpeterm,0.292503789
1707991.jpeg,MISSING,0.853946651,Kb,0.966532283
1743818.jpeg,16.6.1928,0.057826614,Lellinge skov,0.439548348
1744694.jpeg,10-5-1956,0.129715065,Kongelunden,0.637093059
1707177.jpeg,20/8 1888,0.269927251,Bognæs Roeskilde | MS,0.118723856
1708042.jpeg,29/5-1939. | 29/5-39,0.115456199,Tranekær Svendborg Amt | Tr,0.067629585
1742733.jpeg,MISSING,0.761561079,Jylland,0.016238254
1705704.jpeg,MISSING,0.972770537,SS,0.988514701
1707195.jpeg,27/7.18,0.167144589,Dyrehaven,0.758590482
1707936.jpeg,15.10.21,0.523022128,Dyrehaven,0.349539254
1709198.jpeg,26-8-1956,0.462421946,Nekselø V.,0.679275538
1709982.jpeg,9-8-1973 | 14-8-1974,0.410436496,Hørblese | Tisvilde,0.066441346
1742735.jpeg,MISSING,0.761264019,Dyrehaven,0.286859654
1707446.jpeg,4/6 93,0.558966353,Asserbo Overdrev,0.255074265
1708956.jpeg,4/9.1872,0.033170658,Dyrehaven,0.789484692
1705532.jpeg,MISSING,0.980494089,MISSING,0.571442861
1728494.jpeg,24/5.1910,0.392612913,Kjeldskov,0.719972719
1728551.jpeg,23-5-1954,0.217347681,Ganløse Or.,0.353103971
1708343.jpeg,22-9-36,0.254480145,Bovbjerg,0.075353137
1708846.jpeg,18-IV-1975,0.488860261,Tykskov krat,0.598772355
1728512.jpeg,11/6 1920,0.391721734,Gudhjem,0.848005456
1709624.jpeg,28/3-1948,0.175165202,Brenderup Fyn,0.328745074
1705755.jpeg,MISSING,0.968314641,Øbjerggaard,0.367956957
1708966.jpeg,MISSING,0.826320097,Kb,0.965046984
1707951.jpeg,6/1870,0.258044862,Dyrehaven,0.793346469
1706172.jpeg,7/6.1870.,0.639469536,Rø,0.834043650
1706788.jpeg,18.6.1949 1930,0.023664747,Hillerød,0.822458321
1707740.jpeg,9.6.1982.,0.537875114,Skallingen,0.683731434
1743862.jpeg,19-5-1912,0.205465293,Knudshoved,0.648084268
1706471.jpeg,14/6.1871.,0.283591998,Nord for storskoven Jydske ås | Al,0.116941497
1705796.jpeg,22.5.1898,0.302900879,Hald,0.020991209
1709482.jpeg,MISSING,0.801367081,Dyrehaven,0.318645044
1708763.jpeg,MISSING,0.838499545,MISSING,0.513516217
1707623.jpeg,MISSING,0.886920279,Tisvilde,0.705713853
1705514.jpeg,MISSING,0.982573507,MISSING,0.572928160
1706872.jpeg,26-7-1951,0.599069415,Nivå,0.940391028
1743834.jpeg,3/5-36,0.101197333,Boserup,0.842361322
1705549.jpeg,-/7 1930,0.106544407,Sandvig,0.651351925
1708919.jpeg,26.8.1940,0.477571992,Mols,0.804040618
1709319.jpeg,5.6-1907,0.125259169,Dyrehaven,0.731558048
1707825.jpeg,MISSING,0.866423159,Jægerspris,0.632340103
1707772.jpeg,MISSING,0.870879054,Øbjerggård,0.042676569
1707332.jpeg,MISSING,0.901476205,Bornholm,0.828102455
1743869.jpeg,29-7-49,0.342112761,Asserbo,0.841767202
1709539.jpeg,MISSING,0.790969991,MISSING,0.488563201
1705706.jpeg,17/8.1902,0.304683237,Vester Ulslev Havn,0.160906335
1705718.jpeg,MISSING,0.970691119,MISSING,0.566986966
1743954.jpeg,6-6-1970,0.049211882,LÆSØ,0.052182480
1706393.jpeg,1.7.2000,0.622240073,Lodskovvad,0.689672628
1743558.jpeg,MISSING,0.737499242,Skagen,0.897020309
1709451.jpeg,8.V. 1917,0.124962110,Hansted,0.854837830
1743886.jpeg,Juni. 1942,0.152885723,Rønshoved Rinkenæs,0.157638678
1706432.jpeg,17/6 1871,0.069114883,Dronninglund,0.276462564
1709909.jpeg,MISSING,0.778196423,MISSING,0.481433768
1706861.jpeg,19-8-1962,0.600851773,"NØ, KONGELUNDEN",0.218535920
1706154.jpeg,MISSING,0.947223401,Danmark,0.871770233
1705883.jpeg,-/7 1930,0.127041528,Sandvig,0.643628372
1708787.jpeg,10/73,0.096741437,Rask Horsens,0.613328281
1707334.jpeg,MISSING,0.901179145,Bornholm,0.821270082
1707497.jpeg,5.6-12,0.039408912,Dyrehaven,0.261015459
1710360.jpeg,26-8-1956,0.401821764,Nekselø S.,0.675710821
1707929.jpeg,13.5.1938,0.524210367,Aasø,0.832558351
1707048.jpeg,21-5-49,0.587187026,Eremitagen,0.688484389
1709632.jpeg,1/5-1942,0.430042437,Ramløse Sand,0.344192179
1707571.jpeg,15 MAY 1969,0.264580176,NWZ UTM:PG27 Røsnæs,0.192097605
1742815.jpeg,MISSING,0.747005153,Svejbæk,0.655807821
1706277.jpeg,18-6-1956,0.630260685,Redsle Fl.,0.392315853
1705673.jpeg,3/6.1870.,0.682840255,Rønne.,0.702149136
1708443.jpeg,Juni 1973,0.503713246,Danmark WJ Tipperne,0.181700515
1742709.jpeg,18.5.1929,0.216753562,Hovslund,0.452916035
1706382.jpeg,2/6 69.,0.138032737,N.Z.,0.033170658
1709953.jpeg,20.5.1918,0.020694150,Trekroner,0.051588360
1705730.jpeg,7-8-85 | 21-5-86,0.100603213,MISSING,0.566095787
1705767.jpeg,24-5-1915,0.135953319,Skagen,0.908902698
1744485.jpeg,MISSING,0.723537436,Øbjerggård,0.699772658
1709775.jpeg,20-5-1956,0.228041831,JægersprisNord skov,0.077432555
1705572.jpeg,3-7-43.,0.695019703,Veddinge Bakker,0.386968778
1705845.jpeg,MISSING,0.706902092,Sondbg,0.057232495
1707938.jpeg,16.10.21,0.053964838,Dyrehaven,0.364095180
1705559.jpeg,5-6-1922,0.151697484,Dyrehaven,0.776117005
1708872.jpeg,26-10-1972,0.485592604,Marselisborg Dyreh.,0.159421037
1708402.jpeg,22.9.18,0.252103668,Holte,0.805228857
1709453.jpeg,18.5.1924,0.230715368,Thorsager,0.724428615
1707491.jpeg,31-5-1917 | 1829,0.023367687,Vraa,0.934152774
1707720.jpeg,13-5-1972,0.539063353,Skallingen,0.684622613
1706080.jpeg,3/6.1870.,0.643034253,Rønne.,0.913952713
1743748.jpeg,27. 7. 03,0.360530464,Funder,0.912170355
1707364.jpeg,MISSING,0.896426190,Kb,0.970988178
1708961.jpeg,17/9.1870,0.080106093,Bornholm,0.696207942
1708875.jpeg,26-10-1972,0.484998484,Marselisborg Dyrh.,0.112188542
1709144.jpeg,24.8.1933,0.021288269,Pinds Mølle,0.330824492
1743524.jpeg,MISSING,0.741955138,Bornholm,0.811170052
1707000.jpeg,1882,0.113376781,Vendsyssel,0.082779630
1708903.jpeg,16.9.1943,0.479948469,Dyrehaven,0.741658078
1709538.jpeg,MISSING,0.791267051,MISSING,0.178135799
1742717.jpeg,9.6.1935,0.169521067,N. f. Rønne,0.273491967
1710386.jpeg,19.IX.1992,0.397365868,Høstemark Skov NEJ,0.293692028
1728596.jpeg,2.6.48,0.383107002,Tystofte Sjæll.,0.170709306
1706910.jpeg,10.8.1948,0.594019400,Dyrehaven,0.307059715
1708475.jpeg,MISSING,0.846520158,MISSING,0.519160352
1743059.jpeg,15.10.21,0.366471658,Dyrehaven,0.658778418
1706250.jpeg,7-6-1971,0.291612610,Læsø,0.894049712
1705804.jpeg,4.6.19,0.302306760,Thorsager,0.583622310
1708721.jpeg,20.10.1946,0.248538951,Salten,0.831667172
1743962.jpeg,19. 9. 75,0.018020612,MISSING,0.463016065
1708699.jpeg,MISSING,0.843252501,MISSING,0.516189754
1705925.jpeg,29-7-49.,0.663828433,Asserbo,0.872661413
1743550.jpeg,MISSING,0.738687481,Øbjerggård,0.299336162
1708414.jpeg,24-5-1955,0.508466202,Skallingen,0.680463777
1707259.jpeg,20.8.82,0.269630191,Rude Skov,0.305277357
1709558.jpeg,IV. 91.,0.229824189,Sandbg,0.060500152
1707755.jpeg,MISSING,0.872958472,Kagerup Sjæll.,0.098523795
1708038.jpeg,8/5 1936 | 8/5 36,0.116644438,Tranekær Svendborg Amt | Tr,0.167144589
1707365.jpeg,MISSING,0.896129130,Kb,0.970691119
1705528.jpeg,MISSING,0.981385268,MISSING,0.572036981
1710370.jpeg,2. 9. 1972,0.400633525,Svinø strand,0.444895423
1707352.jpeg,6/6. 1870.,0.564313428,Bo | Østerlars,0.423507123
1707589.jpeg,17 Mai 1951,0.542628069,Hobro Skov Jyll.,0.264877236
1705505.jpeg,MISSING,0.984652925,Boserup,0.880087905
1705825.jpeg,MISSING,0.963858745,MISSING,0.564907548
1709070.jpeg,6/9 1934 | 6/9 34 | 1834,0.031091240,Svanninge Svendborg Amt | Svan.,0.122882692
1728539.jpeg,13-5-1910,0.387859958,Knudshoved,0.673928463
1742748.jpeg,MISSING,0.757699303,Øbjerggård,0.415189451
1744447.jpeg,11.5.1947,0.325180358,Juelsminde,0.630557745
1743057.jpeg,15.10.21,0.366768718,Dyrehaven,0.087532586
1743991.jpeg,26-7-1951,0.328745074,Nivå,0.929399818
1707411.jpeg,21/5 86,0.079809033,MISSING,0.537875114
1743514.jpeg,MISSING,0.742846317,MISSING,0.469254319
1728526.jpeg,20/V.42,0.043567748,Ø. Assels Mors,0.252400727
1708867.jpeg,26.10.72,0.096444377,Marselisb. Sk.,0.404198242
1707568.jpeg,1-6-1958,0.546192786,Mogenstrup,0.294880267
1706047.jpeg,20.5.34,0.648084268,Reersø,0.905932101
1709311.jpeg,9/4 1934,0.455292513,Saltholm,0.814437708
1709837.jpeg,7. 1883,0.418160048,Faaborg,0.852461352
1709087.jpeg,15-9-1912,0.470442558,Holte,0.921973325
1706482.jpeg,17/6.1871.,0.616298878,Nord for storskoven Jydske as | Al,0.111000303
1705787.jpeg,27.6.1941,0.673928463,Gravenshoved,0.298742043
1743501.jpeg,MISSING,0.744628675,SS | Øbjerggård Næstved,0.127932707
1707992.jpeg,MISSING,0.853649591,Kb,0.966235223
1709373.jpeg,6-4-1952 | 6-4-1952,0.111297363,Dyrehaven | Dyrehaven,0.141597454
1706162.jpeg,MISSING,0.944846923,Lolland,0.869393756
1706467.jpeg,17/6.1871.,0.616595938,Nord for storskoven Vendsyssel | Al,0.124070931
1709432.jpeg,19.V.2022,0.435389512,"Denmark: Samsø: EJ: Følsdal Bakke, 55.9922N, 10.5515E, h30m",0.195365262
1743794.jpeg,3/6-1941,0.354886329,Kastrup Dyrehave Tystrup Sø,0.044755987
1742726.jpeg,17.5.22,0.381027584,Søllerød,0.646004850
1706922.jpeg,5.6.12,0.592237042,Dyrehaven,0.607684147
1708021.jpeg,MISSING,0.850084874,MISSING,0.523319188
1705608.jpeg,MISSING,0.978414671,MISSING,0.569363443
1705456.jpeg,MISSING,0.989108821,Veilø Bugt,0.362312822
1707329.jpeg,MISSING,0.902070324,Bornholm,0.697396181
1707323.jpeg,MISSING,0.903852683,Dyrehaven,0.331715671
1707318.jpeg,20.5.22,0.565204607,Søllerød,0.706605032
1705989.jpeg,8-7-1961,0.050103062,Nivå,0.936232192
1709169.jpeg,MISSING,0.812061231,MISSING,0.493019097
1744473.jpeg,MISSING,0.726210973,Øbjerggård,0.647787208
1705944.jpeg,25.5-1962,0.661154895,Skallingen,0.691454986
1709752.jpeg,MISSING,0.784731737,MISSING,0.484404365
1728505.jpeg,MISSING,0.766908154,Esbjerg,0.848599576
1707662.jpeg,MISSING,0.882167323,Møens klint. | MØ,0.187938769
1707381.jpeg,MISSING,0.892861473,MISSING,0.539657472
1705470.jpeg,7/1870,0.144270991,Ørholm,0.284186117
1706388.jpeg,8/62,0.104464989,Rørvig,0.905040921
1709077.jpeg,19-9-36,0.471333737,Klosterh,0.202197636
1728491.jpeg,28/4.1902,0.392909973,Vester Ulslev Haven,0.209921188
1705840.jpeg,MISSING,0.962076387,Boserup,0.874740831
1706033.jpeg,22.VII.2021,0.650163686,"DENMARK: WJ, Poulsens Minde, 56.35N, 8.96E, 27 m",0.240518339
1728556.jpeg,31.v.-2.vi.1983,0.387265838,F: PF 07 Ristinge Klint,0.145162170
1705738.jpeg,MISSING,0.968611701,Falster,0.875929069
1705896.jpeg,14/7 1930,0.128526826,"Sd.Sjæll., Langebæk",0.102979691
1708693.jpeg,21.X. 1976,0.498960291,"Sjælland Røsnæs, Kongstrup",0.233388906
1743801.jpeg,20/7-19.32,0.019208851,Skallingen,0.673631403
1706907.jpeg,5.5.1916,0.278541982,Hansted Skov,0.368254016
1706410.jpeg,19.5.1941,0.619863595,Bygholm,0.869096696
1743775.jpeg,28/7 1930.,0.356371628,Ærø.,0.607981206
1709952.jpeg,17/8-19,0.413110033,Ørholm St.,0.398851167
1707368.jpeg,MISSING,0.895237951,SS,0.970096999
1709331.jpeg,23-10-57.,0.450539557,Eremitagen,0.610060624
1743819.jpeg,16.6.1929,0.349836314,Hellinge skov,0.094067899
1707572.jpeg,15 MAY 1969,0.264283116,NWZ UTM:PG27 Røsnæs,0.184076993
1707867.jpeg,4.1.60,0.534013337,Silkeborg,0.749084571
1743854.jpeg,10-5-63,0.344786299,Faxe,0.931182176
1706189.jpeg,7/6 1937. | 7/6 37,0.110703243,Ærø Svendborg Amt | Æ,0.126447408
1744650.jpeg,22.5-1955,0.199821158,Skallingen,0.671551985
1705693.jpeg,MISSING,0.974849955,Bo,0.839984844
1707222.jpeg,28-8-1976,0.576789936,Krenkerup,0.755916945
1705610.jpeg,MISSING,0.978117611,MISSING,0.569066384
1744578.jpeg,MISSING,0.714922704,MISSING,0.460936647
1709742.jpeg,5-81,0.066738406,Jb. Dh.,0.056044256
1705703.jpeg,MISSING,0.973067596,SS,0.919893907
1709193.jpeg,29-8-1952,0.463016065,Dyrehaven,0.734825705
1709871.jpeg,12/7.1870,0.416674750,Ørholm,0.433607154
1728468.jpeg,MISSING,0.770472871,MISSING,0.478463171
1706014.jpeg,2.7.1950,0.653728403,Langeland,0.428557139
1707523.jpeg,13/6 1954,0.551242801,"Ørgaard Nors, Thy",0.318347984
1705993.jpeg,22.7.1989,0.656996059,Skejten v. Fuglsang,0.192691725
1706908.jpeg,5.5.1916,0.086641406,Hansted Skov,0.419645347
1708862.jpeg,26.10.72,0.486483783,Marselisb. Sk.,0.271115490
1709395.jpeg,27.IV.2022,0.444301303,"DENMARK: NEZ: Helsingør, Grønne Vestkile, 56.0375N, 12.5598E",0.215268263
1705998.jpeg,18/V 1994,0.655807821,Højrisplant,0.093770840
1709492.jpeg,MISSING,0.798990603,Dyrehaven,0.783543498
1743732.jpeg,7/5 96,0.092582601,Damhusmosen,0.293097908
1707367.jpeg,MISSING,0.895535011,SS,0.983167627
1707205.jpeg,31-7-1913,0.579463474,Dyrehaven,0.757996363
1710388.jpeg,3. VIII. 1991,0.396771749,NEJ:Høstemark Skov,0.206950591
1706066.jpeg,17.6.22,0.644519551,Dyrehaven,0.351024553
1709205.jpeg,16.4.27,0.461233707,Sorø,0.893455593
1705434.jpeg,5.6.1926,0.702446196,Halk,0.836717187
1742778.jpeg,MISSING,0.752352228,MISSING,0.175759321
1706150.jpeg,1882.,0.640360715,Aalborg,0.872067293
1705726.jpeg,12/8.1906,0.679869657,Vester Ulslev Haven,0.292206729
1707576.jpeg,12.6.1999,0.544410427,Tolne Bakker,0.431230676
1707253.jpeg,MISSING,0.905635041,Dyrehaven,0.071788421
1709811.jpeg,16.1.1988,0.421130646,Klostermølle EJ,0.247053653
1742805.jpeg,MISSING,0.747302213,MISSING,0.471927857
1706412.jpeg,8.7.1883,0.149915126,Husum,0.280621400
1707380.jpeg,MISSING,0.893158533,MISSING,0.539954532
1706779.jpeg,19-7-1908,0.611545923,Rungsted,0.706902092
1706510.jpeg,25/6 71,0.282403759,Dronninglund,0.582137011
1709162.jpeg,MISSING,0.814140649,MISSING,0.495098515
1743581.jpeg,MISSING,0.733043346,Boserup,0.886920279
1709351.jpeg,MISSING,0.804931798,MISSING,0.490048500
1706819.jpeg,4.VII.1968,0.607090027,SJÆLLAND RØRVIG,0.258936041
1705414.jpeg,12-6-1919,0.312703850,Tistrup,0.629369506
1708884.jpeg,13.10.1991,0.483513186,Marselisborg,0.598178236
1743497.jpeg,6/1862.,0.212594726,Ti | Kulhuset Jægerspris,0.139815095
1709391.jpeg,26.9. 1948,0.445489542,Dyrehaven Själl.,0.149618066
1705590.jpeg,27/7 1893,0.692346166,Aalborg,0.878008487
1709385.jpeg,10-IV-1976,0.162094574,Ejstrupholm,0.639469536
1709378.jpeg,12-10-1962,0.447866020,Dyrehaven,0.725913913
1706450.jpeg,17/6 1871,0.285077296,Jydske As,0.289533192
1707723.jpeg,24.5-1974,0.262797818,Skallingen,0.684325553
1706051.jpeg,6.6.1927,0.647490149,Høbjerg,0.606792968
1706339.jpeg,MISSING,0.941282207,Ti,0.137141558
1709062.jpeg,4/9 1940,0.472521976,Kulhus v. Jægerspris,0.164768112
1706895.jpeg,20-VII - 11-VIII - 2015,0.594910579,"DENMARK: 38 km North of Copenhagen, Strødam Naturreservat N55°57'E12°16'",0.142191573
1707890.jpeg,8.10.2009,0.531636860,"DANMARK: EJ, NH68 Hadsund",0.147241588
1705946.jpeg,13-5-1972,0.660857836,Skallingen,0.701257957
1705511.jpeg,MISSING,0.983464686,Lolland,0.879493786
1707517.jpeg,13/6 1954,0.265471355,"Ørgaard Nors, Thy",0.337359806
1705547.jpeg,7/6 1937. | 7/6 37,0.164768112,Ærø Svendborg Amt,0.082185511
1707020.jpeg,11-5-84,0.098523795,Klampenborg Dyrehave,0.159718096
1707807.jpeg,MISSING,0.869393756,Ti,0.917220370
1706373.jpeg,MISSING,0.936529251,MISSING,0.554213398
1707583.jpeg,17.V.1980,0.543222189,Gl. Ry,0.040597151
1705904.jpeg,28/7 1929. | 28/7 29,0.667690209,Ærø Svendborg Amt | Æ,0.121991513
1743525.jpeg,MISSING,0.741658078,MISSING,0.468660200
1706090.jpeg,MISSING,0.958214610,Veilø Bugt,0.450242498
1707958.jpeg,MISSING,0.858996666,Falster,0.608872386
1707806.jpeg,MISSING,0.869690815,Ti,0.917517430
1707738.jpeg,29.5.1981.,0.538172173,Blåvand,0.628478327
1707026.jpeg,16/9 1934. | 16/9 34,0.589860564,Hvidkilde Svendborg Amt,0.071194301
1706294.jpeg,22.VII.2021,0.626398909,"DENMARK: WJ, Poulsens Minde, 56.35N, 8.96E, 27 m",0.239330100
1709309.jpeg,8.5.1925,0.455886632,Saltholm,0.815031828
1707959.jpeg,MISSING,0.858699606,Falster,0.452321916
1709577.jpeg,28/4 1889,0.175462261,Donse,0.881276144
1707173.jpeg,13/8.1888.,0.157341619,Bognæs | MS,0.405089421
1728449.jpeg,MISSING,0.774037587,Kb,0.954352834
1705891.jpeg,4-7-1955,0.668878448,"Ørgaard Nors, Thy",0.281512580
1706850.jpeg,1.8.84,0.098820855,Nh,0.012079418
1706773.jpeg,20-6-1908,0.612437102,Tidsvilde,0.766611094
1707421.jpeg,23/6.1905,0.562531070,Mølgård Vendsyssel,0.215565323
1706247.jpeg,9-6-1971,0.632043043,Læsø,0.935935132
1706791.jpeg,4-8-1946,0.171303425,Hjørring,0.822161261
1709435.jpeg,19.V.2022,0.434498333,"Denmark: Samsø: EJ: Følsdal Bakke, 55.9922N, 10.5515E, h30m",0.206059412
1743735.jpeg,9.75,0.092285541,Odense,0.896426190
1709301.jpeg,6/9.1907,0.456480752,Budamosen (Vester Ulslev),0.064361928
1707964.jpeg,MISSING,0.858105487,Falster,0.860481964
1705862.jpeg,MISSING,0.959996969,MISSING,0.563422249
1709965.jpeg,12/7 1939 | 12/7 39,0.076541376,Ærø Svendborg Amt,0.080106093
1709465.jpeg,22. 9. 18,0.431824795,Holte,0.724131555
1709327.jpeg,13-4-49,0.451727796,Dyrehaven,0.730072749
1705446.jpeg,15/5 1870,0.100900273,Dyrehaven,0.801070021
1708991.jpeg,5/9.1870,0.475492574,Hammeren Bornholm,0.151994544
1705467.jpeg,7/1870,0.311515611,Ørholm,0.916032131
1707968.jpeg,MISSING,0.856917248,Falster,0.625804789
1708022.jpeg,27.9.1884,0.179026978,Tebbestrup Bakker,0.199524098
1707386.jpeg,MISSING,0.891970294,MISSING,0.538766293
1743503.jpeg,MISSING,0.744034556,SS,0.444301303
1743809.jpeg,16.6.1929,0.351915732,Lellinge skov,0.440439527
1709289.jpeg,MISSING,0.808496514,Kb,0.961779327
1707674.jpeg,MISSING,0.880682025,MISSING,0.183779933
1709408.jpeg,27.IV.2022,0.440736587,"DENMARK: NEZ: Helsingør, Grønne Vestkile, 56.0375N, 12.5598E",0.230418309
1708820.jpeg,MISSING,0.832558351,MISSING,0.507575023
1709992.jpeg,30.10 1964,0.409248257,V.Sjælland Røsnæs Kongstrup Kl,0.247944832
1743827.jpeg,16.6.1929,0.348648075,Lellinge skov,0.438954229
1706451.jpeg,17/6.1871,0.617784177,Jydske Ås,0.203088815
1706912.jpeg,1883,0.593722340,Dyrehaven,0.589563504
1709524.jpeg,MISSING,0.793643528,Kb,0.957026372
1743000.jpeg,29.6.1986,0.376274629,Dybsø,0.702446196
1708483.jpeg,21.9.72,0.501930888,Blåvand,0.045350106
1744588.jpeg,MISSING,0.713140346,MISSING,0.459154289
1709342.jpeg,19-9-1953,0.232200667,Dyrehaven,0.728290391
1705751.jpeg,8-7-60,0.677790239,Vstr. Sømark,0.580948772
1744480.jpeg,MISSING,0.724725674,Øbjerggård,0.431824795
1743516.jpeg,6/6 92,0.212297666,Jægerspris,0.648678387
1728506.jpeg,MISSING,0.766611094,Esbjerg,0.848302516
1708967.jpeg,MISSING,0.826023037,Kb,0.964749924
1705552.jpeg,10-7-37,0.308842073,Rands Fj.,0.695613822
1706035.jpeg,21.VII.2021,0.649569567,"DENMARK: WJ, Gryde Å, 56.35N, 8.50E, 10 m",0.130309185
1706083.jpeg,13/6.1870,0.061688390,Rønne,0.314189148
1705646.jpeg,8.8.1936,0.686404971,Arnager,0.037032434
1706845.jpeg,11-8-49.,0.602040012,Vaserne,0.620457714
1709195.jpeg,29-8-1952,0.236359503,Dyrehaven,0.734231585
1706479.jpeg,MISSING,0.932667475,Al,0.985544104
1709339.jpeg,14-9-1953,0.155559260,Dyrehaven,0.786514095
1728598.jpeg,7.5.1948,0.169818127,Sorø Sjælland,0.327556835
1707375.jpeg,MISSING,0.894049712,MISSING,0.540845711
1705629.jpeg,10/6 1974,0.689078509,STRUER,0.655510761
1743787.jpeg,4/9 1940,0.053073659,Kulhus v. Jægerspris,0.163579873
1707056.jpeg,21.5.1949,0.098226735,Eremitagesletten Dyrehaven,0.153776902
1709228.jpeg,27. 3. 1948,0.080997272,Højkol,0.594613519
1709470.jpeg,MISSING,0.804040618,Dyrehaven,0.585107608
1743852.jpeg,10-6-63,0.205762352,Faxe,0.931776296
1710341.jpeg,23-6-1961,0.405980600,"MidtJylland Galgehøj, Hjarbæk",0.224774174
1705939.jpeg,2.8 1965,0.661749015,V.Sjælland Røsnæs Kongstrup.Kl,0.241706578
1705932.jpeg,11. 5. 49.,0.143973931,Herlev,0.907714459
1709984.jpeg,9-8-1973,0.146944529,Høvblege,0.438063049
1709920.jpeg,MISSING,0.776414065,Boserup,0.805822977
1742721.jpeg,17.5.22,0.216456502,Søllerød,0.646301910
1728474.jpeg,MISSING,0.769581691,MISSING,0.478166111
1744654.jpeg,9-7-1911,0.086047287,Asminderød,0.042379509
1706961.jpeg,MISSING,0.924646863,Dyrchaven,0.072976660
1707630.jpeg,MISSING,0.886029100,Bornholm,0.818002425
1743714.jpeg,20/8.1902,0.210812367,Ved Vester Ulslev,0.168926948
1709189.jpeg,29-8-1952,0.464204304,Dyrehaven,0.736013944
1708363.jpeg,17-6-1911,0.514110336,Asminderød,0.681354956
1743778.jpeg,9-8-36,0.015941194,Grib,0.663828433
1705757.jpeg,20-8-1979,0.304089118,Dueodde,0.404792361
1706806.jpeg,15/8 1968,0.607981206,Jylland Ringkøbing: Vedersø Klit,0.238735981
1707184.jpeg,MISSING,0.911873295,MISSING,0.545895726
1707250.jpeg,MISSING,0.906526220,Dyrehaven,0.090206123
1744583.jpeg,MISSING,0.714031525,MISSING,0.460045468
1708361.jpeg,14-5-1914 | 18/9,0.027229463,Vamdrup,0.618081237
1708757.jpeg,10/1873,0.247944832,Ho | Rask Horsens,0.191800546
1743564.jpeg,MISSING,0.736608063,Rye,0.396771749
1705821.jpeg,MISSING,0.964452865,Slesvig,0.621348894
1707448.jpeg,13/6-1939. | 13/6 39,0.558669294,Ærø Svendborg Amt,0.080700212
1743812.jpeg,16.6.1929,0.351321613,Lellinge skov,0.463610185
1706926.jpeg,19/5.1870,0.158232798,Dyrehaven,0.764828736
1708006.jpeg,MISSING,0.851273113,Lolland,0.858402546
1708411.jpeg,14.4.18,0.509357381,Tisvilde,0.742846317
1708384.jpeg,17-9.49.,0.252697787,Grib Skov.,0.631448924
1707809.jpeg,MISSING,0.869096696,Ti,0.969502880
1707691.jpeg,MISSING,0.878008487,Boserup,0.889593816
1706874.jpeg,26-7-1951,0.279136102,Nivå,0.940093968
1707915.jpeg,1.10.1929.,0.526289785,Jægerspris,0.454104274
1709576.jpeg,21/4 1889.,0.430636557,Rude Hegn,0.782058199
1705824.jpeg,Juli 1819.,0.302009700,Sielland,0.829290694
1708986.jpeg,MISSING,0.823349500,MISSING,0.180215217
1709081.jpeg,20.9.36,0.239627160,Vrist,0.925240982
1708934.jpeg,MISSING,0.827211276,Øbjerggaard,0.059311913
1708908.jpeg,22.8.1915,0.479057290,Horsens,0.652540164
1728600.jpeg,13.6.1950,0.045944226,Langå Jyll.,0.261609579
1706169.jpeg,MISSING,0.195959382,MISSING,0.376571688
1706113.jpeg,6/1870,0.641548954,Bornholm,0.823943619
1706511.jpeg,Septbr. 1887,0.615407699,Aalborg,0.868799636
1743746.jpeg,17/4 27,0.070303122,Liselund,0.210812367
1706508.jpeg,15/6-71,0.282700818,Dronninglund,0.615110640
1706938.jpeg,MISSING,0.927023340,Dyrehaven,0.651648985
1707725.jpeg,24-5-1974,0.538469233,Skallingen,0.581542892
1708743.jpeg,10/1872,0.493316156,Veile.,0.623131252
1705775.jpeg,MISSING,0.967720521,MISSING,0.565204607
1705502.jpeg,MISSING,0.985544104,MISSING,0.574116399
1743717.jpeg,17/8.1902,0.362609882,Vester Ulslev Havn,0.108623825
1707113.jpeg,17-19. 8. 1934.,0.581245832,Dyrehaven,0.428260079
1707967.jpeg,MISSING,0.857214307,Falster,0.860184905
1709054.jpeg,23.8.03,0.473413156,Mølbæk,0.831073052
1706109.jpeg,7/6 1870,0.641846014,Rø Bornholm,0.641846014
1707567.jpeg,5.11-6-1960,0.097632616,SV.Jylland Skallingen,0.262797818
1710000.jpeg,28/7 75,0.071194301,MISSING,0.176947560
1709548.jpeg,MISSING,0.788593513,MISSING,0.487969082
1728561.jpeg,MISSING,0.766314035,MISSING,0.477274932
1728482.jpeg,MISSING,0.768096393,Lolland,0.849490755
1707774.jpeg,MISSING,0.870284935,Øbjerggård,0.681949075
1743593.jpeg,MISSING,0.187641710,MISSING,0.369145196
1708446.jpeg,23-10.1971,0.162391634,"N-JYLLAND SKAGEN, STRANDKANT",0.050400121
1709757.jpeg,MISSING,0.783543498,MISSING,0.482919066
1708437.jpeg,13/10 80,0.066144286,Hareskov,0.256262504
1743060.jpeg,15.10.21,0.366174598,Dyrehaven,0.085453168
1707544.jpeg,MISSING,0.887811458,MISSING,0.534904517
1708707.jpeg,MISSING,0.841767202,MISSING,0.514407396
1706190.jpeg,23/5-1937. | 23/5-37,0.077135496,Tranekær Svendborg Amt,0.071491361
1706151.jpeg,MISSING,0.947817520,Bo,0.976038193
1708710.jpeg,21.10.1977.,0.498366172,Svinø strand,0.419348287
1708344.jpeg,20-9-36,0.517080934,Vrist,0.650757805
1709437.jpeg,24.4.1916,0.433904213,Vestermose,0.406574720
1706826.jpeg,aug 1964,0.605901788,Jylland,0.620754774
1709537.jpeg,MISSING,0.791564110,MISSING,0.488860261
1707270.jpeg,17-VIII-1976,0.572334041,Krenkerup,0.753540467
1728568.jpeg,MISSING,0.765125796,MISSING,0.476086693
1710375.jpeg,30.7.44,0.399445286,DANMARK | Kongelund,0.295177326
1707234.jpeg,MISSING,0.910685056,MISSING,0.544707487
1709911.jpeg,MISSING,0.777602304,MISSING,0.177244620
1707911.jpeg,24.5.1913,0.179324038,Ermelunden,0.436280691
1708432.jpeg,19.5.1975,0.505792664,DANMARK | FANØ KLITPLANTAGE,0.139220976
1706019.jpeg,19.V.2022,0.653134283,"Denmark: Samsø: EJ: Følsdal Bakke, 55.9922N, 10.5515E, h30m",0.197741740
1709218.jpeg,28.9.1913,0.176947560,Dyrehaven,0.733340406
1743856.jpeg,10-5-63,0.344489239,Faxe,0.930885117
1743703.jpeg,MISSING,0.730369809,Boserup,0.842955441
1743520.jpeg,15/5.75,0.211703547,Bjergsted,0.435092452
1709753.jpeg,MISSING,0.784434677,MISSING,0.484107305
1708981.jpeg,MISSING,0.824537739,MISSING,0.503416187
1706970.jpeg,MISSING,0.924052743,Kb,0.974255835
1707771.jpeg,MISSING,0.871176114,Øbjerggård,0.041785390
1706920.jpeg,25.9.21,0.592831161,Dyrehaven,0.350430433
1709556.jpeg,IV. 91.,0.230121249,Sondbg,0.359342225
1743975.jpeg,MISSING,0.727102152,MISSING,0.461827827
1706956.jpeg,MISSING,0.925835102,Dyrehaven,0.280027281
1707550.jpeg,19-6-1955,0.550351622,Hvorup,0.904149742
1705816.jpeg,MISSING,0.965344044,Dyrehaven,0.635904820
1706296.jpeg,19.V.2022,0.625804789,"Denmark: Samsø: EJ: Følsdal Bakke, 55.9922N, 10.5515E, h30m",0.200415277
1705731.jpeg,17-6-83,0.679572598,MISSING,0.565798727
1708347.jpeg,April 1943,0.516486814,Ø. Assels Mors,0.245865414
1705809.jpeg,MISSING,0.966829342,Dyrehaven,0.774334647
1728484.jpeg,MISSING,0.767502273,Lolland,0.848896635
1706795.jpeg,12/7 1945,0.608872386,Roden Skov Lolland,0.208138830
1705980.jpeg,19.6.96.,0.297553804,Onsild,0.667096090
1707680.jpeg,6/1870.,0.539954532,Bornholm,0.817408306
1708865.jpeg,26.10.72,0.244974235,Marselisb. Sk.,0.402712943
1705471.jpeg,7/1870.,0.700366778,Ørholm,0.836420127
1708849.jpeg,14-IV-1976,0.487969082,Ejstrupholm,0.640657775
1707267.jpeg,23.7.1998,0.573225220,Dyrehaven,0.754431646
1709843.jpeg,19.7.1928,0.225368293,Dronninglund,0.311812671
1707207.jpeg,20-8-62.,0.579166414,Dyrehaven,0.757699303
1706441.jpeg,14/6.1871,0.286265535,Dronninglund,0.305871476
1710378.jpeg,29. august 1993,0.398851167,"DK, NWZ, PG 27 Kongstrup, Røsnæs",0.191503486
1706417.jpeg,8.7.1883,0.619269476,Husum,0.766908154
1743053.jpeg,16.10.1933,0.367956957,Dyrehaven,0.645707790
1707844.jpeg,5/1874,0.113079721,Øbjergg,0.454401334
1743780.jpeg,22-9-36,0.015644135,Bhvbj.,0.016832373
1742985.jpeg,30.8.1997,0.378651106,Draved Skov,0.352806911
1743767.jpeg,3/8 1930.,0.357559867,8km S-V.f. Gram,0.103573810
1705841.jpeg,MISSING,0.961779327,Boserup,0.891079115
1706155.jpeg,MISSING,0.946926341,Lolland,0.871473174
1709032.jpeg,22/8. 1900,0.088423765,Kastbjerg,0.336468627
1728498.jpeg,20.5.1918,0.392018794,Trekroner,0.719675659
1709184.jpeg,27.VIII.1985,0.465095483,EJ: Alling,0.365877539
1709294.jpeg,MISSING,0.807011216,Kb,0.960294028
1706949.jpeg,26/5.1870,0.591345862,Dyrehaven,0.575898757
1744536.jpeg,MISSING,0.722052137,SS,0.948708700
1742732.jpeg,MISSING,0.761858139,Dyrehaven,0.718190361
1706822.jpeg,1976 juni,0.055153077,Vestjyll. Tipperne,0.313000909
1707009.jpeg,17/7.1901,0.590454683,Kjeldskov,0.795722946
1705573.jpeg,16-4-49.,0.694722643,Høveltsvang,0.346568657
1742714.jpeg,18.5.1929,0.381621704,Hovslund,0.718487420
1709961.jpeg,12/7 1939. | 12/7 39,0.076838436,Ærø Svendborg Amt,0.080403152
1708793.jpeg,MISSING,0.834043650,Veile,0.644222492
1707653.jpeg,6/1871,0.117535617,Hund. Lysset,0.020397090
1706054.jpeg,28.6.1938,0.646598969,Frejlev,0.437171870
1705423.jpeg,9.6.1919,0.704228554,Hobro,0.031982419
1744481.jpeg,MISSING,0.724428615,Øbjerggård,0.414001212
1743752.jpeg,18/4 27,0.359639285,Liselund,0.669472567
1706234.jpeg,1.7.28.,0.634122461,Eremitagen,0.690860867
1706053.jpeg,14.5.1938,0.646896029,Ærø,0.042082449
1707931.jpeg,13.5.1938.,0.258936041,Aasø,0.938608669
1709126.jpeg,25.9-1960,0.087829645,Jægerspr. N.sk.,0.322209761
1744683.jpeg,10-5-1956,0.198929979,Kongelunden,0.380730524
1705658.jpeg,15.7.37,0.684028493,Sose,0.704228554
1743987.jpeg,26-7-1951,0.329339194,Nivå,0.929993938
1742711.jpeg,18.5.1929,0.381918763,Hovslund,0.626695968
1706263.jpeg,MISSING,0.944252804,MISSING,0.558669294
1743036.jpeg,27.IV.2022,0.370036375,"DENMARK: NEZ: Hellebæk Avlsgård, Kohave, 56.0554N, 12.5439E",0.223288875
1706229.jpeg,1-6-50.,0.635310700,Hestehaven. Hillerød,0.277056684
1744693.jpeg,10-5-1956,0.197741740,Kongelunden,0.637390118
1707260.jpeg,9.VII.1985,0.575007578,NWZ: Bjergsted Bk.,0.187641710
1706761.jpeg,2/8 1930.,0.171600485,Aabenraa,0.823052440
1706336.jpeg,21/6.1869.,0.623428312,Nykjøbing lyng. | Tv,0.096444377
1705477.jpeg,Juni 1820.,0.699772658,Sielland,0.825131858
1728588.jpeg,6. v. 2007,0.384592301,DANMARK. NEZ: UC 11 Melby Overdrev,0.113970900
1708377.jpeg,27-4-49.,0.513219157,Frederikslund,0.441924826
1707830.jpeg,MISSING,0.865531979,SS,0.982276447
1706844.jpeg,5-8-1973.,0.602337072,Nordsk.v.Jæ.NEZ.,0.271412549
1707488.jpeg,19-5-1914,0.266362534,Vamdrup,0.803149439
1707767.jpeg,MISSING,0.872067293,Øbjerggård,0.038517733
1709569.jpeg,9/5.1901,0.430933616,Ved Kjeldskov,0.329042134
1743015.jpeg,19.V.2022,0.373304032,"Denmark: Samsø: EJ: Følsdal Bakke, 55.9922N, 10.5515E, h30m",0.188829948
1707350.jpeg,MISSING,0.898208548,Bo,0.983464686
1707660.jpeg,MISSING,0.882761443,Al,0.982870567
1707854.jpeg,28-5-1965,0.534310397,V.Sjælland Røsnæs Kongstrup Kl,0.204277054
1707554.jpeg,14-5-1954,0.549757502,Kulhuse,0.807308275
1742744.jpeg,MISSING,0.758887542,Dyrehaven,0.779681722
1706459.jpeg,14/6.1871.,0.284186117,Jydske As,0.166847530
1709443.jpeg,24.9.1919,0.155262201,Aagesholm,0.724725674
1706785.jpeg,29-7-49.,0.610060624,asserbo,0.867908457
1707314.jpeg,17.6.22,0.565798727,Dyrehaven,0.332012731
1706983.jpeg,MISSING,0.922270385,MISSING,0.549757502
1705460.jpeg,MISSING,0.988217642,Veilø Bugt.,0.338845105
1706127.jpeg,6/1862,0.641251895,Alholm. Jægerspris | Ti,0.101494392
1742750.jpeg,MISSING,0.757402243,Øbjerggård,0.630854804
1742731.jpeg,MISSING,0.762155199,Dyrehaven,0.381918763
1705808.jpeg,MISSING,0.967126402,Dyrehaven,0.799881782
1742979.jpeg,MISSING,0.084264929,MISSING,0.471036678
1743544.jpeg,MISSING,0.739875720,Øbjerggård,0.414298272
1705847.jpeg,d. 13/4-1894,0.061985450,Dyrehaven,0.798693543
1743518.jpeg,MISSING,0.742252198,Falster,0.845034859
1707405.jpeg,7/5 70,0.034953016,Rø,0.578275235
1743914.jpeg,14/6 1955,0.105653228,Bommerlund Plantage DK Ap 36,0.143973931
1743574.jpeg,MISSING,0.734528645,SS,0.444004244
1743515.jpeg,MISSING,0.742549257,MISSING,0.468957260
1707174.jpeg,MISSING,0.913655653,MS,0.245271294
1705702.jpeg,MISSING,0.973364656,SS,0.988811761
1707783.jpeg,6/1862,0.534904517,Jægerspris,0.031091240
1708421.jpeg,25-9-1960,0.250915429,Jægerspr. N.sk.,0.278839042
1709754.jpeg,MISSING,0.190018187,MISSING,0.483810246
1707585.jpeg,8.VI.2003,0.542925129,Tofte Skov NEJ,0.410436496
1707744.jpeg,5-5-1974,0.536983935,SKALLINGEN,0.683137314
1708803.jpeg,13-10-46.,0.492127918,S.J. Rørbæk Sø,0.100009094
1709014.jpeg,6.9.02,0.475195514,Sonderburg,0.399742346
1707591.jpeg,2.6.48.,0.542331009,Tystofte Sjæll.,0.243488936
1709231.jpeg,8.10.21,0.459154289,Dyrehaven,0.417565929
1744632.jpeg,15/2 1934 | 15/2 34,0.313297969,Rudkøbing Svendborg Amt | Ru,0.173382843
1709025.jpeg,13/9 1887,0.474601394,København,0.740172780
1705482.jpeg,MISSING,0.987029403,Kb,0.978117611
1708881.jpeg,26-10-1972,0.096147317,Marselisborg Dyrh.,0.073570779
1743893.jpeg,13/6 1954,0.337953925,"Ørgaard Nors, Thy",0.317753865
1708381.jpeg,17-9-49,0.512327978,Grib Skov,0.743737496
1709174.jpeg,MISSING,0.084859048,MISSING,0.492127918
1744590.jpeg,MISSING,0.712843286,MISSING,0.458857229
1706958.jpeg,MISSING,0.925240982,Dyrehaven,0.796020006
1708386.jpeg,15/5 1960,0.511436799,Venø,0.645410731
1708338.jpeg,11/10 1925,0.517377993,"Sjæll., Gladsaxe",0.157341619
1743769.jpeg,10/8 1930.,0.208732949,"Jyll., Holmsld",0.310327372
1709123.jpeg,14-9-1953,0.156153380,Dyrehaven,0.736905123
1705889.jpeg,25/6-9/7 1943,0.669175508,Æbelø,0.922567445
1709896.jpeg,MISSING,0.780572901,Kb,0.954946954
1708452.jpeg,4/6 11,0.035844195,MISSING,0.441627766
1706423.jpeg,17/6.1871,0.113673841,Dronninglund,0.128229767
1705568.jpeg,25/4.42,0.695316763,Ø. Assels Mors.,0.160312216
1706334.jpeg,MISSING,0.941876326,MISSING,0.555401637
1709345.jpeg,14-5-1953,0.055747196,Dyrehaven,0.727993331
1707529.jpeg,27/5-85,0.550648681,Kjeld Sk. Kb,0.087829645
1728599.jpeg,18.5. 1947,0.382809942,Saltholm,0.812655350
1707055.jpeg,21-5-49.,0.273194908,Eremitagen,0.649866626
1707325.jpeg,MISSING,0.903258563,Bornholm,0.665313731
1706349.jpeg,MISSING,0.940093968,Ti,0.448163080
1707360.jpeg,MISSING,0.897317369,Kb,0.971879357
1708664.jpeg,9.78,0.249727190,Tommerup,0.657293119
1705529.jpeg,MISSING,0.981088209,MISSING,0.571739921
1707167.jpeg,13/8 1888,0.114267960,Bognæs | MS,0.405386481
1706460.jpeg,14/6 1871,0.283889057,Jydske As,0.166550470
1707057.jpeg,1.7.28.,0.585107608,Eremitagen,0.686999091
1708878.jpeg,26-10-1972,0.484404365,Marselisborg Dyreh.,0.198929979
1743924.jpeg,16/6 1962,0.334983328,Danmark. Lumssås Sj. odde,0.143676872
1706959.jpeg,MISSING,0.924943922,Dyrehaven,0.382512883
1706461.jpeg,14/6 1871,0.158529858,Jydske As,0.172788724
1744585.jpeg,MISSING,0.713734465,MISSING,0.459748409
1707869.jpeg,4.1.60.,0.260421340,Silkeborg,0.748787511
1709095.jpeg,1834 | 6-10-1914,0.024555926,Nagbøl Skov,0.363204001
1705425.jpeg,19.5.1940,0.703634435,Horsens,0.880682025
1744664.jpeg,19.5.87,0.013861776,Agger Strbr,0.011485299
1707331.jpeg,MISSING,0.901773265,Bornholm,0.697099121
1706973.jpeg,15/5 1870.,0.135656259,Dyrehaven | Kb,0.317159745
1709153.jpeg,19/9 75,0.069411943,MISSING,0.496880873
1705890.jpeg,23/6-29/6 1942,0.299930282,Hagebro v. Skive,0.055747196
1707614.jpeg,22.7.28.,0.541142771,Skagen Sønder strand,0.106544407
1709421.jpeg,27.IV.2022,0.437468930,"DENMARK: NEZ: Helsingør, Grønne Vestkile, 56.0375N, 12.5598E",0.228635950
1743511.jpeg,MISSING,0.188532889,MISSING,0.370036375
1708447.jpeg,4-IV-1969,0.503119127,SJÆLLAND RØRVIG,0.252994847
1706409.jpeg,19.5.1941,0.620160655,Bygholm,0.658481358
1706801.jpeg,22/7 1906,0.608278266,Dyrehaven,0.765422855
1706081.jpeg,3/6.1870,0.132388603,Rønne,0.926726281
1742754.jpeg,MISSING,0.756511064,Øbjerggaard,0.605604729
1707408.jpeg,21/6 83,0.267847833,Esbjerg,0.863155502
1708835.jpeg,MISSING,0.828696575,MISSING,0.504010306
1707639.jpeg,MISSING,0.884840861,Møen,0.664719612
1709873.jpeg,12/7.1870,0.416377690,Ørholm,0.590454683
1743064.jpeg,MISSING,0.745519855,Dyrehaven,0.587781146
1708412.jpeg,2-10-1955,0.509060321,Kagsmosen,0.427963019
1707746.jpeg,9.VI.1982,0.536686875,Skallingen,0.682840255
1743556.jpeg,MISSING,0.738093362,Falster,0.844737799
1708811.jpeg,MISSING,0.191503486,MISSING,0.372709912
1728461.jpeg,MISSING,0.771958169,Kb,0.952570476
1706311.jpeg,6.69.,0.624616550,Rørvig,0.622834192
1709250.jpeg,16/4.1870,0.233983025,Dyrehaven,0.384592301
1709998.jpeg,28.6.87,0.221506517,Harb.,0.432715975
1743993.jpeg,26-7-1961,0.328448015,Nivå,0.929102758
1705427.jpeg,8. 9.1883,0.703337375,Husum,0.923161564
1707905.jpeg,26.9.1922,0.259530161,Dyrehaven,0.747302213
1709979.jpeg,27-7-1915,0.410733556,Skagen,0.899693847
1705648.jpeg,20.5.1915.,0.685810852,Skagen,0.036141255
1708798.jpeg,10/73,0.492722037,Rask Horsens Veile,0.120209154
1709063.jpeg,Aug 1934,0.472224917,Tange v. Ribe,0.497772052
1709929.jpeg,MISSING,0.774928766,MISSING,0.479948469
1744649.jpeg,7-6-1971,0.321615641,LÆSØ,0.051885420
1706812.jpeg,15/8 1968,0.280621400,Jylland Ringkøbing: Vedersø Klit,0.238141861
1743945.jpeg,d. 12 IX 1971,0.163579873,"Ryget, L. Værløse Sj.",0.157935738
1705852.jpeg,1/8.1901,0.671551985,Vester Ulslev - Sandager,0.117535617
1709907.jpeg,MISSING,0.778790543,MISSING,0.177541679
1706238.jpeg,2.8 1965,0.633231282,V.Sjælland Røsnæs Kongstrup Kl,0.167738709
1707064.jpeg,25.8.87.,0.584216429,Harboør,0.613031222
1705461.jpeg,MISSING,0.987920582,Veilø Bugt,0.424695362
1706321.jpeg,7/1862,0.289830252,Rørvig Bugt,0.029011822
1743594.jpeg,8.00,0.072679600,Hvedholm,0.590751743
1743898.jpeg,13/6 1954,0.337359806,"Ørgaard Nors, Thy",0.334686269
1705880.jpeg,6-7.37,0.300227342,Trelde,0.215862383
1705513.jpeg,MISSING,0.982870567,MISSING,0.573225220
1706029.jpeg,19.V.2022,0.651054865,"Denmark: Samsø: EJ: Følsdal Bakke, 55.9922N, 10.5515E, h30m",0.196256441
1709772.jpeg,21-6-1956,0.427071840,V.f. Høvblege Møn,0.270818430
1706317.jpeg,6/1869,0.078026675,Rørvig,0.905337981
1743902.jpeg,4/8 | 29. Juli-11. Aug. 1934,0.136250379,Gallehus Skov v. Møgeltønder,0.144568051
1708341.jpeg,22.9.36,0.141597454,Borbjerg,0.349242195
1705835.jpeg,MISSING,0.963264626,MISSING,0.564610488
1705670.jpeg,MISSING,0.976632313,Veilø Bugt.,0.100900273
1743744.jpeg,20.5.1918 | 25.9.01,0.107435587,Trekroner | Ti.,0.091394362
1707917.jpeg,25.9.1937,0.525992725,Dyrehaven,0.746411034
1709413.jpeg,27.IV.2022,0.439251288,"DENMARK: NEZ: Helsingør, Grønne Vestkile, 56.0375N, 12.5598E",0.229527129
1743721.jpeg,MISSING,0.728884510,MISSING,0.465095483
1707914.jpeg,13.6.1913,0.526586844,Ermelunden,0.435686572
1707852.jpeg,MISSING,0.862264323,MISSING,0.527775083
1744582.jpeg,MISSING,0.714328584,MISSING,0.460342528
1707394.jpeg,MISSING,0.090206123,Tiis-Sø,0.318942104
1706093.jpeg,MISSING,0.957323431,Møen,0.609169445
1705788.jpeg,25.6.1913,0.119020915,Ermelunden,0.692346166
1707051.jpeg,21-5-49.,0.586295847,Eremitagen,0.688187329
1709475.jpeg,MISSING,0.803149439,Dyrehaven,0.401821764
1709310.jpeg,3/6 1934,0.455589573,Saltholm,0.814734768
1706010.jpeg,19.7.1962,0.654619582,DK NH 71 | Fløjstrup Skov,0.138329797
1707542.jpeg,4/4,0.074759018,MISSING,0.535498636
1708474.jpeg,MISSING,0.846817217,MISSING,0.519457411
1705934.jpeg,7.5.49.,0.662046075,Herlev,0.907417399
1744569.jpeg,MISSING,0.716408002,Kb,0.943658684
1743815.jpeg,16.6.1929,0.350727493,Lellinge skov,0.440142467
1706356.jpeg,MISSING,0.938608669,Ti,0.975147014
1742728.jpeg,30.5.22,0.045647166,Søllerød,0.656996059
1706984.jpeg,MISSING,0.921973325,MISSING,0.549460443
1705455.jpeg,MISSING,0.989405881,Veilø Bugt,0.384295241
1706452.jpeg,17/6.1876,0.057232495,Jydske As,0.354589269
1728575.jpeg,MISSING,0.763343437,MISSING,0.474304335
1706902.jpeg,19.6.1903,0.111891482,Bognæs,0.423804183
1706122.jpeg,MISSING,0.953164595,MISSING,0.560154592
1706497.jpeg,d: 12/5 86.,0.121100333,Ålborg,0.340330403
1706868.jpeg,27-6.72,0.279433162,Ermel.,0.117238557
1709579.jpeg,MISSING,0.785919976,MISSING,0.485592604
1707644.jpeg,MISSING,0.884246741,Møen,0.699178539
1708853.jpeg,15-XI-1976,0.487077902,Ejstrupholm,0.639766596
1709509.jpeg,MISSING,0.796317066,Kb,0.959699909
1707702.jpeg,MISSING,0.875632010,MISSING,0.532528039
1705506.jpeg,MISSING,0.984355865,Boserup,0.891970294
1708415.jpeg,25-9-1960,0.508169142,Jægerspr. Nsk.,0.253588966
1706514.jpeg,26-6-1955,0.282106699,Lindholm,0.669769627
1743770.jpeg,19/7 1933,0.134765080,"Jyll., Hald.",0.332903910
1707928.jpeg,13.5.1938,0.259233101,Aasø,0.938905729
1707668.jpeg,MISSING,0.881276144,SS,0.969799939
1705439.jpeg,27. 5. 22,0.701555017,Søllerød,0.657887239
1708380.jpeg,6-9-49,0.512625038,Høvelte,0.436874811
1728503.jpeg,16/4 96,0.218535920,Utterslev,0.054261898
1706814.jpeg,15/8 1968,0.280324341,Jylland Ringkøbing: Vedersø Klit,0.237547742
1710393.jpeg,7-5-1911,0.220021219,Dyreh.,0.157044559
1742719.jpeg,17. 5. 22,0.381324644,Søllerød,0.827211276
1708942.jpeg,27/4 1870,0.034358897,Bornholm,0.696802061
1744551.jpeg,MISSING,0.720269779,Kb,0.946629282
1706399.jpeg,21.VII.2004,0.186156411,Lodskovvad NEJ,0.413407093
1706512.jpeg,Septbr. 1887,0.615110640,Aalborg,0.868502577
1709522.jpeg,MISSING,0.794237648,Kb,0.957620491
1706439.jpeg,14/6.1871,0.286562595,Dronninglund,0.170412246
1709399.jpeg,27.IV.2022,0.443410124,"DENMARK: NEZ: Helsingør, Grønne Vestkile, 56.0375N, 12.5598E",0.232200667
1706237.jpeg,23-5-1965,0.633528342,V.Sjælland Røsnæs Kongstrup Kl,0.239627160
1707272.jpeg,17-VIII-1976,0.572036981,Krenkerup,0.753243407
1709335.jpeg,19-9-1953,0.232794786,Dyrehaven,0.729478630
1705807.jpeg,MISSING,0.967423462,Dyrehaven,0.800178842
1706986.jpeg,MISSING,0.921379206,MISSING,0.548866323
1706989.jpeg,MISSING,0.920488027,Lolland,0.866720218
1709392.jpeg,27.IV.2022,0.445192483,"DENMARK: NEZ: Helsingør, Grønne Vestkile, 56.0375N, 12.5598E",0.217941801
1744573.jpeg,MISSING,0.715813883,Kb,0.942767505
1709575.jpeg,21/4 1889,0.175759321,Rude Hegn,0.634716581
1709159.jpeg,MISSING,0.815031828,MISSING,0.495989694
1708039.jpeg,7/5-1939. | 7/5-39,0.116347378,Tranekær Svendborg Amt,0.234874204
1705694.jpeg,3/6.1870.,0.681652016,Byå ved Rønne | Bo,0.151697484
1708990.jpeg,MISSING,0.822458321,MISSING,0.502227948
1707286.jpeg,17.6.1924,0.569660503,Slotved Skov,0.290127311
1709991.jpeg,13.vi. 1978,0.409545317,"NWZ, PG 27 Røsnæs, Kongstrup",0.145756290
1709964.jpeg,12/7 1939. | 12/7 39,0.114862079,Ærø Svendborg Amt,0.084264929
1742999.jpeg,22.7.1972,0.376571688,Svinø Strand,0.594316460
1707213.jpeg,30-8-62.,0.578572295,Dyrehaven,0.757105183
1705666.jpeg,MISSING,0.977226432,Veilø Bugt,0.415783571
1743840.jpeg,15/6 47,0.346865717,Lejre,0.920785086
1706076.jpeg,2.7.1937,0.643628372,Hesthave,0.078323734
1706882.jpeg,26/VII 1998,0.064956047,Hanstholm NWJ,0.321021522
1705429.jpeg,12.5.1902,0.133576841,Halk,0.894643831
1707257.jpeg,MISSING,0.904743862,Dyrehaven,0.077135496
1709152.jpeg,9/9 75,0.035250076,MISSING,0.372115793
1709161.jpeg,MISSING,0.814437708,MISSING,0.495395574
1706301.jpeg,17 Mai 1951,0.624913610,Hobro Skov Jyll.,0.265768415
1706964.jpeg,15/5 1870,0.180809336,Dyrehaven,0.763640497
1709960.jpeg,12/7 1939. | 12/7 39,0.115159139,Ærø Svendborg Amt,0.083373750
1705724.jpeg,MISSING,0.970394059,MISSING,0.566689906
1705497.jpeg,MISSING,0.986138224,MISSING,0.187047590
1705763.jpeg,24-5-1915,0.676304941,Skagen,0.910090937
1744599.jpeg,MISSING,0.711655047,MISSING,0.457668991
1707629.jpeg,MISSING,0.706605032,Bornholm,0.818299485
1709316.jpeg,30-5-1909,0.454401334,Dyrehaven,0.732152167
1728603.jpeg,MISSING,0.762749318,MISSING,0.473710215
1744607.jpeg,6.91,0.016832373,Lundby Krat,0.015347075
1708923.jpeg,22.8.22,0.141003334,Thorsager,0.741063959
1708387.jpeg,2-6-1955,0.511139739,Vodskov N.Ø.f. Aalborg,0.127338587
1743845.jpeg,15/6 47,0.346568657,Lejre,0.920488027
1705550.jpeg,10-7-37,0.696505002,Rands Fj.,0.636201879
1706352.jpeg,MISSING,0.939499848,Ti,0.833152470
1706282.jpeg,21-6-1956,0.629072446,V.f. Høvblege Møn,0.337953925
1743730.jpeg,MISSING,0.728587451,MISSING,0.464798424
1709813.jpeg,12.IV.2011,0.420536526,Sukkertoppen EJ,0.328448015
1705591.jpeg,21/5- 1922,0.692049106,Lellinge Aa,0.365580479
1705684.jpeg,3/6.1870,0.305574416,Rønne,0.883058503
1706853.jpeg,4/6-41,0.079214914,Dyrehaven,0.644519551
1709848.jpeg,18.6.21,0.139815095,Højbjerg,0.072382540
1744703.jpeg,lo-5-1956,0.033764777,Kongelunden,0.378354047
1708695.jpeg,MISSING,0.844143680,MISSING,0.517080934
1707001.jpeg,MISSING,0.917517430,MISSING,0.548272204
1709313.jpeg,18-5-1913,0.454698393,Saltholm,0.814140649
1743994.jpeg,26-7-1951,0.328150955,Nivå,0.928805699
1708895.jpeg,9-10-1972,0.480542589,MARSELISBORG,0.595207639
1709525.jpeg,MISSING,0.793346469,Kb,0.956729312
1706240.jpeg,26-5-1962,0.292503789,Skallingen,0.700960897
1743531.jpeg,8. 7. 1883,0.364986360,Husum,0.714328584
1709963.jpeg,12/7 1939. | 12/7 39,0.108029706,Ærø Svendborg Amt | Æ,0.160015156
1709023.jpeg,MISSING,0.817111246,MISSING,0.499257351
1744668.jpeg,7/6 87,0.012079418,Harboør Skobr,0.010297060
1707886.jpeg,MISSING,0.859293725,MISSING,0.525398606
1742722.jpeg,17. 5. 22,0.216159442,Søllerød,0.812061231
1709890.jpeg,MISSING,0.782058199,Kb,0.955838133
1709248.jpeg,16/4.1870,0.457074871,Dyrehaven,0.732449227
1744535.jpeg,MISSING,0.722349197,SS,0.949005759
1706485.jpeg,MISSING,0.932073356,At,0.025744165
1705699.jpeg,MISSING,0.973958775,SS,0.449648378
1707003.jpeg,6/92,0.104167930,Rolst.,0.315971507
1707747.jpeg,5-5-1974,0.536389815,SKALLINGEN,0.682543195
1707686.jpeg,MISSING,0.878899667,MISSING,0.182591694
1708360.jpeg,10-5-1915,0.514407396,Skagen,0.902367384
1707298.jpeg,11.5.1947,0.268441952,Juelsminde,0.436577751
1728577.jpeg,6-1916.,0.386968778,Silkeborg,0.718784480
1707464.jpeg,2.6.1943.,0.554807517,Dyrehaven,0.751461049
1708978.jpeg,MISSING,0.825131858,MISSING,0.181106396
1710403.jpeg,6. 6. 1917.,0.395286450,Thorsø,0.654025462
1708765.jpeg,MISSING,0.837905426,MISSING,0.512922098
1709194.jpeg,29-8-1952,0.177541679,Dyrehaven,0.734528645
1709566.jpeg,14/9.1896 | 7.9.,0.070600182,Ålbæk,0.588078206
1708888.jpeg,13.10.1991,0.482622007,Marselisborg,0.597287057
1706455.jpeg,17/6.1871.,0.284780236,Jydske As,0.393207032
1709090.jpeg,21-9-1913,0.130903304,Donse,0.924943922
1709434.jpeg,27.IV.2022,0.434795393,"DENMARK: NEZ: Hellebæk Avlsgård, Kohave, 56.0554N, 12.5439E",0.227744771
1708352.jpeg,30/3 1929,0.515595635,Liselund,0.816220067
1743771.jpeg,2/8 1930.,0.168926948,Aabenraa,0.810278872
1707320.jpeg,17.6.92,0.046835405,Dyrehaven,0.288939072
1744541.jpeg,MISSING,0.721458018,Kb,0.947817520
1709055.jpeg,23.8.03,0.473116096,Mølbak,0.060797211
1709252.jpeg,16/4.1870,0.233685965,Dyrehaven,0.787108215
1708709.jpeg,12-5-1951,0.498663231,Have Skov,0.078620794
1705928.jpeg,12-6-43,0.662937254,Sandbjerg,0.772552289
1706875.jpeg,26-7-1951,0.598475296,Nivå,0.935341012
1707815.jpeg,MISSING,0.867908457,Ti,0.446380721
1705641.jpeg,10.6. 1924,0.687296150,Skagen,0.911873295
1706839.jpeg,14-5-1953,0.603525311,Kulhuse,0.425289482
1707315.jpeg,6.6.22,0.137438618,Dyrehaven,0.794831767
1706203.jpeg,7-6-1922,0.637390118,Dyrehaven,0.769878751
1707262.jpeg,4.9.1979.,0.574413459,Dyrehaven,0.755322825
1707159.jpeg,20/8.1888,0.270224310,Bognæs | NS,0.169521067
1743849.jpeg,10-5-63,0.345974538,Faxe,0.932667475
1706502.jpeg,MISSING,0.929399818,Tiis-Sø,0.434498333
1707823.jpeg,MISSING,0.867017278,Ti,0.446083662
1706132.jpeg,7/6.1870.,0.640954835,Rø. Bornholm | Bo,0.162985753
1705583.jpeg,23-5-1965,0.693237345,V.Sjælland Røsnæs Kongstrup Kl,0.212000606
1705922.jpeg,25.5.1947,0.664422552,Veddinge bakker,0.386077599
1744701.jpeg,10-5-1956,0.318347984,Kongelunden,0.378651106
1708890.jpeg,4-10-1972,0.482027887,MARSELISBORG,0.596692937
1743885.jpeg,10-9 1935,0.204574113,Jy. Herning Brændgaard,0.222100637
1706856.jpeg,MISSING,0.927617460,MISSING,0.550648681
1707853.jpeg,7-92,0.261312519,Tammestrup Jyll.,0.252103668
1706813.jpeg,15/8 1968,0.607387087,Jylland Ringkøbing: Vedersø Klit,0.237844801
1708737.jpeg,4.1.60,0.039111852,Silkeborg,0.791861170
1709422.jpeg,27.IV.2022,0.437171870,"DENMARK: NEZ: Helsingør, Grønne Vestkile, 56.0375N, 12.5598E",0.228338891
1707864.jpeg,MISSING,0.860779024,MISSING,0.526289785
1706004.jpeg,7.VI.2003,0.296959685,Tofte Skov NEJ,0.390533495
1708761.jpeg,6. 82.,0.247647772,Rebild Bakker,0.089314944
1709015.jpeg,6.9.02,0.241409518,Sonderburg,0.399445286
1709102.jpeg,10-9 1935,0.239033040,Jy. Herning Brændgaard,0.233091846
1707965.jpeg,MISSING,0.857808427,Falster,0.356965747
1708348.jpeg,6/6-1942,0.516189754,Bornholm,0.393801152
1742759.jpeg,MISSING,0.755916945,Møen,0.398257048
1707624.jpeg,MISSING,0.886623219,Tisvilde,0.611842983
1705793.jpeg,25.6.1913,0.132685662,Ermelunden,0.581839952
1706003.jpeg,12.V.1990,0.655510761,Høstemark Skov NEJ,0.294583207
1709805.jpeg,21 Mai 1950,0.422318885,"Kagerup, Själl.",0.277650803
1707949.jpeg,6/1870.,0.258341922,Dyrehaven,0.429448318
1709955.jpeg,10/8 1930.,0.222397696,"Jyll., Holmsld",0.402415884
1707068.jpeg,25.8.87,0.123773871,Harboør,0.593722340
1742828.jpeg,6/92,0.379542286,Roesk.,0.040894210
1708041.jpeg,17/6 1940. | 17/6 40,0.115753259,Brahe Trolleborg Svendborg Amt | BT,0.133279782
1707939.jpeg,15.10.21,0.171006366,Dyrehaven,0.745519855
1705709.jpeg,17/8.1902,0.680166717,Vester Ulslev Havn,0.290424371
1705734.jpeg,MISSING,0.969502880,Danmark,0.876523189
1707620.jpeg,19.5.29,0.540845711,Faarehus,0.591642922
1706939.jpeg,MISSING,0.926726281,Dyrehaven,0.349836314
1709846.jpeg,22.8.22,0.094067899,Thorsager,0.118129736
1709447.jpeg,13.5. 1915,0.231012428,Elbæk Strandsk,0.263986056
1706955.jpeg,MISSING,0.926132161,Dyrehaven,0.587484086
1705758.jpeg,24-5-1915,0.303792058,Skagen,0.910982116
1708740.jpeg,10/1872.,0.493613216,Veile.,0.826023037
1709224.jpeg,5. 10. 1913,0.235765383,Dyrehaven,0.585404668
1707578.jpeg,7.6.1990,0.543816308,Sose,0.939796908
1743890.jpeg,23-8-1953,0.338548045,"Ørgaard Nors, Thy",0.307950894
1709487.jpeg,MISSING,0.800178842,Dyrehaven,0.784434677
1706498.jpeg,MISSING,0.930290997,MISSING,0.552728099
1706796.jpeg,22/7-4/8 1941 | 26/7,0.101494392,Gindeskov v. Skive,0.207841770
1706787.jpeg,18.6. 1930,0.032873598,Hillerød,0.822755380
1705728.jpeg,MISSING,0.969799939,Lolland,0.876820249
1744533.jpeg,MISSING,0.089314944,SS | Øbjerggård Næstved,0.125259169
1705520.jpeg,Juni 81,0.697990300,Dyrehaven ved Klampenborg,0.137735677
1706924.jpeg,5.6.22,0.040894210,Dyrehaven,0.350133374
1743506.jpeg,MISSING,0.743737496,MISSING,0.470145499
1743829.jpeg,16.6.1929,0.348351015,Lellinge skov,0.430042437
1707749.jpeg,24-V-1975,0.535795696,Harrild hede,0.601742952
1743861.jpeg,14-6-1914,0.343598060,Vamdrup,0.667987269
1706308.jpeg,23.6.32,0.167441649,Kandestederne,0.556886935
1744688.jpeg,10-5-1956,0.130012125,Kongelunden,0.637984238
1744558.jpeg,MISSING,0.718784480,Kb,0.945441043
1742783.jpeg,MISSING,0.751163989,MISSING,0.174571082
1706398.jpeg,21.VII.2004,0.621348894,Lodskovvad NEJ,0.300227342
1709093.jpeg,4-10-1914,0.177838739,Vamdrup,0.801961200
1709948.jpeg,19/6-17.,0.413704153,Esbjerg,0.850381934
1728529.jpeg,28-5-55.,0.390236435,Kollerød,0.426477721
1706309.jpeg,1883,0.291315550,Nykøbing,0.204871173
1707277.jpeg,29.9. 1959,0.031982419,Kagerup Själl.,0.296365565
1705599.jpeg,15.5.10,0.047132464,Tidsv.,0.316565626
1707726.jpeg,24-5-1974 | 24-5-1974 | 24-5-1974,0.086938466,Skallingen | Skallingen | Skallingen,0.124962110
1706221.jpeg,7-6-1922,0.172194604,Dyrehaven,0.767502273
1743016.jpeg,19.V.2022,0.373006972,"Denmark: Samsø: EJ: Følsdal Bakke, 55.9922N, 10.5515E, h30m",0.194177023
1728493.jpeg,1/5.1905,0.219130039,Vester Ulslev Haven,0.282700818
1728579.jpeg,28.VI.1987,0.386374659,EJ: Strandkær,0.319833283
1710344.jpeg,23-6-1961,0.405386481,"MidtJylland Galgehøj, Hjarbæk",0.224477114
1706941.jpeg,MISSING,0.926429221,Dyrehaven,0.796614125
1743800.jpeg,3/6-1941,0.353698090,Egholm,0.653728403
1706919.jpeg,25.9.21,0.142785693,Dyrehaven,0.322506820
1744539.jpeg,MISSING,0.721755077,Ti,0.948114580
1707750.jpeg,8.VI.2003,0.185562292,Tofte Skov NEJ,0.410139436
1707824.jpeg,MISSING,0.866720218,Ti,0.445786602
1709396.jpeg,27.IV.2022,0.444004244,"DENMARK: NEZ: Helsingør, Grønne Vestkile, 56.0375N, 12.5598E",0.217050621
1705447.jpeg,15/5.1870,0.101791452,Dyrehaven,0.777008184
1709916.jpeg,MISSING,0.777008184,Boserup,0.851273113
1707530.jpeg,24.5.88,0.264877236,Lemvig,0.665016672
1706325.jpeg,7/1862,0.623725371,Rørvig,0.583919370
1709323.jpeg,21-5-49,0.452916035,Eremitagen,0.678978478
1706100.jpeg,MISSING,0.955838133,Veilø Bugt,0.314783268
1709459.jpeg,8. 7. 1883.,0.432715975,Husum,0.421427705
1743843.jpeg,15/6 47,0.206356472,Lejre,0.924052743
1706200.jpeg,11.6.39,0.637687178,Saltholm,0.666501970
1707328.jpeg,MISSING,0.902367384,Bornholm,0.626398909
1707264.jpeg,23.7.1998,0.574116399,Dyrehaven,0.755025765
1705697.jpeg,MISSING,0.974552895,Bo,0.989405881
1744634.jpeg,c. 1/5 1935,0.123476811,Skallingen,0.672740224
1728485.jpeg,MISSING,0.767205214,Tiis Sø,0.268144892
1709074.jpeg,Sptbr 1936,0.091394362,Saltholm,0.815328888
1742832.jpeg,11-5-84,0.011485299,Klampenborg,0.274680206
1707349.jpeg,7/6.1870,0.148726887,Rø Bornholm | Bo,0.326368597
1743579.jpeg,MISSING,0.733637466,MISSING,0.467174901
1743720.jpeg,MISSING,0.729181570,MISSING,0.465392543
1744605.jpeg,MISSING,0.710466808,Øbjerggård Lundby station,0.127041528
1708751.jpeg,MISSING,0.839984844,Veile | Ve,0.246459533
1707903.jpeg,26.5.1922,0.054558957,Dyrehaven,0.747896332
1708398.jpeg,26.5.29,0.510248560,Tisvilde Hegn,0.420833586
1706934.jpeg,19/5.1870,0.277353744,Dyrehaven,0.662640194
1709755.jpeg,MISSING,0.784137617,MISSING,0.483513186
1710406.jpeg,8.6.1929,0.394395271,rg. Draved,0.034358897
1743704.jpeg,MISSING,0.730072749,Boserup,0.886029100
1709954.jpeg,28/7 1930.,0.412812974,Ærø.,0.608575326
1707208.jpeg,30-8-62.,0.578869354,Dyrehaven,0.757402243
1742793.jpeg,MISSING,0.749678691,Boserup,0.887217339
1707444.jpeg,26/6 1896,0.559263413,Skamlings=bk,0.093473780
1742770.jpeg,8/5.1870.,0.215565323,Dyrehaven | Kb,0.263688997
1707599.jpeg,21. 6. 32,0.541439830,Skagen,0.902961503
1743911.jpeg,7/8 | 1-15 Aug. 1933,0.129120946,Frøslev v. Padborg,0.192988784
1744656.jpeg,17-6-1911,0.321021522,Asminderød,0.042973628
1705949.jpeg,1.6.1967,0.660560776,Østjylland Klattrup syd f. Vejle,0.241409518
1707344.jpeg,7/6.1870.,0.564610488,Rø Bornholm | Bo,0.315377387
1705798.jpeg,22.5.1902,0.673037284,Halk,0.052479539
1706293.jpeg,14.V.2011,0.626695968,Røsnæsgd. NWZ,0.557183995
1743838.jpeg,15/6 47,0.347162777,Lejre,0.924349803
1744477.jpeg,MISSING,0.725616854,Øbjerggård,0.647193089
1706192.jpeg,7/6 1937. | 7/6 37,0.110406184,Ærø Svendborg Amt | Æ,0.135656259
1743034.jpeg,11.5.1982.,0.370630494,Grib skov,0.715516823
1705900.jpeg,Juni 1928.,0.062876629,"Sjæll., Tølløse",0.263391937
1743028.jpeg,31.V.1986,0.371521673,Jægerspris,0.416080630
1705551.jpeg,10-7.37,0.309139133,Rands Fj.,0.652243104
1706453.jpeg,17/6 1871.,0.617487117,Jydske As,0.695316763
1707531.jpeg,1/6 13,0.083076690,Bornh Rø,0.162094574
1708011.jpeg,15/5 70,0.257450743,Dyrh,0.039408912
1708460.jpeg,MISSING,0.849490755,MISSING,0.522130949
1706454.jpeg,17/6.1871.,0.617190058,Jydske As,0.338548045
1709768.jpeg,12-5-1951,0.427368900,Haveskov,0.075056078
1706097.jpeg,MISSING,0.956432252,Dyrehaven,0.771066990
1707228.jpeg,17-7-1977 | 17-7-1977,0.575601697,Jægerspr. N.sk | Jægerspr. N.sk,0.163876932
1728478.jpeg,MISSING,0.768690512,Lolland,0.850084874
1707729.jpeg,MISSING,0.874146711,MISSING,0.531339800
1708768.jpeg,9.87.,0.247350712,Hvorup,0.629963625
1706042.jpeg,20.5.34,0.648975447,Reersø,0.906526220
1744602.jpeg,MISSING,0.711060928,MISSING,0.457074871
1743981.jpeg,14.V.1985,0.330824492,NEZ: Munkholm,0.319239163
1708754.jpeg,MISSING,0.839390724,Veile | Ve,0.347162777
1706849.jpeg,24.10.1976,0.601148833,ROLD SKOV SKØRPING | DANMARK,0.121397393
1743023.jpeg,21 Mai 1950,0.371818733,"Kagerup, Själl.",0.285968475
1706286.jpeg,18-6-1956,0.628181267,Redsle Fl.,0.700663838
1743010.jpeg,19.V.2022,0.374789330,"Denmark: Samsø: EJ: Følsdal Bakke, 55.9922N, 10.5515E, h30m",0.189127008
1708392.jpeg,5.10.32.,0.252400727,Magelundegaard pr. Købelev,0.122288572
1728536.jpeg,1-6-1918,0.388454077,København,0.719081540
1706371.jpeg,MISSING,0.090503183,Nykøbing Lyng,0.091691422
1709207.jpeg,29.4.32,0.460639588,Dyreh.,0.825725978
1707483.jpeg,5-6-1922,0.553916338,Dyrehaven,0.750569870
1707126.jpeg,28.7.18,0.580354653,Dyrehaven,0.365283419
1707742.jpeg,5-5-1974,0.537578054,SKALLINGEN,0.683434374
1708926.jpeg,22.8.22,0.082482570,Thorsager,0.790672931
1706484.jpeg,MISSING,0.932370415,Au,0.027823583
1709780.jpeg,28.IX.1988,0.425586541,NEZ UB38 HARESKOV,0.214377084
1743982.jpeg,27.IV.1986,0.183482874,F. Brandholtby V. Tommerup,0.066738406
1707900.jpeg,12.IV.2011,0.528963322,Sukkertoppen EJ,0.329933313
1709460.jpeg,26.9.1931,0.176056381,Virklund,0.453213095
1744482.jpeg,MISSING,0.724131555,Øbjerggård,0.646896029
1709779.jpeg,14.IV.1991,0.425883601,LFM PF58 RAVNSBY BAKKE,0.146053349
1743810.jpeg,16.6.1929,0.351618672,Lellinge skov,0.463907245
1706829.jpeg,12/6 1962,0.605307669,Tisvilde Hegn Nordsjælland,0.236953622
1705533.jpeg,MISSING,0.980197029,MISSING,0.571145802
1705708.jpeg,17/8.1902,0.680463777,Vester Ulslev Haven,0.106247348
1707251.jpeg,MISSING,0.906229160,Dyrehaven,0.089612004
1744662.jpeg,30.5.95,0.199524098,Esbjerg,0.840281904
1705483.jpeg,29/5.1870,0.699178539,Dyrehaven | Kb,0.348351015
1706840.jpeg,7-6-1971,0.603228251,LÆSØ,0.666204911
1708920.jpeg,26.8.1940,0.477274932,Mols,0.645113671
1706082.jpeg,3/6.1870,0.160015156,Rønne,0.926429221
1708436.jpeg,24/9 79,0.141300394,Rørdal,0.162391634
1707977.jpeg,MISSING,0.855431949,Kb,0.968314641
1708995.jpeg,MISSING,0.821567142,MISSING,0.179621097
1709526.jpeg,MISSING,0.793049409,Kb,0.956432252
1705865.jpeg,20.5-95,0.100306153,Funder,0.834934829
1728451.jpeg,MISSING,0.773740527,Kb,0.954055774
1706046.jpeg,20.5.34,0.648381328,Reersø,0.709575629
1708877.jpeg,26-10-1972,0.484701425,Marselisborg Dyreh.,0.260718400
1708750.jpeg,MISSING,0.840281904,Veilø Bugt | Ve,0.026338284
1705792.jpeg,22.5.1915,0.673334344,Ry Nørreskov,0.603228251
1706279.jpeg,18-6-1956,0.629666566,Redsle Fl.,0.391721734
1707918.jpeg,25.9.1937,0.525695665,Dyrehaven,0.746113974
1744597.jpeg,MISSING,0.711952107,MISSING,0.457966050
1709107.jpeg,10-9-1935,0.095553198,Jy. Herning,0.362906941
1707594.jpeg,23.6.32,0.166847530,Kandestederne,0.203682934
1743939.jpeg,30.5 1964,0.057529554,V.Sjælland Røsnæs Kongstrup Kl,0.149915126
1707650.jpeg,6/1871,0.125853289,Vendsys=sel,0.086938466
1708806.jpeg,23/11.1969,0.491533798,Jylland Karup,0.320130343
1742782.jpeg,MISSING,0.751461049,MISSING,0.174868142
1705828.jpeg,17/6 1870.,0.160906335,Dyrehaven | Kb,0.401227645
1709125.jpeg,25.9-1960,0.237844801,Jægerspr. N.Sk.,0.356074568
1705801.jpeg,4.6.19,0.302603819,Thorsager,0.800475902
1709852.jpeg,22.8.12,0.224477114,Thorsager,0.781761140
1710367.jpeg,18.7.1926,0.400930585,Thorsager,0.720269779
1705604.jpeg,MISSING,0.979305850,MISSING,0.570254623
1709222.jpeg,28.9.1913,0.459748409,Dyrehaven,0.733043346
1710334.jpeg,23-6-1961,0.408060018,"MidtJylland Galgehøj, Hjarbæk",0.226853592
1709497.jpeg,MISSING,0.797505305,Dyrehaven,0.428854198
1706131.jpeg,6/1862.,0.295474386,Alholm. Jægerspris | Ti,0.132388603
1709974.jpeg,17-7.51.,0.222100637,Stubbergaard. Sevel.,0.160609276
1709729.jpeg,10-5-63,0.429745377,Faxe,0.933855714
1743989.jpeg,26-7-1951,0.329042134,Nivå,0.883949682
1705849.jpeg,18/5 1890,0.671849045,Seloø,0.056341316
1707780.jpeg,6/1862,0.112782661,Jægerspris,0.031388299
1708818.jpeg,MISSING,0.833152470,MISSING,0.508169142
1709841.jpeg,19.7.1928,0.417565929,Dronninglund,0.407168839
1710394.jpeg,20.6.09,0.396474689,Dyrehaven,0.781167020
1709541.jpeg,MISSING,0.790375871,Lolland,0.854540770
1709138.jpeg,23.9.1973,0.465986663,DANMARK | RISØ ROSKILDE,0.146350409
1709051.jpeg,9.78,0.031388299,Tommerup,0.453510155
1744581.jpeg,MISSING,0.714625644,MISSING,0.460639588
1743899.jpeg,13/6 1954,0.337062746,"Ørgaard Nors, Thy",0.334389209
1708894.jpeg,9-10-1972,0.480839648,MARSELISBORG,0.595504698
1707485.jpeg,8-6-1914 | 1829,0.022476508,Vamdrup,0.862264323
1743042.jpeg,26.9.1922,0.369145196,Dyreh.,0.708981510
1707821.jpeg,MISSING,0.867314338,Ti,0.916923310
1743959.jpeg,3.5.1974,0.203088815,KNUDSH.ODDE SJÆLLAND | DANMARK,0.128526826
1707540.jpeg,MISSING,0.888702637,MISSING,0.536092755
1743948.jpeg,4-4-1953 | 4-4-1953,0.332012731,Glumsø øst-skv | Glumsø øst-skv,0.193582904
1706824.jpeg,24 - 7 - 1969,0.606198848,Læsø. Nordmarken,0.265174295
1708694.jpeg,26-9-1964,0.131497423,Tranekær,0.269333131
1709847.jpeg,22.8.32,0.043864808,Thorsager,0.389048196
1707004.jpeg,26/8.1899,0.275868445,Kjeldskov,0.583325250
1707274.jpeg,19-X-1976,0.571739921,Sundby storsk,0.320724462
1707425.jpeg,MISSING,0.890187936,Svejbæk,0.593425280
1707566.jpeg,20-5-1956,0.546489845,JægersprisNord skov,0.283294938
1707426.jpeg,28 Mai 1889,0.064658988,Lindum H. Onsild,0.072085480
1706435.jpeg,14/6.1871,0.075650197,Dronninglund,0.312109730
1705605.jpeg,MISSING,0.979008791,MISSING,0.569957563
1707452.jpeg,21-5-49.,0.557778115,Eremitagen,0.685810852
1705918.jpeg,1-6-50.,0.665610791,Hestehaven. Hillerød,0.267253713
1705649.jpeg,1883,0.685513792,Vojens,0.835826008
1709186.jpeg,29-8-1952,0.464798424,Dyrehaven,0.736608063
1707473.jpeg,14-5-1914,0.266659594,Vamdrup,0.862858442
1705633.jpeg,21.7.1974.,0.688187329,Rø,0.990000000
1744564.jpeg,MISSING,0.717299182,Kb,0.978711731
1709476.jpeg,MISSING,0.802852380,Dyrehaven,0.277947863
1707845.jpeg,MISSING,0.862858442,MISSING,0.528369203
1708438.jpeg,Oktober 1964,0.505198545,Bornholm,0.815923007
1743500.jpeg,MISSING,0.744925735,SS | Øbjerggård Næstved,0.167441649
1706915.jpeg,10.8.1948,0.593425280,Dyrehaven,0.261312519
1706830.jpeg,1. 7. 28.,0.605010609,Eremitagen,0.689078509
1708807.jpeg,23-10-1971,0.491236738,"N-JYLLAND SKAGEN, STRANDKANT",0.155559260
1707366.jpeg,MISSING,0.895832070,SS,0.970394059
1707675.jpeg,MISSING,0.880384965,MISSING,0.183482874
1743583.jpeg,MISSING,0.732746287,Boserup,0.843549560
1743879.jpeg,14.4.1943,0.205168233,Rude skov,0.392612913
1709581.jpeg,16/4 1870,0.430339497,Dyrehaven,0.723240376
1743922.jpeg,23-10-1971,0.183779933,"N-JYLLAND SKAGEN, STRANDKANT",0.165659291
1728565.jpeg,MISSING,0.765719915,MISSING,0.476680812
1743014.jpeg,19.V.2022,0.373601091,"Denmark: Samsø: EJ: Følsdal Bakke, 55.9922N, 10.5515E, h30m",0.194474083
1743799.jpeg,3/5-1942,0.353995150,Tisvilde Hegn ved Asserbo,0.222397696
1705444.jpeg,15/5. 1870,0.312109730,Dyrehaven,0.695910882
1709027.jpeg,13/9 1887.,0.474007275,København,0.739578660
1706040.jpeg,20.5.34,0.649272507,Reersø,0.906823280
1743985.jpeg,1. VI. 1986,0.329933313,NEJ: Lundby Hede,0.141300394
1707463.jpeg,2.6.1943,0.555104577,Dyrehaven,0.751758109
1744665.jpeg,2/6 88 | do 1/6 88 | 28/5 88,0.010594119,Harb,0.013267657
1709197.jpeg,26-8-1956,0.462719006,Nekselø V.,0.679572598
1710404.jpeg,7. 6. 1927,0.394989391,Pindstrup,0.339736284
1705542.jpeg,28/5 1939. | 28/5 39,0.109515005,Ristinge Svendborg Amt | Ri.,0.110109124
1708802.jpeg,13.10.46,0.492424977,s.f. Rørbæk Sø,0.253291907
1707080.jpeg,29-5-1951,0.583325250,Dyrehaven,0.760669900
1705863.jpeg,9.1900,0.300524401,Bernstorff,0.323695059
1706433.jpeg,17/6 1871,0.287156714,Dronninglund,0.343598060
1705494.jpeg,MISSING,0.986732343,MISSING,0.574413459
1709120.jpeg,19-9-1953,0.058420734,Dyrehaven,0.737796302
1743491.jpeg,3/6. 1870.,0.365580479,Bo | Byaa ved Rønne,0.070006062
1709592.jpeg,7. 96,0.094364959,Næsbyhoved,0.254183086
1709445.jpeg,18.V.1930,0.127338587,Madum Sø,0.366471658
1743836.jpeg,13-8-36.,0.347756896,Hindsholm,0.713437405
1709927.jpeg,20/8 88 | 19/6.86,0.016535314,Bognæs | Fredriksværk Karsemose,0.018614732
1742774.jpeg,MISSING,0.752946347,SS,0.950193998
1705419.jpeg,25.6.1913,0.705119733,Ermelunden,0.048320703
1706445.jpeg,14/6.1871,0.285671416,Dronninglund,0.326071537
1706981.jpeg,MISSING,0.922567445,MISSING,0.550054562
1709988.jpeg,5-8-1953,0.030794180,Horbelev,0.018020612
1709530.jpeg,MISSING,0.792455289,MISSING,0.178432858
1708759.jpeg,10/1873,0.127932707,Rask Horsens | Ho,0.210218248
1709640.jpeg,12/5 46,0.228933010,Uvelse Skov,0.353401031
1708416.jpeg,25-9-1960,0.178729918,Jægerspr. N.sk.,0.373304032
1707317.jpeg,22.5.22,0.565501667,Søllerød,0.828696575
1707898.jpeg,2.IV.1983,0.529260382,Sandmilen v Skagen NEJ,0.133576841
1705756.jpeg,7-6-1964,0.677196120,Øle å,0.427368900
1709491.jpeg,MISSING,0.799287663,Dyrehaven,0.306762655
1707984.jpeg,8/5. 1870.,0.521239770,Dyrehaven | Kb,0.408951197
1728488.jpeg,1.6.14,0.136844498,Silkeborg,0.054856017
1706137.jpeg,MISSING,0.951085177,Bo,0.976632313
1710373.jpeg,14.6.1990,0.399742346,Hammershus,0.398554107
1709298.jpeg,11/5. 1896,0.233388906,Nørlem Hede,0.165362231
1709479.jpeg,MISSING,0.802258260,Dyrehaven,0.288047893
1706404.jpeg,21.VII.2004,0.620457714,Lodskovvad NEJ,0.412812974
1705437.jpeg,27.5.22,0.701852076,Søllerød,0.627290088
1744707.jpeg,4.5.1978,0.317159745,Tissø,0.610951804
1743756.jpeg,6/8 1930.,0.359045165,Ribe.,0.611248863
1743576.jpeg,MISSING,0.734231585,SS,0.949896938
1707230.jpeg,13.8.88,0.018317672,Bognæs,0.027526523
1707324.jpeg,MISSING,0.903555623,Bornholm,0.821864201
1707858.jpeg,MISSING,0.861967263,MISSING,0.527478024
1705855.jpeg,2.5.1913,0.670957866,Silkeborg,0.773740527
1742740.jpeg,MISSING,0.759778721,Dyrehaven,0.331418612
1706199.jpeg,6/7 1922,0.067035465,Sandvig,0.262500758
1706757.jpeg,7/7 1930,0.281809639,Langø,0.064956047
1709932.jpeg,6.8.81,0.223288875,Tjustrup,0.299039103
1744446.jpeg,14.5.1947,0.173976963,Juelsminde,0.047429524
1743011.jpeg,19.V.2022,0.374492270,"Denmark: Samsø: EJ: Følsdal Bakke, 55.9922N, 10.5515E, h30m",0.195068202
1707631.jpeg,MISSING,0.885732040,Bornholm,0.827805396
1706491.jpeg,MISSING,0.930885117,Al,0.985247045
1708823.jpeg,MISSING,0.831667172,MISSING,0.506683844
1743918.jpeg,21-4. 1963,0.067629585,Tisvilde Hegn Nordsjælland,0.221506517
1743967.jpeg,MISSING,0.727696272,MISSING,0.462719006
1708439.jpeg,oktober 1964,0.504901485,Bornholm,0.407762958
1709219.jpeg,28.9.1913,0.155856320,Dyrehaven,0.451133677
1709915.jpeg,MISSING,0.777305244,MISSING,0.480839648
1707843.jpeg,MISSING,0.863155502,MISSING,0.528666263
1705910.jpeg,31-5-1917,0.666501970,Vraa,0.937420430
1707059.jpeg,1.7.28.,0.584513489,Eremitagen,0.686404971
1709835.jpeg,7. 1883,0.140112155,Faaborg,0.852758412
1706000.jpeg,26.VI 2004,0.017129433,Hald Ege EJ,0.014158836
1709067.jpeg,11/9 1935. | 11/9 35,0.089017884,Thurø Svendborg Amt | Tø,0.129120946
1707565.jpeg,21-6-1956,0.546786905,V.f. Høvblege Møn,0.268441952
1743710.jpeg,3/4 1890,0.363204001,Skibby,0.664125493
1707150.jpeg,13/8.1888,0.270521370,Bognæs i Hjørring amt | NS,0.018911791
1707196.jpeg,27/7.18,0.579760533,Dyrehaven,0.758293422
1705619.jpeg,14-5-1954,0.690266747,Kulhuse,0.877414368
1743527.jpeg,4/6 92,0.035547135,Kulhuse Jægerspris,0.095553198
1728467.jpeg,MISSING,0.770769930,MISSING,0.478760230
1706262.jpeg,23/8 80,0.083670809,Faaborg,0.019802971
1706171.jpeg,MISSING,0.944549864,MISSING,0.558966353
1706146.jpeg,MISSING,0.948708700,Bo,0.580354653
1728537.jpeg,23-5-1915,0.388157017,Skagen,0.899099727
1706999.jpeg,MISSING,0.917814489,Lolland,0.864046681
1709372.jpeg,12-10-1952,0.448757199,Dyrehaven,0.726805092
1705695.jpeg,3/6.1870.,0.681354956,Byå ved Rønne. | Bo,0.256559564
1705420.jpeg,25.6.1913,0.704822674,rg.Ermelunden,0.101791452
1707170.jpeg,MISSING,0.914249773,MS,0.984652925
1709168.jpeg,MISSING,0.812358290,MISSING,0.493316156
1707982.jpeg,15/5.1870.,0.521536829,Kb | Dyrehaven,0.409248257
1706867.jpeg,27.7.72,0.599960594,Jægerspris,0.035547135
1706790.jpeg,16-6-1908,0.281512580,Tidsvilde,0.766016975
1709429.jpeg,27.IV.2022,0.435686572,"DENMARK: NEZ: Hellebæk Avlsgård, Kohave, 56.0554N, 12.5439E",0.242300697
1708937.jpeg,MISSING,0.826914216,Øbjerggård,0.404495302
1706210.jpeg,5-6-1922,0.293394968,Dyrehaven,0.769284632
1708925.jpeg,22.8.22,0.082779630,Thorsager,0.389345256
1743726.jpeg,23-8-1953,0.362312822,"Ørgaard Nors, Thy",0.335874507
1708426.jpeg,8-9-1970,0.507277963,Læsø,0.703634435
1708672.jpeg,7/10 1930,0.501336769,København,0.742549257
1709357.jpeg,MISSING,0.804337678,MISSING,0.178729918
1708993.jpeg,16/4 1870,0.178432858,Dyrehaven,0.740766899
1705575.jpeg,12-6-50.,0.307653834,Jægerspris,0.692643225
1708356.jpeg,25-5-1914,0.253886026,Vamdrup,0.858105487
1744696.jpeg,10-5-1956,0.319239163,Kongelunden,0.636795999
1707865.jpeg,MISSING,0.860481964,MISSING,0.525992725
1709517.jpeg,MISSING,0.794831767,Kb,0.958214610
1708866.jpeg,26.10.72.,0.147835708,Marselisb. Sk.,0.213782965
1706266.jpeg,MISSING,0.195365262,MISSING,0.375977569
1707923.jpeg,5. 7. 1905,0.058717793,Dyreborg,0.046835405
1705898.jpeg,1/8 1930.,0.667987269,Dybbøl,0.346865717
1706835.jpeg,22-5-1965,0.604119430,V.Sjælland Røsnæs Kongstrup Kl,0.156153380
1708451.jpeg,4.81.,0.250321309,Vesterfælled,0.244677175
1708671.jpeg,28/9 89,0.044755987,Tebbestrup Randers,0.019208851
1707878.jpeg,MISSING,0.859887845,Sorø.,0.057529554
1709735.jpeg,10-5-63,0.429448318,Faxe,0.892861473
1707035.jpeg,29-5-38,0.588969385,Grib,0.592237042
1707667.jpeg,MISSING,0.881573204,SS,0.982573507
1708897.jpeg,9-10-1972,0.480245529,MARSELISBORG,0.594910579
1706843.jpeg,16.7.1976,0.602634132,LIVØ LIMFJORDEN | DANMARK,0.121100333
1705598.jpeg,13/6 86,0.306762655,Tisvilde,0.339142164
1709347.jpeg,MISSING,0.805822977,MISSING,0.490939679
1709293.jpeg,MISSING,0.807308275,Kb,0.960591088
1708858.jpeg,1-11-1959,0.120803274,Silkeborg,0.741955138
1709005.jpeg,MISSING,0.819784783,Lolland,0.856620188
1728457.jpeg,MISSING,0.772849348,Kb,0.953461655
1707340.jpeg,MISSING,0.899396787,Øbjerg=gaard,0.094959079
1709284.jpeg,MISSING,0.809387693,Kb,0.962670506
1707458.jpeg,5-6-50.,0.555995756,Tisvilde Hegn.,0.410733556
1709322.jpeg,10-5-1915,0.453213095,Skagen,0.901476205
1707361.jpeg,29/5.1870,0.563719309,Kb | Dyrehaven,0.411921794
1705654.jpeg,15.7.37,0.685216732,Sose,0.835528948
1707498.jpeg,5.6.22,0.119615035,Dyrehaven,0.279433162
1744628.jpeg,23/1 1936. | 23/1 36,0.090800242,Rudkøbing Svendborg Amt | Ru,0.190909366
1705674.jpeg,3/6.1870,0.161500455,Rønne,0.928211579
1709368.jpeg,6-4-1952,0.449648378,Dyrehaven,0.727696272
1742822.jpeg,27/6.1908,0.153776902,Kjeldskov,0.779087602
1706942.jpeg,19/5.1870,0.277056684,Dyrehaven,0.796317066
1744637.jpeg,25-5-53,0.323100940,Tisvilde Strand,0.285671416
1709409.jpeg,27.IV.2022,0.440439527,"DENMARK: NEZ: Helsingør, Grønne Vestkile, 56.0375N, 12.5598E",0.230121249
1706401.jpeg,21.VII.2004,0.620754774,Lodskovvad NEJ,0.413110033
1708430.jpeg,21.X. 1976,0.506089724,"Sjælland Røsnæs, Kongstrup",0.234280085
1742995.jpeg,13-7-1951,0.213782965,Dragstrup,0.778790543
1707752.jpeg,8.VI.2003,0.535498636,Tofte Skov NEJ,0.409545317
1710379.jpeg,29. august 1993,0.398554107,"DK, NWZ, PG 27 Kongstrup, Røsnæs",0.224180055
1707718.jpeg,17-6-1908,0.263094877,Tidsvilde,0.794237648
1707085.jpeg,29-5-1951,0.582434071,Dyrehaven,0.759778721
1708848.jpeg,12-IV-1976,0.488266141,Ejstrupholm,0.640954835
1710410.jpeg,8.6.1929.,0.219427099,Yg. Draved,0.033764777
1705669.jpeg,MISSING,0.976929373,Veilø Bugt,0.362015762
1707413.jpeg,21/5 86,0.097929676,MISSING,0.537578054
1708686.jpeg,23.10.32,0.499851470,Grib Skov,0.668878448
1706211.jpeg,30-6-1912,0.293097908,Sandbjerg,0.768987572
1708727.jpeg,20.10.1946,0.495395574,Salten,0.670066687
1743575.jpeg,3/7. 1872,0.211406487,SS | Næstved,0.387562898
1709972.jpeg,17-7-51,0.411624735,"Stubbergaard, Sevel",0.108029706
1705685.jpeg,3/6.1870,0.305277357,Rønne,0.882761443
1709623.jpeg,4/12.1942,0.087532586,Peterslund Mors.,0.135359200
1707371.jpeg,MISSING,0.894940891,MISSING,0.184671112
1705624.jpeg,14-5-1954,0.689672628,Kulhuse,0.877117308
1707908.jpeg,26.9.1922,0.527478024,Dyrehaven,0.746708093
1706386.jpeg,MISSING,0.935341012,MISSING,0.553025159
1709788.jpeg,14.IV.1995,0.424101243,LFM PFG7 MALTRUP,0.105059109
1743745.jpeg,25-8-1920,0.360827523,Faxe Ladeplads,0.244380115
1709043.jpeg,MISSING,0.191206426,MISSING,0.372412852
1705688.jpeg,3/8.1870,0.681949075,Kjøbenhavn,0.361718703
1709389.jpeg,30.5. 1947,0.445786602,Vedersø Jylland,0.288344953
1707748.jpeg,5-5-1974,0.536092755,SKALLINGEN,0.682246135
1707129.jpeg,28.7.18 | 4.9.70,0.270818430,Dyrehaven | Dyrehaven,0.263094877
1709249.jpeg,16/4.1870,0.234280085,Dyrehaven,0.787405274
1742752.jpeg,MISSING,0.757105183,Øbjerggård,0.414892392
1706492.jpeg,MISSING,0.930588057,Al,0.918705668
1706104.jpeg,MISSING,0.954946954,Veilø Bugt,0.616001819
1709844.jpeg,7.1883,0.225071234,Faaborg,0.852164292
1707635.jpeg,6/1871,0.074461958,Vendsyssel,0.254480145
1742725.jpeg,5.6.22,0.215862383,Dyrehaven,0.395286450
1743722.jpeg,V.97.,0.210218248,Sandbg,0.060203092
1742808.jpeg,MISSING,0.189424068,MISSING,0.370927554
1709745.jpeg,30/5-71,0.019802971,MISSING,0.014752955
1708938.jpeg,9/9 1872,0.242597757,Dyrehaven,0.603822370
1743702.jpeg,MISSING,0.730666869,Boserup,0.843252501
1707651.jpeg,6/1871,0.074164898,Vendsyssel,0.624022431
1743858.jpeg,10-5-63,0.343895120,Faxe,0.930290997
1706166.jpeg,1/8.1901,0.294880267,Sandager Lolland,0.360827523
1708748.jpeg,MISSING,0.840578963,Ve,0.965641103
1705972.jpeg,86.,0.012970597,MISSING,0.562234010
1709283.jpeg,MISSING,0.809684753,Kb,0.962967566
1706500.jpeg,MISSING,0.929696878,MISSING,0.552133980
1707372.jpeg,13/5.1870,0.180512276,Aldershvile,0.405683540
1706513.jpeg,Septbr.1887,0.614813580,Aalborg,0.868205517
1744593.jpeg,MISSING,0.712546226,MISSING,0.458560170
1707225.jpeg,17-7-1977,0.576195817,Jægerspr. N.sk.,0.104167930
1708336.jpeg,Juli 1931.,0.255074265,"Vuusgrd, Aalbæk",0.050103062
1707698.jpeg,MISSING,0.876523189,MISSING,0.533419218
1706996.jpeg,MISSING,0.918705668,Lolland,0.864937860
1706267.jpeg,MISSING,0.943658684,MISSING,0.558075174
1742765.jpeg,MISSING,0.754728706,Kb,0.951679297
1709253.jpeg,16/4.1870,0.127635647,Dyrehaven,0.433013034
1743742.jpeg,9.7.96.,0.361124583,blingskovgaard,0.058123674
1707280.jpeg,17-6.1924,0.269036072,Slotved Skov,0.614516520
1707045.jpeg,25-5-1914,0.273789027,Vamdrup,0.863749621
1709001.jpeg,MISSING,0.820378903,MISSING,0.179324038
1709906.jpeg,MISSING,0.779087602,MISSING,0.482027887
1709098.jpeg,22.8.22.,0.239330100,Thorsager,0.789187633
1743568.jpeg,MISSING,0.735716884,MISSING,0.467471961
1743983.jpeg,11.VI.1987,0.330527433,SJ:Frøslev Plt.,0.065847226
1707693.jpeg,MISSING,0.877414368,Boserup,0.861373143
1708756.jpeg,10/1873.,0.080700212,Raske Horsens | Ho,0.100603213
1707342.jpeg,4/6.1870,0.149023947,Bekkegård ved Blykobbe | Bo.,0.107732646
1744478.jpeg,MISSING,0.725319794,Øbjerggård,0.455292513
1743006.jpeg,25-8-17,0.144865111,Raageleje,0.716408002
1728604.jpeg,22/5.1917 | 1911,0.024258866,Vester Ulslev Vestermosen,0.090800242
1707499.jpeg,23.7.72,0.122288572,Tisvilde,0.657590179
1743565.jpeg,MISSING,0.736311003,Ryt,0.035250076
1744629.jpeg,23/1 1936. | 23/1 36,0.106841467,Rudkøbing Svendborg Amt | Ru,0.201603516
1743541.jpeg,MISSING,0.740469839,Øbjerggaard,0.242894817
1705647.jpeg,8.8.1936.,0.686107911,Arnager,0.037329494
1707302.jpeg,19. 7. 1928.,0.567284025,Dronninglund,0.394989391
1728587.jpeg,10. 6. 1979.,0.384889360,Østrig,0.897614429
1707596.jpeg,6.6.1924,0.148429827,Skagen,0.711357987
1707376.jpeg,MISSING,0.893752652,MISSING,0.540548651
1709402.jpeg,27.IV.2022,0.442518945,"DENMARK: NEZ: Helsingør, Grønne Vestkile, 56.0375N, 12.5598E",0.249133071
1707070.jpeg,29/6 71,0.037923613,MISSING,0.442518945
1743892.jpeg,23-8-1953,0.338250985,"Ørgaard Nors, Thy",0.335280388
1709277.jpeg,MISSING,0.810872992,Kb,0.963858745
1706379.jpeg,11.8.68,0.288939072,Nykjøb. Lyng.,0.267847833
1709085.jpeg,3-9-1915,0.471036678,Lersøen,0.377462868
1706469.jpeg,MISSING,0.934746893,Al,0.986435283
1744560.jpeg,MISSING,0.718487420,Kb,0.945143983
1743920.jpeg,2/7 1961,0.335280388,Tisvilde Hegn Nordsjælland,0.220912398
1708043.jpeg,8/5-1936. | 8/5-36,0.255371325,Tranekær Svendborg Amt | Tr,0.068817824
1707067.jpeg,25.8.87,0.272303728,Hals,0.024258866
1743874.jpeg,6-9-49.,0.340924523,Sønderskov. Høvelte,0.255371325
1705711.jpeg,MISSING,0.972473477,Kb,0.976929373
1709131.jpeg,25.9.1969,0.466877842,Turø Rev,0.295474386
1705924.jpeg,29.6.1948,0.664125493,"Jydelejet, MØN",0.274383146
1706031.jpeg,19.V.2022,0.650757805,"Denmark: Samsø: EJ: Følsdal Bakke, 55.9922N, 10.5515E, h30m",0.195959382
1709485.jpeg,MISSING,0.800772962,Dyrehaven,0.784731737
1706092.jpeg,MISSING,0.957620491,Møen,0.884840861
1705750.jpeg,8-7-60.,0.678087299,Vstr. Sømark,0.448757199
1707223.jpeg,28-8-1976,0.576492877,Krenkerup,0.755619885
1705851.jpeg,25/5.1896,0.300821461,Ålbæk,0.882464383
1744670.jpeg,19/5 78,0.011188239,V.F.,0.012376478
1706881.jpeg,30.7.44,0.597287057,Kongelund | DANMARK,0.273194908
1707849.jpeg,6/6 92,0.261906638,Kulhuset,0.020100030
1707007.jpeg,18/5-1901,0.275274326,Vester Ulslev,0.383107002
1706156.jpeg,MISSING,0.946629282,Lolland,0.871176114
1710383.jpeg,? - VII - 1976,0.220615338,Agernæs Nordfyn,0.287156714
1709838.jpeg,7. 1883,0.225962413,Faaborg,0.801664141
1743830.jpeg,juni. 1933,0.206950591,Hillerød,0.704822674
1742794.jpeg,MISSING,0.749381631,Boserup,0.846817217
1743750.jpeg,27.7.03,0.359936344,Funder,0.895832070
1742736.jpeg,MISSING,0.760966960,Dyrehaven,0.697990300
1707753.jpeg,21 Mai 1950,0.535201576,"Kagerup, Sjæll.",0.270224310
1705586.jpeg,8-6-1958,0.692643225,Stensbæk pl.,0.333200970
1705836.jpeg,MISSING,0.962967566,Boserup,0.875632010
1705705.jpeg,17/8.1902,0.681057896,Vester Ulslev Haven,0.110406184
1706421.jpeg,17/6.1871,0.287750834,Dronninglund Vendsyssel,0.023367687
1743888.jpeg,1/8 1938.,0.339142164,Arnum Sønderjl,0.291315550
1709415.jpeg,27.IV.2022,0.438657169,"DENMARK: NEZ: Helsingør, Grønne Vestkile, 56.0375N, 12.5598E",0.229230070
1706153.jpeg,MISSING,0.947520461,MISSING,0.559263413
1709226.jpeg,10. 1904,0.235468324,Silkeborg,0.659372537
1742776.jpeg,MISSING,0.752649288,MISSING,0.176056381
1706848.jpeg,17.8.1974,0.601445893,OMØ | DANMARK,0.304683237
1707294.jpeg,2.8.1931.,0.568472264,Tg. Vejrs,0.029903001
1707220.jpeg,28-8-1976,0.577384056,Krenkerup,0.661749015
1707453.jpeg,21-5-49.,0.557481055,Eremitagen,0.685513792
1707049.jpeg,21-5-49.,0.586889967,Eremitagen,0.633231282
1707838.jpeg,MISSING,0.864343741,MISSING,0.529557442
1707528.jpeg,23/6 88 | 1/8 87 | 27/5 85,0.063173689,Ferring | Harb. | Bvld,0.058717793
1705753.jpeg,22-7-60.,0.677493180,Vstr. Sømark,0.431527736
1710349.jpeg,19-7-1959,0.404198242,S.Sjælland Mogenstrup,0.257747802
1707947.jpeg,6/1870,0.121694453,Dyrehaven,0.744628675
1707687.jpeg,MISSING,0.878602607,MISSING,0.533716278
1710339.jpeg,23-6-1961,0.406574720,"MidtJylland Galgehøj, Hjarbæk",0.225368293
1706135.jpeg,MISSING,0.951382237,Bo,0.987920582
1705715.jpeg,MISSING,0.971582298,MISSING,0.567878145
1707469.jpeg,5-6-1922,0.554510458,Dyrehaven,0.751163989
1708870.jpeg,26-10-1972,0.486186723,Marselisborg Dyreh,0.308842073
1705866.jpeg,20.5.1918 | 23.5.96,0.019505911,Trekroner | TR,0.049806002
1744645.jpeg,9-3-1958,0.052479539,Skallingen,0.671849045
1709761.jpeg,12-10-1952,0.428854198,Dyrehaven,0.722943316
1706297.jpeg,19.V.2022,0.625507730,"Denmark: Samsø: EJ: Følsdal Bakke, 55.9922N, 10.5515E, h30m",0.189424068
1706416.jpeg,16.5.1896,0.288047893,Friis's Mark,0.352212792
1743941.jpeg,23-5-1965,0.332606851,V.Sjælland Røsnæs Kongstrup Kl,0.220318278
1709461.jpeg,26.9.1931,0.432418915,Virklund,0.303792058
1706810.jpeg,10 /8 1968,0.280918460,Jylland Ringkøbing: Vedersø Klit,0.238438921
1705594.jpeg,5.6.1976,0.691454986,ENDELAVE | DANMARK,0.208732949
1744556.jpeg,MISSING,0.719081540,Kb,0.945738102
1707559.jpeg,26-6-1955,0.548569263,Lindholm,0.819487724
1707414.jpeg,20.5.95,0.267253713,Funder,0.778196423
1743513.jpeg,MISSING,0.743143377,MISSING,0.469551379
1707437.jpeg,9/5-20.,0.560451652,Børstinge Mose,0.411624735
1705458.jpeg,MISSING,0.988811761,Veilø Bugt,0.383998181
1743041.jpeg,26.9.1922,0.369442255,Dyreh.,0.709278569
1708886.jpeg,13.10.1991,0.483216126,Marselisborg,0.597881176
1708834.jpeg,MISSING,0.828993634,MISSING,0.504307366
1707855.jpeg,23-5-1965,0.261015459,Kongstrup Klint,0.279136102
1707557.jpeg,26-6-1955,0.548866323,Lindholm,0.819784783
1707255.jpeg,MISSING,0.905040921,Dyrehaven,0.085156108
1707850.jpeg,23 Mai 1888,0.261609579,Skanderborg,0.364986360
1706028.jpeg,19.V.2022,0.651351925,"Denmark: Samsø: EJ: Følsdal Bakke, 55.9922N, 10.5515E, h30m",0.189721128
1708909.jpeg,22.8.1915,0.478760230,Horsens,0.888108518
1706932.jpeg,19/5 1870,0.277650803,Dyrehaven,0.796911185
1710335.jpeg,23-6-1961,0.407762958,"MidtJylland Galgehøj, Hjarbæk",0.226556532
1707069.jpeg,25/6 41,0.067926644,MISSING,0.547678084
1742747.jpeg,MISSING,0.757996363,Øbjerggård,0.449945438
1707379.jpeg,MISSING,0.194474083,MISSING,0.374789330
1742762.jpeg,8/5.1870,0.146350409,Dyrehaven | Kb,0.347756896
1707709.jpeg,Juli 1877,0.263391937,Esbjerg,0.201009397
1708660.jpeg,MISSING,0.845034859,MISSING,0.517675053
1705759.jpeg,24-5-1915,0.676899060,Skagen,0.910685056
1709031.jpeg,29/8.1902,0.241112458,Strandbyskoven - ved Østersøen,0.130903304
1707545.jpeg,MISSING,0.887514398,MISSING,0.534607457
1707456.jpeg,12-6-50.,0.556589876,Jægerspris,0.684919673
1706147.jpeg,MISSING,0.948411640,Danmark | Bo,0.388454077
1705970.jpeg,MISSING,0.196256441,MISSING,0.562828130
1707896.jpeg,15-10-1974,0.529854501,Østbirk,0.618675356
1709286.jpeg,MISSING,0.809090634,Kb,0.962373446
1743755.jpeg,13/7 1930.,0.359342225,Tærø.,0.358748105
1706437.jpeg,14/6.1871,0.286859654,Dronninglund Agerndal,0.025150045
1707902.jpeg,12.IV.2011,0.528369203,Sukkertoppen EJ,0.329636253
1744610.jpeg,Jun 96 | 15/4 97 | 5/7 02,0.010297060,Nykjøbing F.,0.015050015
1705765.jpeg,23-5-1915,0.675710821,Skagen,0.909496817
1743495.jpeg,6/1862.,0.212891785,Ti | Kulhuset Jægerspris,0.127635647
1708758.jpeg,10/1873,0.119317975,Rask Horsens | Ho,0.210515308
1743984.jpeg,29.V.1986,0.330230373,WJ: Nørholm Skov,0.260124280
1708883.jpeg,26-10-1972,0.483810246,Marselisborg Dyrh.,0.109515005
1705516.jpeg,MISSING,0.981979388,MISSING,0.572334041
1707766.jpeg,MISSING,0.872364353,Øbjerggård,0.041191270
1709160.jpeg,MISSING,0.814734768,MISSING,0.495692634
1709814.jpeg,12.IV.2011,0.420239467,Sukkertoppen EJ,0.328150955
1707073.jpeg,MISSING,0.916626250,MISSING,0.547083965
1709328.jpeg,13-4-49.,0.451430737,Dyrehaven,0.668581388
1743866.jpeg,26-6-1909,0.342706881,Silkeborg,0.712843286
1706906.jpeg,5-5.1916,0.278839042,Hansted Skov,0.377759927
1708679.jpeg,11/10 1925,0.184968172,"Sjæll., Gladsaxe",0.165956350
1707114.jpeg,17-19.8.1934.,0.580948772,Dyrehaven,0.758887542
1706449.jpeg,17/6 1871.,0.118723856,Jydske Aas.,0.346271597
1743046.jpeg,25.9.1921,0.368254016,Dyrehaven,0.714922704
1743938.jpeg,30.10 1964,0.332903910,V.Sjælland Røsnæs Kongstrup Kl,0.212891785
1743835.jpeg,1931,0.206653531,Vorsø,0.625210670
1707866.jpeg,MISSING,0.860184905,MISSING,0.525695665
1709812.jpeg,16.1.1988,0.420833586,Klostermølle EJ,0.287453774
1706249.jpeg,9-6-1971,0.291909670,Kringelrøn | Læsø,0.205465293
1705500.jpeg,13/5.1870,0.310624432,Aldershvile,0.435389512
1709000.jpeg,MISSING,0.820675962,MISSING,0.500742649
1708002.jpeg,MISSING,0.851867232,Lolland,0.859293725
1707050.jpeg,21-5-49.,0.586592907,Eremitagen,0.632934222
1709308.jpeg,MISSING,0.190612307,MISSING,0.371521673
1742993.jpeg,14.5-1953,0.214080024,Kulhuse,0.845331919
1709080.jpeg,19-9-26,0.042082449,Klosterhed,0.055450136
1707901.jpeg,12.IV.2011,0.528666263,Sukkertoppen EJ,0.385780540
1708831.jpeg,MISSING,0.829884814,MISSING,0.505198545
1709371.jpeg,12-10-1952,0.449054259,Dyrehaven,0.727102152
1742767.jpeg,MISSING,0.754134586,Kb,0.951382237
1707419.jpeg,7/7.1906,0.017723553,Lønstrup,0.017129433
1744690.jpeg,10-5-1956,0.198335859,Kongelunden,0.637687178
1709943.jpeg,16/7.1907,0.414298272,Kjeldskov ved stranden,0.153479842
1743773.jpeg,9/8 1930.,0.356965747,"Jyll., Velling",0.219130039
1710352.jpeg,26-8-1956,0.403307063,Nekselø S.,0.676602001
1705421.jpeg,25.6.1913.,0.704525614,Ermelunden,0.048023644
1710376.jpeg,30.7-44,0.220912398,DANMARK | Kongelund,0.156747499
1743032.jpeg,11. 5. 1982.,0.370927554,Grib skov,0.715813883
1706074.jpeg,17.6.1934,0.181997575,Halk,0.940688087
1742830.jpeg,11-5-84,0.044161867,MISSING,0.150806305
1708678.jpeg,MISSING,0.844440740,Asbo Esbjerg,0.276165505
1743774.jpeg,11/7 1926,0.356668687,"Skagen, Grenen",0.274086087
1706213.jpeg,17-6-1922,0.292800849,Dyrehaven,0.768690512
1709362.jpeg,16/4. 70,0.041191270,Dyreh.,0.015941194
1707075.jpeg,MISSING,0.916032131,MISSING,0.546489845
1705901.jpeg,2/6 1929. | 2/6 29,0.117238557,Kirkeby Svendborg Amt | K,0.130606244
1709750.jpeg,MISSING,0.785028797,MISSING,0.484701425
1706261.jpeg,26.8.87.,0.630557745,Harboør,0.890782055
1707533.jpeg,14/9/72,0.029308881,MISSING,0.537280994
1709833.jpeg,28.7.1923,0.418754168,Thorsager,0.721755077
1743926.jpeg,1974 maj 5-15,0.016238254,Vestjyll. Tipperne,0.312406790
1707909.jpeg,10. 6. 30,0.527180964,Frejlev,0.396474689
1706204.jpeg,7-6-1922,0.076244316,Dyrehaven,0.576195817
1708471.jpeg,MISSING,0.847114277,MISSING,0.519754471
1709299.jpeg,2/5. 1910,0.456777811,Vester Ulslev,0.430339497
1708792.jpeg,10/73,0.246459533,Rask Horsens,0.389939376
1743782.jpeg,13-8-36.,0.356074568,Hindsholm,0.642737193
1707689.jpeg,MISSING,0.706010912,Tiis-Sø,0.262203698
1728591.jpeg,27-V-1978,0.383998181,Halk,0.032279479
1707112.jpeg,3.9.1924.,0.272006669,Dyrehaven,0.367659897
1709213.jpeg,21.10.31,0.095256138,Dyrehaven,0.588672325
1708047.jpeg,27.4.57.,0.046538345,Dyreh.,0.831964232
1744589.jpeg,Juli 1820.,0.201009397,Sielland,0.712249166
1728522.jpeg,10/5-1935. | 10/5 35,0.217644741,Rudkøbing Svendborg Amt | Ru,0.247647772
1706448.jpeg,14/6.1871,0.285374356,Dronninglund,0.419942407
1707316.jpeg,30.5.12,0.122585632,Søllerød,0.828993634
1707043.jpeg,5-6-1922,0.587484086,Dyrehaven,0.761858139
1709793.jpeg,6.5.1978.,0.423210064,Svinø strand,0.445192483
1706794.jpeg,10/8 1945,0.162688694,Roden Skov Lolland,0.208435890
1743499.jpeg,26/1862,0.041785390,Ti | Kulhuset Jægerspris,0.124665050
1706772.jpeg,29-7-1908,0.056935435,Rungsted,0.646598969
1709383.jpeg,1.5.1997,0.446677781,Dyrehaven,0.725022734
1709486.jpeg,MISSING,0.800475902,Dyrehaven,0.408357078
1742978.jpeg,MISSING,0.746411034,MISSING,0.471333737
1707046.jpeg,7-6-1922,0.273491967,Dyrehaven,0.761561079
1707945.jpeg,26/18.70,0.031685359,Dyrehaven,0.793940588
1705707.jpeg,17/8 1902,0.680760837,Vester Ulslev Haven,0.283591998
1709069.jpeg,11/9 1935. | 11/9 35,0.108326766,Thurø Svendborg Amt | To,0.103276751
1705999.jpeg,16/V 1998,0.182591694,Roslev NWJ,0.400930585
1743508.jpeg,MISSING,0.743440436,MISSING,0.469848439
1706767.jpeg,2/8 1922,0.050994241,"Vendsyssel, Dronninglund Storskov",0.125556229
1743592.jpeg,MISSING,0.730963928,MISSING,0.465986663
1707904.jpeg,26.9.1922,0.179621097,Dyrehaven,0.747599273
1708010.jpeg,4/5 1888,0.520645650,København,0.694128524
1708910.jpeg,22.8.1915,0.243785996,Tg. Horsens,0.036735374
1743548.jpeg,MISSING,0.738984541,Øbjerggård,0.351321613
1707185.jpeg,MISSING,0.911576235,MISSING,0.545598666
1707025.jpeg,12/7 1939. | 12/7 39,0.274383146,Ærø Svendborg Amt,0.081888451
1708783.jpeg,MISSING,0.834934829,V.-B.,0.011782358
1709059.jpeg,MISSING,0.815625947,Horsens,0.855134889
1705451.jpeg,29/5: 1870,0.063470749,Dyrehaven,0.698881479
1709925.jpeg,MISSING,0.775225826,MISSING,0.480245529
1707276.jpeg,20-VIII-1976,0.571145802,Maltrup,0.619863595
1707851.jpeg,23 Mai 1888,0.534607457,Skanderborg,0.364689300
1708440.jpeg,13-4-1963,0.504604426,Nødebohuse Halsnæs,0.298147924
1707820.jpeg,MISSING,0.867611397,Ti,0.968611701
1706462.jpeg,14/6.1871,0.131794483,Jydske As,0.644816611
1706026.jpeg,19.V.2022,0.651946044,"Denmark: Samsø: EJ: Følsdal Bakke, 55.9922N, 10.5515E, h30m",0.196850561
1743865.jpeg,12-5-1907,0.343003941,Donse,0.923458624
1744699.jpeg,5.11-6-1960,0.197147620,SV.Jylland Skallingen,0.257153683
1709996.jpeg,12.9.88,0.047429524,Stenvænge,0.113079721
1709555.jpeg,MISSING,0.786514095,MISSING,0.485889664
1709386.jpeg,12.IV.2011,0.446083662,Sukkertoppen EJ,0.385483480
1708346.jpeg,13/9 41,0.516783874,Ø. Assels Mors,0.299930282
1706518.jpeg,MISSING,0.928805699,S.,0.011188239
1708857.jpeg,1-11.1959,0.245568354,Silkeborg,0.791267051
1709325.jpeg,13-4-49,0.452321916,Dyrehaven,0.730666869
1706338.jpeg,MISSING,0.941579266,Ti,0.833449530
1743719.jpeg,11/5.1896,0.153182783,Nørlem Hede,0.313297969
1743806.jpeg,25-7-42,0.352509851,Kongsøre ved Isefj.,0.124367990
1708017.jpeg,MISSING,0.850976053,MISSING,0.524210367
1705957.jpeg,16.6.1929,0.659669597,Lellinge skov,0.418754168
1743932.jpeg,24.4.41.,0.334092149,Herlev,0.895535011
1709330.jpeg,23-10-57.,0.450836617,Eremitagen,0.678384359
1709966.jpeg,12.8.1937 | 12/8 37,0.168035768,Ærø Svendborg Amt,0.082482570
1707258.jpeg,MISSING,0.904446802,Dyrehaven,0.076838436
1743803.jpeg,20/7-1932,0.353103971,Skallingen,0.673037284
1708689.jpeg,18.10.41.,0.499554410,Herlev,0.902070324
1706472.jpeg,MISSING,0.934152774,Al,0.832855411
1708998.jpeg,MISSING,0.820973022,MISSING,0.501039709
1709318.jpeg,12-5-1907,0.454104274,Donse,0.924646863
1705897.jpeg,7/7 1930.,0.668284329,Langø.,0.701852076
1707706.jpeg,20/6 75,0.097335556,Jydske hede,0.032873598
1708830.jpeg,MISSING,0.830181873,MISSING,0.505495605
1705843.jpeg,MISSING,0.961185208,Lolland,0.874146711
1706219.jpeg,17-6-1922,0.077432555,Dyrehaven,0.768096393
1705995.jpeg,23-7-44,0.656401940,Stasevang | DANMARK,0.301712640
1708815.jpeg,MISSING,0.833449530,MISSING,0.508466202
1708874.jpeg,26-10-1972,0.184374053,Marselisborg Dyreh.,0.272600788
1706022.jpeg,19.V.2022,0.652540164,"Denmark: Samsø: EJ: Følsdal Bakke, 55.9922N, 10.5515E, h30m",0.197147620
1743584.jpeg,MISSING,0.732449227,Boserup,0.886623219
1708455.jpeg,26/9 75,0.067332525,MISSING,0.522725068
1743814.jpeg,16.6.1929,0.351024553,Lellinge skov,0.418457108
1705448.jpeg,29/5.1870,0.700960897,Dyrehaven,0.589860564
1743545.jpeg,MISSING,0.739578660,Øbjerggård,0.306168536
1707461.jpeg,2.6.1943,0.555401637,Dyrehaven,0.752055168
1709440.jpeg,26.9.1917,0.231309488,Aagesholm,0.785919976
1743785.jpeg,2/9 1944,0.355480449,Sose Odde,0.434795393
1744459.jpeg,27.6.1903,0.152588663,Esbjerg,0.885732040
1705983.jpeg,8-7-1951,0.658481358,Nivå,0.937123371
1707988.jpeg,MISSING,0.854540770,Kb,0.967126402
1743567.jpeg,3/7.1872,0.151994544,Næstved,0.844143680
1709759.jpeg,10/97,0.140409215,Klakring,0.387265838
1707764.jpeg,MISSING,0.872661413,Øbjerggård,0.038220673
1706975.jpeg,MISSING,0.923161564,Kb,0.973364656
1743196.jpeg,5.11-6-1960,0.213188845,SV.Jylland Skallingen,0.257450743
1710325.jpeg,13-7-1951,0.408654138,Dragstrup,0.626101849
1707101.jpeg,31.V.1986,0.581542892,Høstemark sk. NEJ,0.251509548
1742858.jpeg,1/6 1933,0.214377084,Saltholm,0.811764171
1709736.jpeg,10-5-63,0.429151258,Faxe,0.933558654
1708084.jpeg,9-5-1971,0.517972113,Jægerspr. N.Sj,0.065253107
